Username,Password,Email,Name,DOB,VisitDate,VisitFrequency,DoctorName,ReasonForVisit,DiagnosisName,IsChronic,Severity,ProgressScore,MedicineName,Dosage,Frequency,Duration,BP,HeartRate,Temp,SpO2,Notes
user1,Pass@7293,alfredthomas@example.com,David Morales,1950-11-26,2026-01-13,2,Dr. Anil Kumar,Headache,Diabetes,False,High,57,Atorvastatin,2 tablets,Once,10 days,126/68,87,100.2,96,Run item full marriage answer place black worry.
user1,Pass@7293,alfredthomas@example.com,David Morales,1950-11-26,2026-02-25,2,Dr. Kavita Reddy,Injury,Hypertension,False,Medium,59,Amlodipine,2 tablets,Twice,4 days,121/61,72,100.5,96,Tv general think war against girl tend.
user2,Pass@1951,kevin97@example.net,Denise Navarro,1974-11-10,2025-11-02,3,Dr. Neha Verma,Chest Pain,Hypertension,True,Medium,46,Metformin,2 tablets,Thrice,8 days,107/73,87,100.8,99,What contain prevent compare.
user2,Pass@1951,kevin97@example.net,Denise Navarro,1974-11-10,2025-12-27,3,Dr. Anil Kumar,Injury,Asthma,True,Low,43,Atorvastatin,2 tablets,Once,7 days,126/86,96,99.7,98,Mother such analysis consider form meet.
user2,Pass@1951,kevin97@example.net,Denise Navarro,1974-11-10,2026-03-02,3,Dr. Neha Verma,Headache,Diabetes,True,Low,43,Levothyroxine,1 tablets,Twice,7 days,109/86,99,97.6,96,Behind second nice tell.
user3,Pass@8947,amartinez@example.org,Beverly Sanchez DDS,1984-10-01,2025-08-20,3,Dr. Anil Kumar,Chest Pain,Migraine,True,Medium,52,Salbutamol,1 tablets,Once,5 days,117/82,100,97.7,93,Matter chance leave several poor change trade.
user3,Pass@8947,amartinez@example.org,Beverly Sanchez DDS,1984-10-01,2025-09-19,3,Dr. Kavita Reddy,Chest Pain,Cardiac Issue,True,High,55,Paracetamol,1 tablets,Thrice,6 days,107/82,89,97.3,97,Executive politics management wait.
user3,Pass@8947,amartinez@example.org,Beverly Sanchez DDS,1984-10-01,2025-12-22,3,Dr. Anil Kumar,Injury,Cardiac Issue,True,Low,65,Atorvastatin,1 tablets,Once,9 days,104/67,63,100.7,100,Husband yourself soldier side reach stay its.
user4,Pass@2294,michele04@example.org,Caleb Robbins,1977-02-28,2025-10-26,2,Dr. Kavita Reddy,Injury,Cardiac Issue,False,Medium,33,Salbutamol,2 tablets,Twice,7 days,135/72,88,100.7,96,Nearly usually safe product subject story sort actually.
user4,Pass@2294,michele04@example.org,Caleb Robbins,1977-02-28,2025-11-25,2,Dr. Neha Verma,Chest Pain,Hypertension,False,Low,38,Levothyroxine,2 tablets,Twice,8 days,113/75,76,98.2,95,Tv air significant fine yes different.
user5,Pass@4022,angelicasherman@example.net,Adam Coleman Jr.,1969-03-27,2025-09-03,6,Dr. Priya Sharma,Injury,Cardiac Issue,False,Medium,38,Levothyroxine,2 tablets,Twice,7 days,134/60,69,98.1,100,Animal cost discuss his film.
user5,Pass@4022,angelicasherman@example.net,Adam Coleman Jr.,1969-03-27,2025-09-03,6,Dr. Neha Verma,Chest Pain,Diabetes,False,Medium,50,Amlodipine,2 tablets,Once,5 days,140/70,67,98.3,94,Stand care question course.
user5,Pass@4022,angelicasherman@example.net,Adam Coleman Jr.,1969-03-27,2025-10-11,6,Dr. Kavita Reddy,Skin Issue,Hypertension,False,High,42,Amlodipine,1 tablets,Once,10 days,135/77,83,98.2,96,Eight teacher up sport across hope strategy.
user5,Pass@4022,angelicasherman@example.net,Adam Coleman Jr.,1969-03-27,2025-12-02,6,Dr. Anil Kumar,Follow-up,Thyroid Disorder,False,Medium,61,Paracetamol,2 tablets,Once,3 days,139/74,67,99.0,100,Particular shake big such mouth improve.
user5,Pass@4022,angelicasherman@example.net,Adam Coleman Jr.,1969-03-27,2026-01-13,6,Dr. Anil Kumar,Routine Checkup,Migraine,False,Low,53,Paracetamol,2 tablets,Once,3 days,115/75,87,100.5,94,Focus hotel factor city.
user5,Pass@4022,angelicasherman@example.net,Adam Coleman Jr.,1969-03-27,2026-01-23,6,Dr. Priya Sharma,Routine Checkup,Diabetes,False,Medium,59,Atorvastatin,2 tablets,Twice,10 days,140/70,96,100.5,96,Your exist involve someone industry outside green.
user6,Pass@2471,edwardsemily@example.com,Theresa Smith,1962-10-25,2025-11-08,3,Dr. Rajesh Singh,Routine Checkup,Thyroid Disorder,False,High,59,Salbutamol,2 tablets,Thrice,8 days,115/77,65,98.0,93,Follow suggest whom.
user6,Pass@2471,edwardsemily@example.com,Theresa Smith,1962-10-25,2025-11-26,3,Dr. Priya Sharma,Cough,Hypertension,False,Medium,54,Salbutamol,2 tablets,Thrice,5 days,111/69,85,98.1,92,House real president economic.
user6,Pass@2471,edwardsemily@example.com,Theresa Smith,1962-10-25,2026-01-17,3,Dr. Priya Sharma,Injury,Cardiac Issue,False,Low,68,Paracetamol,1 tablets,Once,6 days,100/72,70,99.5,97,Member after challenge each long Mr catch.
user7,Pass@3920,james56@example.org,Michelle Yates,1995-12-02,2025-10-05,4,Dr. Neha Verma,Fever,Asthma,False,High,54,Amlodipine,2 tablets,Thrice,6 days,113/63,96,97.5,95,Their game try record character leg whose government.
user7,Pass@3920,james56@example.org,Michelle Yates,1995-12-02,2025-12-19,4,Dr. Kavita Reddy,Follow-up,Cardiac Issue,False,Medium,66,Atorvastatin,1 tablets,Thrice,5 days,120/87,80,99.0,96,Event threat move trouble thing song.
user7,Pass@3920,james56@example.org,Michelle Yates,1995-12-02,2026-03-12,4,Dr. Priya Sharma,Headache,Diabetes,False,Medium,63,Amlodipine,2 tablets,Thrice,6 days,115/86,72,97.7,95,Difference project growth newspaper clearly.
user7,Pass@3920,james56@example.org,Michelle Yates,1995-12-02,2026-04-07,4,Dr. Neha Verma,Cough,Cardiac Issue,False,High,62,Salbutamol,1 tablets,Thrice,8 days,113/81,94,99.4,100,Religious them meet outside perhaps cover discuss.
user8,Pass@9782,shericarlson@example.net,Monique Shah,1979-05-04,2025-11-18,5,Dr. Neha Verma,Headache,Cardiac Issue,True,Low,38,Levothyroxine,1 tablets,Once,9 days,102/66,73,99.5,97,Something teacher information value write.
user8,Pass@9782,shericarlson@example.net,Monique Shah,1979-05-04,2025-12-04,5,Dr. Rajesh Singh,Chest Pain,Migraine,True,High,54,Metformin,2 tablets,Twice,6 days,108/87,82,99.6,97,True all arm senior.
user8,Pass@9782,shericarlson@example.net,Monique Shah,1979-05-04,2026-02-15,5,Dr. Neha Verma,Chest Pain,Hypertension,True,Medium,54,Salbutamol,2 tablets,Thrice,4 days,139/85,65,99.7,95,Main middle six south even film.
user8,Pass@9782,shericarlson@example.net,Monique Shah,1979-05-04,2026-02-17,5,Dr. Rajesh Singh,Routine Checkup,Diabetes,True,Low,62,Amlodipine,1 tablets,Twice,10 days,135/68,94,97.5,95,Court level candidate herself else which rest many.
user8,Pass@9782,shericarlson@example.net,Monique Shah,1979-05-04,2026-02-26,5,Dr. Kavita Reddy,Headache,Asthma,True,High,56,Levothyroxine,2 tablets,Once,7 days,138/60,92,97.8,97,Southern medical they cut.
user9,Pass@1495,christina14@example.com,Edward Hale,2001-11-15,2026-01-14,2,Dr. Anil Kumar,Follow-up,Diabetes,True,High,57,Atorvastatin,1 tablets,Twice,5 days,136/79,95,98.0,92,Issue particular describe third else reveal identify some.
user9,Pass@1495,christina14@example.com,Edward Hale,2001-11-15,2026-02-06,2,Dr. Rajesh Singh,Skin Issue,Thyroid Disorder,True,Low,61,Metformin,1 tablets,Thrice,6 days,131/73,89,97.6,94,Policy bank paper low.
user10,Pass@9168,norrisjessica@example.net,Phillip Hall,1954-11-13,2025-11-02,2,Dr. Priya Sharma,Fever,Thyroid Disorder,False,High,40,Levothyroxine,2 tablets,Thrice,10 days,114/67,99,98.7,96,Item door list cold industry member.
user10,Pass@9168,norrisjessica@example.net,Phillip Hall,1954-11-13,2026-03-04,2,Dr. Rajesh Singh,Fever,Thyroid Disorder,False,Medium,48,Atorvastatin,2 tablets,Twice,5 days,131/89,90,100.4,94,Lose against analysis move.
user11,Pass@4354,nathan87@example.com,Brian Wang,1985-01-19,2025-10-08,6,Dr. Kavita Reddy,Cough,Cardiac Issue,False,High,41,Atorvastatin,1 tablets,Thrice,5 days,131/88,80,99.7,94,Wonder wear huge stock white learn realize.
user11,Pass@4354,nathan87@example.com,Brian Wang,1985-01-19,2025-10-22,6,Dr. Priya Sharma,Headache,Cardiac Issue,False,High,44,Amlodipine,1 tablets,Twice,3 days,100/88,80,99.2,97,Front door large style cell center computer.
user11,Pass@4354,nathan87@example.com,Brian Wang,1985-01-19,2026-02-19,6,Dr. Kavita Reddy,Skin Issue,Asthma,False,Medium,55,Levothyroxine,2 tablets,Thrice,7 days,101/86,60,99.7,93,West interesting before agency son result Republican.
user11,Pass@4354,nathan87@example.com,Brian Wang,1985-01-19,2026-03-05,6,Dr. Neha Verma,Follow-up,Diabetes,False,Low,53,Paracetamol,2 tablets,Twice,4 days,117/61,85,99.7,98,Difference finish free role director positive.
user11,Pass@4354,nathan87@example.com,Brian Wang,1985-01-19,2026-03-07,6,Dr. Neha Verma,Chest Pain,Migraine,False,High,50,Metformin,2 tablets,Thrice,7 days,130/90,93,100.0,94,Care final pass firm many between behind.
user11,Pass@4354,nathan87@example.com,Brian Wang,1985-01-19,2026-03-19,6,Dr. Kavita Reddy,Injury,Hypertension,False,Low,49,Levothyroxine,1 tablets,Once,5 days,109/61,67,98.7,98,Meeting owner right environmental like collection.
user12,Pass@5390,michaelwarren@example.net,Heather Knight,1952-09-19,2025-09-07,6,Dr. Rajesh Singh,Skin Issue,Migraine,False,High,62,Amlodipine,2 tablets,Once,8 days,104/60,66,99.7,98,Him item among free decade game dream.
user12,Pass@5390,michaelwarren@example.net,Heather Knight,1952-09-19,2025-11-14,6,Dr. Neha Verma,Injury,Hypertension,False,High,72,Salbutamol,1 tablets,Thrice,3 days,125/81,80,100.0,99,Natural water attack everybody pressure people.
user12,Pass@5390,michaelwarren@example.net,Heather Knight,1952-09-19,2026-01-13,6,Dr. Anil Kumar,Injury,Asthma,False,Medium,66,Atorvastatin,1 tablets,Twice,7 days,104/62,83,99.0,98,Social try student.
user12,Pass@5390,michaelwarren@example.net,Heather Knight,1952-09-19,2026-01-16,6,Dr. Neha Verma,Chest Pain,Thyroid Disorder,False,Low,77,Atorvastatin,1 tablets,Once,4 days,101/79,89,100.6,94,Protect road best artist.
user12,Pass@5390,michaelwarren@example.net,Heather Knight,1952-09-19,2026-03-12,6,Dr. Rajesh Singh,Cough,Asthma,False,Low,68,Atorvastatin,2 tablets,Thrice,6 days,115/84,62,99.0,95,Individual yet no.
user12,Pass@5390,michaelwarren@example.net,Heather Knight,1952-09-19,2026-03-20,6,Dr. Anil Kumar,Injury,Hypertension,False,Low,72,Metformin,2 tablets,Thrice,6 days,138/68,67,100.9,100,Step artist become wind rise.
user13,Pass@3019,osullivan@example.com,Rachel Hicks,2005-04-15,2025-09-22,4,Dr. Neha Verma,Injury,Asthma,False,Medium,60,Levothyroxine,1 tablets,Once,6 days,123/65,72,97.9,94,Political civil million majority at star no.
user13,Pass@3019,osullivan@example.com,Rachel Hicks,2005-04-15,2025-11-08,4,Dr. Neha Verma,Headache,Hypertension,False,High,68,Levothyroxine,1 tablets,Thrice,5 days,115/74,88,100.7,97,Happen your be expert course.
user13,Pass@3019,osullivan@example.com,Rachel Hicks,2005-04-15,2025-12-03,4,Dr. Anil Kumar,Skin Issue,Cardiac Issue,False,Low,67,Levothyroxine,2 tablets,Once,10 days,101/61,80,100.2,99,Property certain employee while involve brother.
user13,Pass@3019,osullivan@example.com,Rachel Hicks,2005-04-15,2025-12-17,4,Dr. Priya Sharma,Headache,Diabetes,False,Medium,65,Paracetamol,1 tablets,Thrice,10 days,123/85,72,99.0,95,Contain really actually last.
user14,Pass@8034,kyle19@example.net,Mr. Joshua Ray,1953-10-06,2025-12-03,4,Dr. Rajesh Singh,Injury,Thyroid Disorder,False,Medium,39,Paracetamol,1 tablets,Twice,7 days,139/83,64,99.3,100,Model likely point pattern mouth after administration.
user14,Pass@8034,kyle19@example.net,Mr. Joshua Ray,1953-10-06,2026-01-07,4,Dr. Priya Sharma,Cough,Hypertension,False,Low,31,Paracetamol,2 tablets,Thrice,8 days,124/74,77,99.4,94,Movie front recently town huge.
user14,Pass@8034,kyle19@example.net,Mr. Joshua Ray,1953-10-06,2026-03-10,4,Dr. Kavita Reddy,Headache,Hypertension,False,Medium,45,Salbutamol,1 tablets,Twice,5 days,132/88,94,98.4,98,Page final reveal hear identify.
user14,Pass@8034,kyle19@example.net,Mr. Joshua Ray,1953-10-06,2026-03-21,4,Dr. Priya Sharma,Headache,Migraine,False,High,46,Amlodipine,2 tablets,Thrice,8 days,125/78,60,101.0,100,Factor kind half kitchen morning room.
user15,Pass@9276,kwillis@example.org,Megan Morrison,1999-07-12,2025-12-06,2,Dr. Anil Kumar,Headache,Cardiac Issue,True,Low,71,Salbutamol,2 tablets,Thrice,9 days,112/79,64,98.8,99,Prove money science then.
user15,Pass@9276,kwillis@example.org,Megan Morrison,1999-07-12,2026-01-04,2,Dr. Priya Sharma,Cough,Asthma,True,Low,63,Metformin,1 tablets,Twice,10 days,105/82,73,100.1,100,Group Mrs career hold so opportunity.
user16,Pass@3329,kathleendunn@example.com,Shannon Jackson,1964-09-11,2025-09-30,3,Dr. Kavita Reddy,Fever,Migraine,True,Low,49,Amlodipine,2 tablets,Twice,7 days,105/62,66,97.5,98,Drop she daughter nation score wait.
user16,Pass@3329,kathleendunn@example.com,Shannon Jackson,1964-09-11,2025-10-05,3,Dr. Neha Verma,Routine Checkup,Migraine,True,High,41,Paracetamol,2 tablets,Once,10 days,103/89,70,97.4,93,Address best yes general draw ten morning.
user16,Pass@3329,kathleendunn@example.com,Shannon Jackson,1964-09-11,2025-10-22,3,Dr. Kavita Reddy,Routine Checkup,Migraine,True,High,50,Atorvastatin,1 tablets,Thrice,9 days,102/79,78,100.6,100,Wish long thousand during.
user17,Pass@3536,josephreid@example.net,Monica Franco,1988-01-11,2025-11-15,2,Dr. Rajesh Singh,Chest Pain,Migraine,False,Medium,70,Atorvastatin,1 tablets,Twice,8 days,123/89,95,98.7,100,New practice collection ok course.
user17,Pass@3536,josephreid@example.net,Monica Franco,1988-01-11,2026-03-16,2,Dr. Anil Kumar,Headache,Diabetes,False,Medium,73,Paracetamol,2 tablets,Once,4 days,101/79,100,99.4,97,Begin than medical control.
user18,Pass@8687,andersonjesus@example.com,Ashley Lewis,1997-01-16,2025-10-18,3,Dr. Rajesh Singh,Routine Checkup,Diabetes,False,Medium,57,Metformin,1 tablets,Thrice,6 days,134/86,70,98.9,95,East career eye son rise many.
user18,Pass@8687,andersonjesus@example.com,Ashley Lewis,1997-01-16,2025-10-25,3,Dr. Priya Sharma,Headache,Thyroid Disorder,False,Low,61,Salbutamol,1 tablets,Thrice,5 days,119/85,73,98.6,96,Itself article become bad prevent.
user18,Pass@8687,andersonjesus@example.com,Ashley Lewis,1997-01-16,2025-12-18,3,Dr. Kavita Reddy,Routine Checkup,Asthma,False,Medium,69,Levothyroxine,1 tablets,Thrice,7 days,123/82,69,98.6,95,Growth occur add health.
user19,Pass@1666,kwilliams@example.com,Brandon Hill DDS,1993-06-08,2025-08-24,6,Dr. Rajesh Singh,Skin Issue,Asthma,False,Low,46,Metformin,1 tablets,Once,9 days,123/85,75,99.8,98,Trip end type book data.
user19,Pass@1666,kwilliams@example.com,Brandon Hill DDS,1993-06-08,2025-10-20,6,Dr. Kavita Reddy,Routine Checkup,Asthma,False,Low,53,Atorvastatin,1 tablets,Twice,8 days,124/64,63,98.4,92,Expect down back suffer author.
user19,Pass@1666,kwilliams@example.com,Brandon Hill DDS,1993-06-08,2025-11-04,6,Dr. Neha Verma,Injury,Hypertension,False,Medium,44,Atorvastatin,2 tablets,Once,8 days,129/82,97,97.4,96,Forward executive future picture fine enough example.
user19,Pass@1666,kwilliams@example.com,Brandon Hill DDS,1993-06-08,2025-11-14,6,Dr. Neha Verma,Skin Issue,Cardiac Issue,False,High,53,Salbutamol,1 tablets,Once,9 days,122/61,83,98.7,95,Give cup learn or.
user19,Pass@1666,kwilliams@example.com,Brandon Hill DDS,1993-06-08,2025-12-09,6,Dr. Rajesh Singh,Chest Pain,Diabetes,False,Medium,49,Amlodipine,1 tablets,Once,9 days,110/79,81,98.1,100,Book exactly stand western manage.
user19,Pass@1666,kwilliams@example.com,Brandon Hill DDS,1993-06-08,2026-02-19,6,Dr. Anil Kumar,Routine Checkup,Diabetes,False,Medium,65,Metformin,1 tablets,Thrice,10 days,130/85,79,100.2,98,Stop appear public bit all increase never.
user20,Pass@8603,russellmary@example.com,Christopher Thomas,1957-12-19,2025-08-31,6,Dr. Kavita Reddy,Fever,Cardiac Issue,False,High,49,Levothyroxine,2 tablets,Thrice,9 days,118/67,97,97.1,93,Model use main during.
user20,Pass@8603,russellmary@example.com,Christopher Thomas,1957-12-19,2025-09-16,6,Dr. Priya Sharma,Chest Pain,Diabetes,False,Medium,60,Amlodipine,2 tablets,Thrice,10 days,134/83,65,99.7,99,Protect police citizen page create capital.
user20,Pass@8603,russellmary@example.com,Christopher Thomas,1957-12-19,2025-10-25,6,Dr. Neha Verma,Cough,Cardiac Issue,False,High,61,Atorvastatin,2 tablets,Once,6 days,133/67,67,98.9,92,Skill sea several serious.
user20,Pass@8603,russellmary@example.com,Christopher Thomas,1957-12-19,2025-11-07,6,Dr. Priya Sharma,Fever,Asthma,False,Low,69,Levothyroxine,1 tablets,Thrice,8 days,106/61,61,100.1,95,Fact office wait fund culture what.
user20,Pass@8603,russellmary@example.com,Christopher Thomas,1957-12-19,2026-01-25,6,Dr. Anil Kumar,Chest Pain,Asthma,False,High,70,Salbutamol,1 tablets,Once,10 days,110/63,95,97.1,98,Thousand anything contain business imagine.
user20,Pass@8603,russellmary@example.com,Christopher Thomas,1957-12-19,2026-03-25,6,Dr. Anil Kumar,Chest Pain,Hypertension,False,Low,69,Atorvastatin,2 tablets,Twice,8 days,109/73,88,98.1,100,Cover friend in friend my bad.
user21,Pass@7489,kristen48@example.org,James Thomas,1962-03-02,2025-12-16,2,Dr. Anil Kumar,Routine Checkup,Cardiac Issue,False,Medium,53,Metformin,2 tablets,Thrice,9 days,114/81,86,100.4,96,Resource front sense prevent boy.
user21,Pass@7489,kristen48@example.org,James Thomas,1962-03-02,2026-03-10,2,Dr. Kavita Reddy,Follow-up,Diabetes,False,Medium,63,Atorvastatin,1 tablets,Twice,3 days,131/80,92,98.7,100,Answer after knowledge trip generation teach she.
user22,Pass@7720,jonathan75@example.com,Jill Summers,1974-01-10,2025-11-23,6,Dr. Kavita Reddy,Follow-up,Asthma,False,Low,34,Salbutamol,2 tablets,Thrice,7 days,131/64,90,98.9,97,Increase song finish everything.
user22,Pass@7720,jonathan75@example.com,Jill Summers,1974-01-10,2025-11-30,6,Dr. Kavita Reddy,Cough,Migraine,False,Low,45,Paracetamol,1 tablets,Once,3 days,101/77,77,98.7,96,Same threat democratic.
user22,Pass@7720,jonathan75@example.com,Jill Summers,1974-01-10,2026-01-11,6,Dr. Rajesh Singh,Injury,Migraine,False,Low,48,Levothyroxine,2 tablets,Thrice,4 days,100/90,88,99.9,97,Way report marriage apply real paper between.
user22,Pass@7720,jonathan75@example.com,Jill Summers,1974-01-10,2026-01-17,6,Dr. Anil Kumar,Chest Pain,Diabetes,False,Medium,38,Metformin,2 tablets,Once,5 days,140/81,94,97.8,96,Charge black figure respond person hour.
user22,Pass@7720,jonathan75@example.com,Jill Summers,1974-01-10,2026-02-06,6,Dr. Kavita Reddy,Fever,Asthma,False,Low,47,Amlodipine,2 tablets,Twice,7 days,123/70,64,99.9,96,Out around school capital.
user22,Pass@7720,jonathan75@example.com,Jill Summers,1974-01-10,2026-04-07,6,Dr. Rajesh Singh,Injury,Asthma,False,Low,42,Levothyroxine,2 tablets,Thrice,3 days,110/62,71,98.3,94,Level audience item power central imagine tree.
user23,Pass@1493,carol09@example.net,Christine Garrison,1984-10-16,2025-09-01,5,Dr. Kavita Reddy,Follow-up,Migraine,True,High,38,Paracetamol,1 tablets,Twice,9 days,114/74,74,100.8,93,Serious measure international bed evening later building.
user23,Pass@1493,carol09@example.net,Christine Garrison,1984-10-16,2025-09-24,5,Dr. Priya Sharma,Injury,Asthma,True,Medium,47,Salbutamol,1 tablets,Twice,5 days,133/88,82,100.1,98,Hand increase fine mother entire lawyer industry.
user23,Pass@1493,carol09@example.net,Christine Garrison,1984-10-16,2025-12-12,5,Dr. Priya Sharma,Skin Issue,Cardiac Issue,True,High,40,Salbutamol,1 tablets,Once,6 days,108/77,69,100.9,95,Student run above citizen respond five anything.
user23,Pass@1493,carol09@example.net,Christine Garrison,1984-10-16,2025-12-31,5,Dr. Anil Kumar,Fever,Migraine,True,Medium,55,Levothyroxine,2 tablets,Twice,5 days,111/68,94,97.5,96,Even owner best stuff image.
user23,Pass@1493,carol09@example.net,Christine Garrison,1984-10-16,2026-01-17,5,Dr. Neha Verma,Skin Issue,Thyroid Disorder,True,Low,54,Levothyroxine,1 tablets,Twice,5 days,136/68,100,98.5,94,At develop letter along risk paper.
user24,Pass@3274,smithhannah@example.net,Jeffrey Mccoy,1993-03-20,2025-09-09,3,Dr. Kavita Reddy,Cough,Hypertension,True,Low,50,Salbutamol,2 tablets,Once,5 days,135/63,72,100.1,99,Mother performance price remain.
user24,Pass@3274,smithhannah@example.net,Jeffrey Mccoy,1993-03-20,2026-01-08,3,Dr. Rajesh Singh,Routine Checkup,Asthma,True,Medium,48,Salbutamol,1 tablets,Once,6 days,111/74,95,97.4,100,Man attention every exactly increase such serve.
user24,Pass@3274,smithhannah@example.net,Jeffrey Mccoy,1993-03-20,2026-01-12,3,Dr. Neha Verma,Cough,Hypertension,True,High,50,Salbutamol,1 tablets,Thrice,9 days,114/71,81,99.5,96,Enough seven start everything half.
user25,Pass@5430,zacharyschneider@example.com,David Reid,1965-10-05,2025-08-19,6,Dr. Neha Verma,Cough,Thyroid Disorder,False,High,34,Paracetamol,2 tablets,Once,5 days,106/80,82,98.7,100,Capital positive issue then natural strategy hold.
user25,Pass@5430,zacharyschneider@example.com,David Reid,1965-10-05,2025-11-18,6,Dr. Neha Verma,Skin Issue,Thyroid Disorder,False,High,43,Salbutamol,1 tablets,Once,4 days,136/77,95,99.7,98,Too deep price mother affect.
user25,Pass@5430,zacharyschneider@example.com,David Reid,1965-10-05,2025-12-17,6,Dr. Neha Verma,Cough,Hypertension,False,Low,38,Paracetamol,1 tablets,Once,4 days,120/90,89,97.7,92,Cold whether per side exactly purpose collection newspaper.
user25,Pass@5430,zacharyschneider@example.com,David Reid,1965-10-05,2025-12-25,6,Dr. Anil Kumar,Headache,Cardiac Issue,False,Low,46,Amlodipine,2 tablets,Thrice,9 days,111/78,63,100.7,99,Trouble beat school behavior produce suffer week.
user25,Pass@5430,zacharyschneider@example.com,David Reid,1965-10-05,2026-01-06,6,Dr. Rajesh Singh,Fever,Diabetes,False,Low,53,Salbutamol,1 tablets,Thrice,6 days,126/68,63,99.6,100,Case price former then.
user25,Pass@5430,zacharyschneider@example.com,David Reid,1965-10-05,2026-01-30,6,Dr. Priya Sharma,Routine Checkup,Cardiac Issue,False,Medium,56,Salbutamol,1 tablets,Thrice,6 days,124/68,96,100.7,96,Laugh own section song put force.
user26,Pass@3550,gonzalezapril@example.org,Michael Peterson,1999-10-21,2025-10-22,3,Dr. Priya Sharma,Injury,Cardiac Issue,False,High,54,Salbutamol,1 tablets,Thrice,5 days,109/90,95,99.6,96,Moment sort history common home professor plant.
user26,Pass@3550,gonzalezapril@example.org,Michael Peterson,1999-10-21,2025-11-26,3,Dr. Priya Sharma,Follow-up,Hypertension,False,High,65,Amlodipine,1 tablets,Twice,9 days,104/74,98,99.0,99,Side tend notice red level enough meeting.
user26,Pass@3550,gonzalezapril@example.org,Michael Peterson,1999-10-21,2026-03-27,3,Dr. Priya Sharma,Headache,Asthma,False,High,62,Salbutamol,1 tablets,Twice,5 days,114/82,96,100.3,99,Cut hospital song suddenly.
user27,Pass@3194,gmccoy@example.org,Dr. Elizabeth Wang,1960-09-27,2025-10-05,3,Dr. Anil Kumar,Routine Checkup,Cardiac Issue,True,High,33,Metformin,1 tablets,Twice,5 days,123/73,66,100.1,98,Close brother again truth charge.
user27,Pass@3194,gmccoy@example.org,Dr. Elizabeth Wang,1960-09-27,2026-02-23,3,Dr. Anil Kumar,Routine Checkup,Asthma,True,High,41,Metformin,1 tablets,Thrice,3 days,134/86,88,97.8,100,Relate beyond our.
user27,Pass@3194,gmccoy@example.org,Dr. Elizabeth Wang,1960-09-27,2026-04-04,3,Dr. Priya Sharma,Injury,Cardiac Issue,True,Medium,51,Amlodipine,2 tablets,Thrice,3 days,127/77,78,100.9,97,Resource realize us seven.
user28,Pass@9986,paul52@example.com,Thomas Gonzalez MD,1962-07-20,2025-10-06,3,Dr. Anil Kumar,Headache,Migraine,True,High,62,Atorvastatin,1 tablets,Twice,9 days,105/87,79,99.1,92,School office behind daughter world fill she.
user28,Pass@9986,paul52@example.com,Thomas Gonzalez MD,1962-07-20,2025-10-15,3,Dr. Rajesh Singh,Routine Checkup,Migraine,True,Low,61,Amlodipine,2 tablets,Thrice,3 days,122/75,74,101.0,94,Try director adult garden sister price form.
user28,Pass@9986,paul52@example.com,Thomas Gonzalez MD,1962-07-20,2026-01-09,3,Dr. Priya Sharma,Skin Issue,Cardiac Issue,True,High,66,Amlodipine,2 tablets,Thrice,6 days,129/65,64,99.9,95,Item enough old.
user29,Pass@5552,simonerin@example.net,Elizabeth Tate,1972-10-16,2025-08-12,6,Dr. Neha Verma,Headache,Thyroid Disorder,False,Low,53,Metformin,2 tablets,Thrice,4 days,138/63,83,98.9,100,Mission air itself government student.
user29,Pass@5552,simonerin@example.net,Elizabeth Tate,1972-10-16,2025-11-16,6,Dr. Rajesh Singh,Skin Issue,Diabetes,False,Medium,63,Levothyroxine,2 tablets,Twice,9 days,125/71,67,100.7,100,Already family once difference nice.
user29,Pass@5552,simonerin@example.net,Elizabeth Tate,1972-10-16,2026-02-13,6,Dr. Neha Verma,Follow-up,Thyroid Disorder,False,Low,60,Atorvastatin,1 tablets,Thrice,8 days,134/75,82,98.3,99,Carry section system himself out.
user29,Pass@5552,simonerin@example.net,Elizabeth Tate,1972-10-16,2026-03-05,6,Dr. Kavita Reddy,Chest Pain,Migraine,False,High,57,Amlodipine,2 tablets,Thrice,10 days,137/84,65,100.7,92,Firm wrong which always beat specific recognize talk.
user29,Pass@5552,simonerin@example.net,Elizabeth Tate,1972-10-16,2026-03-28,6,Dr. Kavita Reddy,Skin Issue,Diabetes,False,Low,66,Levothyroxine,2 tablets,Twice,8 days,117/81,97,98.2,97,Strong late suffer.
user29,Pass@5552,simonerin@example.net,Elizabeth Tate,1972-10-16,2026-04-04,6,Dr. Kavita Reddy,Chest Pain,Hypertension,False,High,70,Paracetamol,2 tablets,Thrice,10 days,130/61,83,100.7,94,Deal foreign enter final street.
user30,Pass@6089,kayla33@example.net,Justin Hernandez,1973-12-23,2025-12-16,2,Dr. Priya Sharma,Injury,Diabetes,True,Low,52,Paracetamol,1 tablets,Twice,6 days,116/73,100,97.1,93,Wonder take still yes.
user30,Pass@6089,kayla33@example.net,Justin Hernandez,1973-12-23,2026-01-29,2,Dr. Kavita Reddy,Fever,Thyroid Disorder,True,High,60,Metformin,2 tablets,Once,6 days,125/82,70,97.1,95,Face day increase agreement behind.
user31,Pass@3134,marshalljay@example.org,Sharon Lopez,1959-03-19,2025-11-21,3,Dr. Rajesh Singh,Follow-up,Cardiac Issue,False,Low,59,Salbutamol,1 tablets,Thrice,6 days,121/72,82,97.9,94,Sport bar as themselves customer picture too of.
user31,Pass@3134,marshalljay@example.org,Sharon Lopez,1959-03-19,2026-02-03,3,Dr. Rajesh Singh,Chest Pain,Migraine,False,Medium,58,Amlodipine,1 tablets,Once,8 days,109/81,97,97.5,99,All ok the.
user31,Pass@3134,marshalljay@example.org,Sharon Lopez,1959-03-19,2026-04-03,3,Dr. Rajesh Singh,Routine Checkup,Thyroid Disorder,False,Low,70,Paracetamol,1 tablets,Thrice,7 days,127/81,74,99.0,95,Describe ago international crime than order.
user32,Pass@4827,mhart@example.org,Ricky Thompson,1993-08-05,2025-11-11,3,Dr. Rajesh Singh,Cough,Hypertension,False,Low,65,Metformin,1 tablets,Thrice,4 days,101/67,84,97.7,97,Beyond clear effect itself list election early.
user32,Pass@4827,mhart@example.org,Ricky Thompson,1993-08-05,2026-01-10,3,Dr. Rajesh Singh,Fever,Diabetes,False,Medium,61,Levothyroxine,2 tablets,Once,3 days,106/88,97,100.8,97,Give Democrat during instead reveal.
user32,Pass@4827,mhart@example.org,Ricky Thompson,1993-08-05,2026-01-18,3,Dr. Anil Kumar,Injury,Thyroid Disorder,False,Low,67,Paracetamol,1 tablets,Once,3 days,100/65,96,97.7,94,Country we on edge word yard.
user33,Pass@6925,cynthia96@example.net,Joseph Green,1991-07-19,2025-11-20,4,Dr. Rajesh Singh,Routine Checkup,Diabetes,True,Medium,53,Atorvastatin,1 tablets,Twice,9 days,116/79,89,98.7,94,Tough meeting country collection long.
user33,Pass@6925,cynthia96@example.net,Joseph Green,1991-07-19,2025-12-03,4,Dr. Kavita Reddy,Skin Issue,Asthma,True,Low,65,Salbutamol,1 tablets,Thrice,6 days,139/74,77,97.9,100,Bar different enter budget.
user33,Pass@6925,cynthia96@example.net,Joseph Green,1991-07-19,2026-01-13,4,Dr. Priya Sharma,Follow-up,Hypertension,True,Low,61,Levothyroxine,1 tablets,Once,5 days,113/60,63,98.6,97,Yes my air drug sure.
user33,Pass@6925,cynthia96@example.net,Joseph Green,1991-07-19,2026-02-06,4,Dr. Anil Kumar,Skin Issue,Thyroid Disorder,True,High,77,Levothyroxine,2 tablets,Thrice,3 days,125/68,70,99.4,95,Moment institution hope we ahead customer painting.
user34,Pass@5519,bbrennan@example.com,Todd Irwin,2001-01-28,2025-09-14,2,Dr. Kavita Reddy,Cough,Hypertension,False,Low,27,Paracetamol,1 tablets,Thrice,8 days,124/65,62,100.2,95,Nearly knowledge arm shake impact.
user34,Pass@5519,bbrennan@example.com,Todd Irwin,2001-01-28,2026-01-19,2,Dr. Neha Verma,Fever,Diabetes,False,High,39,Paracetamol,1 tablets,Twice,5 days,135/88,65,97.3,92,Many magazine each.
user35,Pass@3944,kellyvictoria@example.org,Angel Brown,1982-08-26,2025-08-13,6,Dr. Priya Sharma,Fever,Migraine,False,Medium,71,Metformin,2 tablets,Thrice,9 days,138/69,96,97.3,95,Recently cover center.
user35,Pass@3944,kellyvictoria@example.org,Angel Brown,1982-08-26,2025-09-04,6,Dr. Kavita Reddy,Injury,Migraine,False,High,71,Amlodipine,1 tablets,Twice,10 days,117/89,76,100.9,97,Across option join effort marriage year traditional.
user35,Pass@3944,kellyvictoria@example.org,Angel Brown,1982-08-26,2025-11-18,6,Dr. Rajesh Singh,Headache,Thyroid Disorder,False,Low,78,Amlodipine,1 tablets,Twice,8 days,139/78,73,100.3,97,Spend reduce nor yourself show prevent.
user35,Pass@3944,kellyvictoria@example.org,Angel Brown,1982-08-26,2026-01-28,6,Dr. Rajesh Singh,Cough,Thyroid Disorder,False,Medium,73,Atorvastatin,2 tablets,Once,3 days,118/90,76,99.9,99,Form form discussion be international.
user35,Pass@3944,kellyvictoria@example.org,Angel Brown,1982-08-26,2026-02-24,6,Dr. Anil Kumar,Headache,Asthma,False,Medium,74,Paracetamol,1 tablets,Thrice,10 days,103/76,67,97.8,92,Government after key phone.
user35,Pass@3944,kellyvictoria@example.org,Angel Brown,1982-08-26,2026-03-08,6,Dr. Neha Verma,Headache,Thyroid Disorder,False,Medium,75,Paracetamol,1 tablets,Twice,5 days,101/87,77,100.7,95,Financial understand fear dog picture first.
user36,Pass@3691,garcialeslie@example.net,Maria Harris,1977-12-04,2025-10-02,5,Dr. Priya Sharma,Fever,Thyroid Disorder,False,Low,54,Amlodipine,1 tablets,Once,10 days,105/81,69,101.0,96,Section know event half bank oil.
user36,Pass@3691,garcialeslie@example.net,Maria Harris,1977-12-04,2025-11-18,5,Dr. Neha Verma,Injury,Thyroid Disorder,False,Low,57,Metformin,1 tablets,Twice,7 days,104/90,77,100.3,96,Discussion require voice break remain son carry manage.
user36,Pass@3691,garcialeslie@example.net,Maria Harris,1977-12-04,2026-01-16,5,Dr. Kavita Reddy,Injury,Thyroid Disorder,False,Low,63,Amlodipine,1 tablets,Twice,10 days,103/61,87,98.3,99,Beyond industry so.
user36,Pass@3691,garcialeslie@example.net,Maria Harris,1977-12-04,2026-03-17,5,Dr. Rajesh Singh,Cough,Diabetes,False,High,63,Atorvastatin,1 tablets,Thrice,3 days,125/90,79,97.3,100,Board move very fear full only resource different.
user36,Pass@3691,garcialeslie@example.net,Maria Harris,1977-12-04,2026-03-27,5,Dr. Priya Sharma,Chest Pain,Asthma,False,Medium,67,Metformin,2 tablets,Thrice,10 days,140/63,95,98.3,96,Light position war imagine state.
user37,Pass@5370,jacob15@example.net,Carla Contreras,1994-02-28,2025-11-05,3,Dr. Priya Sharma,Routine Checkup,Cardiac Issue,False,Medium,32,Paracetamol,2 tablets,Twice,10 days,112/83,98,100.6,99,Step yourself especially drop.
user37,Pass@5370,jacob15@example.net,Carla Contreras,1994-02-28,2026-02-13,3,Dr. Neha Verma,Injury,Thyroid Disorder,False,Medium,31,Levothyroxine,2 tablets,Twice,9 days,138/75,62,100.2,93,Military recently of talk with.
user37,Pass@5370,jacob15@example.net,Carla Contreras,1994-02-28,2026-02-23,3,Dr. Neha Verma,Headache,Hypertension,False,Low,37,Salbutamol,1 tablets,Once,7 days,117/67,76,97.4,96,Local everybody only somebody.
user38,Pass@8106,christine88@example.net,James Ramos,1965-01-21,2025-08-13,5,Dr. Kavita Reddy,Cough,Hypertension,False,Low,40,Salbutamol,1 tablets,Thrice,8 days,109/72,91,97.1,96,Garden letter eat.
user38,Pass@8106,christine88@example.net,James Ramos,1965-01-21,2025-11-20,5,Dr. Kavita Reddy,Routine Checkup,Hypertension,False,High,52,Atorvastatin,2 tablets,Twice,4 days,121/85,81,98.0,100,Church firm some color out foreign loss event.
user38,Pass@8106,christine88@example.net,James Ramos,1965-01-21,2025-12-02,5,Dr. Kavita Reddy,Chest Pain,Asthma,False,Low,60,Salbutamol,2 tablets,Twice,7 days,106/62,84,98.9,92,Finish performance resource maybe specific purpose.
user38,Pass@8106,christine88@example.net,James Ramos,1965-01-21,2025-12-06,5,Dr. Anil Kumar,Injury,Cardiac Issue,False,High,55,Paracetamol,2 tablets,Thrice,6 days,131/89,85,98.1,95,Present mother chair among.
user38,Pass@8106,christine88@example.net,James Ramos,1965-01-21,2025-12-29,5,Dr. Priya Sharma,Chest Pain,Migraine,False,Low,61,Levothyroxine,2 tablets,Twice,9 days,125/61,93,97.0,97,Eye once administration other likely its.
user39,Pass@6512,wallaceleslie@example.com,James Townsend,1958-05-09,2025-08-16,3,Dr. Anil Kumar,Injury,Hypertension,True,High,39,Atorvastatin,1 tablets,Once,5 days,116/86,84,100.9,93,Building social cell.
user39,Pass@6512,wallaceleslie@example.com,James Townsend,1958-05-09,2026-03-03,3,Dr. Anil Kumar,Headache,Hypertension,True,High,42,Levothyroxine,1 tablets,Thrice,8 days,119/67,93,99.1,98,Beyond lawyer with get memory back.
user39,Pass@6512,wallaceleslie@example.com,James Townsend,1958-05-09,2026-03-27,3,Dr. Priya Sharma,Chest Pain,Migraine,True,High,59,Amlodipine,2 tablets,Thrice,10 days,115/72,69,97.6,99,System whose particular black within.
user40,Pass@2475,graylauren@example.net,Tammy Alvarado,1994-03-01,2025-12-14,2,Dr. Priya Sharma,Routine Checkup,Diabetes,False,Low,40,Levothyroxine,2 tablets,Thrice,8 days,108/60,99,97.8,98,Girl admit nice since.
user40,Pass@2475,graylauren@example.net,Tammy Alvarado,1994-03-01,2026-01-19,2,Dr. Kavita Reddy,Routine Checkup,Diabetes,False,Low,37,Amlodipine,1 tablets,Once,9 days,110/76,99,98.8,94,Top top mind let occur.
user41,Pass@9619,jamesfox@example.org,Lisa Phillips,1963-03-23,2025-08-14,6,Dr. Kavita Reddy,Injury,Thyroid Disorder,False,Low,56,Metformin,1 tablets,Twice,9 days,130/85,75,97.7,93,Cover week direction.
user41,Pass@9619,jamesfox@example.org,Lisa Phillips,1963-03-23,2025-08-23,6,Dr. Kavita Reddy,Cough,Cardiac Issue,False,Low,66,Paracetamol,1 tablets,Once,3 days,119/74,84,99.4,99,Step compare we institution.
user41,Pass@9619,jamesfox@example.org,Lisa Phillips,1963-03-23,2025-12-05,6,Dr. Anil Kumar,Skin Issue,Asthma,False,Medium,63,Salbutamol,2 tablets,Once,10 days,118/89,93,99.2,100,Value name win level own ok yes.
user41,Pass@9619,jamesfox@example.org,Lisa Phillips,1963-03-23,2026-01-15,6,Dr. Rajesh Singh,Cough,Diabetes,False,High,79,Atorvastatin,2 tablets,Twice,3 days,140/63,83,98.3,97,Well kid could tonight lose television.
user41,Pass@9619,jamesfox@example.org,Lisa Phillips,1963-03-23,2026-02-26,6,Dr. Rajesh Singh,Injury,Thyroid Disorder,False,Low,69,Amlodipine,1 tablets,Thrice,8 days,124/62,93,98.3,94,Simply statement significant piece hospital save service.
user41,Pass@9619,jamesfox@example.org,Lisa Phillips,1963-03-23,2026-03-21,6,Dr. Anil Kumar,Skin Issue,Thyroid Disorder,False,Low,78,Atorvastatin,1 tablets,Twice,8 days,140/62,97,98.7,95,Wish assume rest.
user42,Pass@2338,flarson@example.net,Trevor Pratt,1962-11-01,2025-09-27,4,Dr. Anil Kumar,Routine Checkup,Diabetes,False,Low,36,Atorvastatin,1 tablets,Once,5 days,125/89,96,97.6,94,Both mind water question successful key land.
user42,Pass@2338,flarson@example.net,Trevor Pratt,1962-11-01,2025-09-28,4,Dr. Anil Kumar,Chest Pain,Hypertension,False,Medium,41,Paracetamol,1 tablets,Once,9 days,104/60,61,99.9,93,Start exist expect special candidate water often.
user42,Pass@2338,flarson@example.net,Trevor Pratt,1962-11-01,2025-11-15,4,Dr. Anil Kumar,Injury,Migraine,False,Low,56,Levothyroxine,2 tablets,Twice,8 days,113/82,82,100.3,97,Rock which sign.
user42,Pass@2338,flarson@example.net,Trevor Pratt,1962-11-01,2026-03-03,4,Dr. Anil Kumar,Routine Checkup,Thyroid Disorder,False,Medium,49,Metformin,1 tablets,Once,10 days,134/86,67,99.4,94,Who official example name type language bag.
user43,Pass@8395,townsendmichael@example.org,David Oconnor,1989-08-01,2025-09-15,6,Dr. Priya Sharma,Cough,Migraine,True,Medium,37,Levothyroxine,2 tablets,Twice,7 days,118/75,66,100.4,92,Grow sea need owner.
user43,Pass@8395,townsendmichael@example.org,David Oconnor,1989-08-01,2025-09-30,6,Dr. Anil Kumar,Fever,Cardiac Issue,True,Medium,45,Levothyroxine,2 tablets,Twice,7 days,112/63,65,99.4,97,International send most on third.
user43,Pass@8395,townsendmichael@example.org,David Oconnor,1989-08-01,2025-10-11,6,Dr. Priya Sharma,Injury,Asthma,True,High,44,Metformin,1 tablets,Once,10 days,128/65,94,100.6,100,A week sport rule leave minute partner.
user43,Pass@8395,townsendmichael@example.org,David Oconnor,1989-08-01,2025-12-18,6,Dr. Kavita Reddy,Routine Checkup,Hypertension,True,Low,52,Levothyroxine,2 tablets,Twice,7 days,125/65,72,99.9,92,Despite often leave article important.
user43,Pass@8395,townsendmichael@example.org,David Oconnor,1989-08-01,2025-12-23,6,Dr. Rajesh Singh,Cough,Diabetes,True,High,51,Metformin,2 tablets,Thrice,4 days,109/90,80,100.8,99,Marriage season lead peace government charge.
user43,Pass@8395,townsendmichael@example.org,David Oconnor,1989-08-01,2026-02-17,6,Dr. Priya Sharma,Skin Issue,Hypertension,True,Low,52,Salbutamol,1 tablets,Thrice,9 days,118/72,100,98.2,95,Large generation walk view.
user44,Pass@6603,robertaburke@example.com,Tina Bush,2002-11-15,2025-08-18,5,Dr. Rajesh Singh,Fever,Asthma,True,Medium,31,Paracetamol,2 tablets,Twice,5 days,127/84,63,100.9,98,Certainly against wonder.
user44,Pass@6603,robertaburke@example.com,Tina Bush,2002-11-15,2025-08-28,5,Dr. Priya Sharma,Skin Issue,Asthma,True,Medium,42,Salbutamol,2 tablets,Once,4 days,129/73,62,97.6,98,History government network we.
user44,Pass@6603,robertaburke@example.com,Tina Bush,2002-11-15,2025-09-30,5,Dr. Kavita Reddy,Injury,Thyroid Disorder,True,Medium,37,Levothyroxine,2 tablets,Thrice,9 days,126/62,69,98.7,98,Field so memory everything.
user44,Pass@6603,robertaburke@example.com,Tina Bush,2002-11-15,2025-11-01,5,Dr. Kavita Reddy,Skin Issue,Thyroid Disorder,True,High,54,Salbutamol,2 tablets,Thrice,6 days,137/76,100,97.5,99,Fly most very model individual.
user44,Pass@6603,robertaburke@example.com,Tina Bush,2002-11-15,2026-03-31,5,Dr. Kavita Reddy,Follow-up,Thyroid Disorder,True,Low,53,Atorvastatin,2 tablets,Twice,9 days,116/83,67,98.3,96,Traditional rate their interview.
user45,Pass@6103,nicoleduran@example.org,Jamie Butler,1982-04-16,2025-09-24,3,Dr. Priya Sharma,Skin Issue,Diabetes,True,Medium,61,Amlodipine,1 tablets,Twice,6 days,102/62,92,97.5,98,Apply growth their see series stock issue.
user45,Pass@6103,nicoleduran@example.org,Jamie Butler,1982-04-16,2025-10-23,3,Dr. Priya Sharma,Injury,Asthma,True,Low,61,Salbutamol,1 tablets,Thrice,7 days,118/60,60,99.1,98,Artist measure hope what.
user45,Pass@6103,nicoleduran@example.org,Jamie Butler,1982-04-16,2025-11-21,3,Dr. Rajesh Singh,Skin Issue,Cardiac Issue,True,Low,59,Paracetamol,2 tablets,Twice,5 days,130/76,87,99.0,96,Realize approach guy local every.
user46,Pass@2457,blee@example.org,Jennifer Robbins,1995-09-06,2025-08-15,3,Dr. Rajesh Singh,Routine Checkup,Cardiac Issue,True,Low,59,Atorvastatin,2 tablets,Twice,7 days,105/89,60,97.9,97,Man mention cut we number.
user46,Pass@2457,blee@example.org,Jennifer Robbins,1995-09-06,2025-12-10,3,Dr. Priya Sharma,Skin Issue,Migraine,True,High,71,Amlodipine,1 tablets,Once,10 days,119/80,79,98.3,100,Item rate really best feeling trip education.
user46,Pass@2457,blee@example.org,Jennifer Robbins,1995-09-06,2026-02-18,3,Dr. Anil Kumar,Headache,Asthma,True,Low,71,Atorvastatin,2 tablets,Once,7 days,122/65,70,100.4,92,Wish thing teacher natural front dream near.
user47,Pass@8394,greennancy@example.com,Alejandro Anthony,2001-03-01,2025-08-26,6,Dr. Priya Sharma,Cough,Asthma,True,High,48,Metformin,1 tablets,Once,4 days,112/84,87,100.9,99,Medical similar rule true try.
user47,Pass@8394,greennancy@example.com,Alejandro Anthony,2001-03-01,2025-09-15,6,Dr. Rajesh Singh,Follow-up,Thyroid Disorder,True,High,51,Paracetamol,1 tablets,Once,7 days,108/66,79,97.1,93,Citizen result word see understand imagine protect reality.
user47,Pass@8394,greennancy@example.com,Alejandro Anthony,2001-03-01,2025-09-22,6,Dr. Neha Verma,Follow-up,Asthma,True,High,49,Metformin,1 tablets,Twice,7 days,137/78,65,97.7,92,Center rich information cold process coach.
user47,Pass@8394,greennancy@example.com,Alejandro Anthony,2001-03-01,2025-11-21,6,Dr. Rajesh Singh,Headache,Hypertension,True,High,64,Levothyroxine,2 tablets,Twice,7 days,106/68,69,100.0,99,Few world arrive several good.
user47,Pass@8394,greennancy@example.com,Alejandro Anthony,2001-03-01,2026-01-10,6,Dr. Priya Sharma,Injury,Migraine,True,Low,54,Atorvastatin,2 tablets,Once,8 days,135/77,60,100.5,92,You kind interesting.
user47,Pass@8394,greennancy@example.com,Alejandro Anthony,2001-03-01,2026-01-13,6,Dr. Neha Verma,Cough,Hypertension,True,Medium,59,Atorvastatin,1 tablets,Thrice,6 days,126/62,66,100.9,100,Require compare choice state actually while election race.
user48,Pass@4301,kfisher@example.net,Geoffrey Jackson,1994-12-04,2025-09-06,5,Dr. Kavita Reddy,Cough,Thyroid Disorder,False,Medium,40,Metformin,1 tablets,Twice,8 days,134/83,72,99.9,99,Chair design computer across.
user48,Pass@4301,kfisher@example.net,Geoffrey Jackson,1994-12-04,2025-12-24,5,Dr. Kavita Reddy,Skin Issue,Cardiac Issue,False,Medium,54,Salbutamol,1 tablets,Thrice,10 days,131/74,89,98.8,94,Word own anyone sure product.
user48,Pass@4301,kfisher@example.net,Geoffrey Jackson,1994-12-04,2026-01-20,5,Dr. Kavita Reddy,Follow-up,Hypertension,False,Medium,42,Atorvastatin,2 tablets,Once,10 days,102/82,71,100.6,93,Recent imagine hotel body rather cold.
user48,Pass@4301,kfisher@example.net,Geoffrey Jackson,1994-12-04,2026-01-26,5,Dr. Neha Verma,Injury,Thyroid Disorder,False,Medium,49,Atorvastatin,2 tablets,Thrice,4 days,127/79,99,98.2,96,Forget check option a.
user48,Pass@4301,kfisher@example.net,Geoffrey Jackson,1994-12-04,2026-03-11,5,Dr. Neha Verma,Headache,Diabetes,False,Medium,50,Amlodipine,1 tablets,Once,10 days,131/88,73,97.3,95,Agree soon accept song like recent suffer.
user49,Pass@2727,christopher61@example.org,Kimberly Bennett,1984-11-29,2025-08-19,6,Dr. Kavita Reddy,Headache,Thyroid Disorder,False,Low,35,Levothyroxine,1 tablets,Twice,7 days,126/72,81,98.1,97,News majority same thing.
user49,Pass@2727,christopher61@example.org,Kimberly Bennett,1984-11-29,2025-09-03,6,Dr. Rajesh Singh,Cough,Hypertension,False,High,34,Metformin,2 tablets,Twice,4 days,119/90,88,97.8,96,Free than course tree upon yourself improve.
user49,Pass@2727,christopher61@example.org,Kimberly Bennett,1984-11-29,2025-10-05,6,Dr. Neha Verma,Injury,Migraine,False,Low,38,Salbutamol,1 tablets,Thrice,8 days,129/86,85,98.3,94,Current difficult woman miss born example article work.
user49,Pass@2727,christopher61@example.org,Kimberly Bennett,1984-11-29,2025-11-07,6,Dr. Priya Sharma,Fever,Thyroid Disorder,False,High,51,Levothyroxine,2 tablets,Once,4 days,101/75,93,99.0,92,Dream allow rich edge off line force middle.
user49,Pass@2727,christopher61@example.org,Kimberly Bennett,1984-11-29,2026-01-04,6,Dr. Kavita Reddy,Fever,Diabetes,False,Low,50,Metformin,2 tablets,Once,5 days,135/78,88,98.1,100,Those person enter determine she involve.
user49,Pass@2727,christopher61@example.org,Kimberly Bennett,1984-11-29,2026-04-07,6,Dr. Rajesh Singh,Chest Pain,Thyroid Disorder,False,Low,57,Amlodipine,1 tablets,Twice,7 days,122/88,75,98.5,93,Finish tend live green action.
user50,Pass@2462,waltonrachel@example.com,Alexis Garcia,1994-11-07,2025-11-06,2,Dr. Neha Verma,Injury,Thyroid Disorder,False,Medium,39,Salbutamol,1 tablets,Twice,10 days,114/71,80,99.6,99,Vote increase continue blue else.
user50,Pass@2462,waltonrachel@example.com,Alexis Garcia,1994-11-07,2026-01-02,2,Dr. Rajesh Singh,Fever,Diabetes,False,Medium,29,Paracetamol,2 tablets,Once,10 days,130/61,92,100.4,98,Itself affect open sing especially rule design.
user51,Pass@9999,matthewwebb@example.org,Barbara Gonzalez,1986-05-06,2025-09-07,2,Dr. Neha Verma,Headache,Hypertension,True,Low,61,Amlodipine,1 tablets,Thrice,3 days,100/80,62,97.1,98,Reach surface another condition model hospital kid I.
user51,Pass@9999,matthewwebb@example.org,Barbara Gonzalez,1986-05-06,2025-09-19,2,Dr. Kavita Reddy,Routine Checkup,Migraine,True,Low,59,Salbutamol,2 tablets,Once,8 days,127/71,83,100.7,99,Game pattern partner method.
user52,Pass@8542,egiles@example.com,Timothy Bean,1966-10-16,2025-10-21,4,Dr. Priya Sharma,Headache,Asthma,False,High,74,Levothyroxine,1 tablets,Twice,8 days,130/61,65,100.5,99,Others describe I try difficult.
user52,Pass@8542,egiles@example.com,Timothy Bean,1966-10-16,2026-01-07,4,Dr. Priya Sharma,Skin Issue,Diabetes,False,Low,79,Paracetamol,2 tablets,Twice,5 days,107/76,79,100.0,95,Able strong artist community account enter it.
user52,Pass@8542,egiles@example.com,Timothy Bean,1966-10-16,2026-03-10,4,Dr. Kavita Reddy,Fever,Migraine,False,Medium,69,Amlodipine,1 tablets,Thrice,10 days,107/78,76,97.6,96,Street employee far candidate.
user52,Pass@8542,egiles@example.com,Timothy Bean,1966-10-16,2026-03-23,4,Dr. Neha Verma,Routine Checkup,Migraine,False,High,84,Levothyroxine,2 tablets,Twice,9 days,103/75,77,97.2,92,Low within type watch effect there.
user53,Pass@7161,browncory@example.com,Eric Juarez,2005-09-25,2025-09-13,5,Dr. Neha Verma,Skin Issue,Hypertension,True,Low,63,Metformin,2 tablets,Twice,6 days,119/81,87,98.4,98,Truth detail result soldier plan method station our.
user53,Pass@7161,browncory@example.com,Eric Juarez,2005-09-25,2025-10-11,5,Dr. Priya Sharma,Headache,Diabetes,True,Medium,69,Metformin,1 tablets,Once,8 days,108/61,61,100.9,98,Imagine medical laugh determine kitchen evening certain.
user53,Pass@7161,browncory@example.com,Eric Juarez,2005-09-25,2025-11-17,5,Dr. Kavita Reddy,Injury,Diabetes,True,High,73,Paracetamol,2 tablets,Thrice,4 days,106/79,75,100.2,98,Right standard play run.
user53,Pass@7161,browncory@example.com,Eric Juarez,2005-09-25,2026-01-22,5,Dr. Anil Kumar,Headache,Diabetes,True,Medium,78,Paracetamol,1 tablets,Thrice,8 days,133/86,100,98.5,99,Animal woman make modern over improve.
user53,Pass@7161,browncory@example.com,Eric Juarez,2005-09-25,2026-02-19,5,Dr. Kavita Reddy,Injury,Thyroid Disorder,True,Medium,81,Amlodipine,1 tablets,Twice,7 days,132/86,83,100.2,98,Board quality late.
user54,Pass@2090,nwilson@example.net,Jill Swanson,1978-02-09,2025-11-08,2,Dr. Rajesh Singh,Cough,Thyroid Disorder,False,Medium,44,Amlodipine,1 tablets,Once,3 days,134/73,78,97.6,98,Project mission science sound budget president.
user54,Pass@2090,nwilson@example.net,Jill Swanson,1978-02-09,2025-12-25,2,Dr. Kavita Reddy,Headache,Thyroid Disorder,False,Medium,49,Paracetamol,2 tablets,Once,9 days,119/75,72,100.8,97,Possible morning agree head suggest current.
user55,Pass@6002,michaeljensen@example.net,Cassandra Sandoval,1978-09-01,2025-09-20,4,Dr. Kavita Reddy,Cough,Cardiac Issue,True,Low,61,Atorvastatin,1 tablets,Thrice,3 days,117/70,61,97.3,100,Administration end play.
user55,Pass@6002,michaeljensen@example.net,Cassandra Sandoval,1978-09-01,2026-01-03,4,Dr. Rajesh Singh,Follow-up,Hypertension,True,Medium,76,Salbutamol,1 tablets,Twice,5 days,116/80,100,100.1,99,Environmental sister staff full within president.
user55,Pass@6002,michaeljensen@example.net,Cassandra Sandoval,1978-09-01,2026-02-07,4,Dr. Rajesh Singh,Routine Checkup,Asthma,True,Medium,75,Paracetamol,2 tablets,Thrice,6 days,128/74,64,99.5,99,We use over under may apply.
user55,Pass@6002,michaeljensen@example.net,Cassandra Sandoval,1978-09-01,2026-02-28,4,Dr. Anil Kumar,Follow-up,Cardiac Issue,True,High,82,Metformin,2 tablets,Thrice,3 days,130/63,87,100.2,93,Republican wait baby both.
user56,Pass@8920,lauracole@example.com,Madison Schwartz,1991-08-28,2025-11-27,2,Dr. Kavita Reddy,Headache,Migraine,True,High,54,Salbutamol,2 tablets,Once,5 days,138/83,75,98.4,99,Material over stop through.
user56,Pass@8920,lauracole@example.com,Madison Schwartz,1991-08-28,2026-01-17,2,Dr. Kavita Reddy,Headache,Asthma,True,High,57,Levothyroxine,1 tablets,Once,3 days,102/63,95,97.6,97,Partner may job prevent stay.
user57,Pass@5163,jennifer73@example.net,Randall Nixon,2004-07-01,2025-09-08,6,Dr. Anil Kumar,Cough,Thyroid Disorder,False,Medium,38,Atorvastatin,2 tablets,Thrice,7 days,108/60,87,98.3,94,Third market major develop.
user57,Pass@5163,jennifer73@example.net,Randall Nixon,2004-07-01,2025-10-02,6,Dr. Priya Sharma,Follow-up,Cardiac Issue,False,Low,31,Amlodipine,2 tablets,Once,9 days,104/73,65,100.1,94,Onto about thought turn collection person must.
user57,Pass@5163,jennifer73@example.net,Randall Nixon,2004-07-01,2025-11-01,6,Dr. Rajesh Singh,Chest Pain,Hypertension,False,High,42,Paracetamol,1 tablets,Twice,9 days,129/86,96,98.9,99,Movie hard baby president car student.
user57,Pass@5163,jennifer73@example.net,Randall Nixon,2004-07-01,2025-11-25,6,Dr. Neha Verma,Chest Pain,Thyroid Disorder,False,Low,49,Paracetamol,2 tablets,Once,8 days,114/71,86,98.5,94,Even his remain fast.
user57,Pass@5163,jennifer73@example.net,Randall Nixon,2004-07-01,2025-12-10,6,Dr. Kavita Reddy,Skin Issue,Asthma,False,Low,46,Levothyroxine,1 tablets,Once,8 days,118/63,60,99.2,98,Time only environmental century.
user57,Pass@5163,jennifer73@example.net,Randall Nixon,2004-07-01,2026-04-02,6,Dr. Kavita Reddy,Fever,Cardiac Issue,False,High,47,Salbutamol,1 tablets,Thrice,3 days,100/86,72,99.8,95,Foot investment tonight.
user58,Pass@4424,staceywilliams@example.org,Ashley Velez,1987-10-18,2025-09-08,3,Dr. Neha Verma,Fever,Asthma,False,High,33,Paracetamol,2 tablets,Twice,9 days,140/78,67,99.7,97,While hope bad.
user58,Pass@4424,staceywilliams@example.org,Ashley Velez,1987-10-18,2025-11-14,3,Dr. Kavita Reddy,Fever,Asthma,False,Low,38,Salbutamol,2 tablets,Thrice,9 days,117/70,65,100.9,94,Forward some system size.
user58,Pass@4424,staceywilliams@example.org,Ashley Velez,1987-10-18,2025-12-09,3,Dr. Rajesh Singh,Skin Issue,Asthma,False,Low,38,Amlodipine,1 tablets,Twice,4 days,107/71,84,100.0,96,Various mother concern test doctor hand.
user59,Pass@5353,uhunter@example.com,Candice Hunt,1976-09-06,2025-08-31,6,Dr. Neha Verma,Fever,Diabetes,True,High,41,Atorvastatin,1 tablets,Thrice,3 days,102/84,89,100.7,95,Nothing situation keep him send catch pattern.
user59,Pass@5353,uhunter@example.com,Candice Hunt,1976-09-06,2025-09-30,6,Dr. Neha Verma,Skin Issue,Diabetes,True,High,39,Amlodipine,1 tablets,Thrice,8 days,110/82,75,97.7,96,Course computer red certainly.
user59,Pass@5353,uhunter@example.com,Candice Hunt,1976-09-06,2025-10-21,6,Dr. Anil Kumar,Chest Pain,Asthma,True,Low,46,Levothyroxine,2 tablets,Twice,6 days,113/84,99,97.5,99,Figure car fish less take live.
user59,Pass@5353,uhunter@example.com,Candice Hunt,1976-09-06,2025-10-22,6,Dr. Rajesh Singh,Skin Issue,Thyroid Disorder,True,Low,42,Amlodipine,2 tablets,Twice,8 days,139/82,87,100.4,97,Little nor they guess.
user59,Pass@5353,uhunter@example.com,Candice Hunt,1976-09-06,2026-02-09,6,Dr. Priya Sharma,Headache,Thyroid Disorder,True,High,56,Amlodipine,2 tablets,Twice,6 days,124/73,70,99.2,93,That again challenge tax management drop specific deep.
user59,Pass@5353,uhunter@example.com,Candice Hunt,1976-09-06,2026-03-08,6,Dr. Rajesh Singh,Fever,Asthma,True,Medium,59,Atorvastatin,2 tablets,Twice,7 days,117/83,81,97.8,96,Produce partner anything Mr news.
user60,Pass@6328,scarlson@example.org,Laurie Norman,1978-05-22,2025-10-14,6,Dr. Anil Kumar,Chest Pain,Thyroid Disorder,False,High,32,Levothyroxine,2 tablets,Twice,8 days,129/60,95,99.9,96,Discussion set attorney blood majority itself visit.
user60,Pass@6328,scarlson@example.org,Laurie Norman,1978-05-22,2025-10-23,6,Dr. Anil Kumar,Skin Issue,Thyroid Disorder,False,Medium,39,Amlodipine,2 tablets,Once,4 days,134/84,85,100.9,96,Hear air performance worker bed control consider final.
user60,Pass@6328,scarlson@example.org,Laurie Norman,1978-05-22,2025-12-02,6,Dr. Kavita Reddy,Skin Issue,Asthma,False,Low,41,Levothyroxine,1 tablets,Once,5 days,136/85,77,100.3,99,Consumer do behind some lawyer sister meet.
user60,Pass@6328,scarlson@example.org,Laurie Norman,1978-05-22,2025-12-26,6,Dr. Neha Verma,Chest Pain,Migraine,False,High,50,Atorvastatin,1 tablets,Thrice,4 days,125/81,94,98.4,99,Forward star truth which style admit.
user60,Pass@6328,scarlson@example.org,Laurie Norman,1978-05-22,2026-01-31,6,Dr. Neha Verma,Follow-up,Thyroid Disorder,False,Medium,58,Paracetamol,1 tablets,Once,6 days,113/83,94,100.2,97,Free will music lay together rock off store.
user60,Pass@6328,scarlson@example.org,Laurie Norman,1978-05-22,2026-02-09,6,Dr. Anil Kumar,Skin Issue,Hypertension,False,Medium,58,Salbutamol,2 tablets,Thrice,5 days,108/90,90,99.1,96,Focus street perform.
user61,Pass@3937,wschneider@example.net,Jeff Walsh,1959-05-02,2025-09-30,4,Dr. Kavita Reddy,Headache,Cardiac Issue,True,Low,31,Paracetamol,2 tablets,Once,5 days,117/81,77,99.7,95,Process mind them bit southern write.
user61,Pass@3937,wschneider@example.net,Jeff Walsh,1959-05-02,2025-12-11,4,Dr. Kavita Reddy,Routine Checkup,Migraine,True,Medium,38,Paracetamol,2 tablets,Thrice,4 days,135/81,83,99.4,96,Blood past firm.
user61,Pass@3937,wschneider@example.net,Jeff Walsh,1959-05-02,2026-01-15,4,Dr. Anil Kumar,Cough,Hypertension,True,Low,38,Amlodipine,2 tablets,Thrice,8 days,126/85,67,100.5,95,Senior executive style eat brother discussion.
user61,Pass@3937,wschneider@example.net,Jeff Walsh,1959-05-02,2026-04-02,4,Dr. Rajesh Singh,Chest Pain,Thyroid Disorder,True,High,56,Metformin,2 tablets,Thrice,4 days,120/86,71,99.7,100,Home defense company ok single field heart.
user62,Pass@9120,allenlori@example.org,Diana Garcia,1999-07-16,2025-08-12,5,Dr. Anil Kumar,Skin Issue,Asthma,True,Medium,40,Amlodipine,1 tablets,Once,3 days,105/85,72,97.4,100,To while true eight range race power.
user62,Pass@9120,allenlori@example.org,Diana Garcia,1999-07-16,2025-09-03,5,Dr. Anil Kumar,Routine Checkup,Thyroid Disorder,True,Medium,35,Amlodipine,2 tablets,Thrice,5 days,108/84,90,99.8,100,Oil right nor article international southern institution.
user62,Pass@9120,allenlori@example.org,Diana Garcia,1999-07-16,2026-01-21,5,Dr. Rajesh Singh,Fever,Diabetes,True,Medium,44,Levothyroxine,2 tablets,Once,4 days,131/81,67,98.8,99,According culture young camera.
user62,Pass@9120,allenlori@example.org,Diana Garcia,1999-07-16,2026-02-27,5,Dr. Rajesh Singh,Injury,Migraine,True,Low,51,Metformin,2 tablets,Thrice,4 days,116/62,78,99.1,96,Response continue talk its pressure enough.
user62,Pass@9120,allenlori@example.org,Diana Garcia,1999-07-16,2026-02-27,5,Dr. Priya Sharma,Injury,Thyroid Disorder,True,Medium,50,Salbutamol,1 tablets,Once,9 days,122/81,93,98.8,92,Role cut deep bring second answer form.
user63,Pass@3994,lbranch@example.org,Lisa Guzman,2002-09-19,2025-09-24,5,Dr. Anil Kumar,Skin Issue,Thyroid Disorder,True,High,49,Amlodipine,2 tablets,Once,10 days,119/64,66,99.4,99,Act Republican degree beyond ten benefit game bad.
user63,Pass@3994,lbranch@example.org,Lisa Guzman,2002-09-19,2025-09-30,5,Dr. Priya Sharma,Fever,Thyroid Disorder,True,Low,56,Metformin,1 tablets,Twice,9 days,120/71,64,97.0,97,Enter step appear wife woman again early.
user63,Pass@3994,lbranch@example.org,Lisa Guzman,2002-09-19,2025-10-09,5,Dr. Priya Sharma,Chest Pain,Hypertension,True,Medium,70,Levothyroxine,1 tablets,Twice,10 days,137/85,81,97.5,97,Measure brother concern majority.
user63,Pass@3994,lbranch@example.org,Lisa Guzman,2002-09-19,2025-10-22,5,Dr. Neha Verma,Cough,Asthma,True,High,58,Salbutamol,1 tablets,Twice,7 days,134/73,75,100.4,97,Difficult order simply player account family.
user63,Pass@3994,lbranch@example.org,Lisa Guzman,2002-09-19,2026-03-31,5,Dr. Kavita Reddy,Skin Issue,Migraine,True,High,76,Paracetamol,2 tablets,Once,3 days,122/85,73,98.5,92,Dark experience allow account ok detail today worker.
user64,Pass@6972,hendersonnicholas@example.net,Richard Guerrero DDS,1966-08-26,2025-09-09,6,Dr. Kavita Reddy,Follow-up,Cardiac Issue,False,High,40,Amlodipine,2 tablets,Thrice,4 days,132/68,91,99.5,96,Over simple want find blood.
user64,Pass@6972,hendersonnicholas@example.net,Richard Guerrero DDS,1966-08-26,2025-09-29,6,Dr. Rajesh Singh,Injury,Diabetes,False,High,36,Amlodipine,1 tablets,Twice,5 days,119/73,92,97.1,92,Agreement no weight speech.
user64,Pass@6972,hendersonnicholas@example.net,Richard Guerrero DDS,1966-08-26,2025-10-14,6,Dr. Priya Sharma,Cough,Thyroid Disorder,False,High,35,Metformin,1 tablets,Twice,8 days,120/74,85,97.1,99,Thousand assume statement allow.
user64,Pass@6972,hendersonnicholas@example.net,Richard Guerrero DDS,1966-08-26,2025-11-09,6,Dr. Anil Kumar,Skin Issue,Asthma,False,Medium,40,Salbutamol,1 tablets,Once,6 days,128/74,61,98.0,93,Follow little red fight behavior especially.
user64,Pass@6972,hendersonnicholas@example.net,Richard Guerrero DDS,1966-08-26,2025-12-06,6,Dr. Kavita Reddy,Cough,Migraine,False,High,42,Paracetamol,1 tablets,Twice,10 days,127/89,94,97.5,94,Realize church crime citizen provide.
user64,Pass@6972,hendersonnicholas@example.net,Richard Guerrero DDS,1966-08-26,2026-03-21,6,Dr. Anil Kumar,Follow-up,Migraine,False,Low,52,Metformin,2 tablets,Once,9 days,136/65,95,100.2,96,Piece major fight many federal truth kitchen try.
user65,Pass@1492,millertoni@example.net,Nicole Ross,1982-03-29,2025-10-03,2,Dr. Priya Sharma,Chest Pain,Migraine,False,Medium,61,Salbutamol,2 tablets,Once,8 days,103/67,94,97.3,100,Result tough require space event.
user65,Pass@1492,millertoni@example.net,Nicole Ross,1982-03-29,2025-10-31,2,Dr. Rajesh Singh,Fever,Diabetes,False,Medium,54,Salbutamol,1 tablets,Once,6 days,133/73,82,98.6,94,Nearly two account according.
user66,Pass@2287,lolson@example.net,Robert Chung,1986-08-04,2025-12-07,2,Dr. Anil Kumar,Follow-up,Asthma,True,High,54,Amlodipine,1 tablets,Once,8 days,129/67,92,97.0,92,Among guy authority or fish between.
user66,Pass@2287,lolson@example.net,Robert Chung,1986-08-04,2025-12-12,2,Dr. Priya Sharma,Follow-up,Cardiac Issue,True,High,59,Levothyroxine,1 tablets,Thrice,6 days,122/87,80,99.5,93,Popular person audience phone increase class.
user67,Pass@2236,sandovalbarbara@example.org,Kara Pace,1975-06-12,2025-08-13,4,Dr. Anil Kumar,Fever,Diabetes,True,Low,40,Levothyroxine,1 tablets,Thrice,5 days,134/64,94,100.4,95,Federal improve production bad argue degree.
user67,Pass@2236,sandovalbarbara@example.org,Kara Pace,1975-06-12,2025-11-17,4,Dr. Anil Kumar,Cough,Cardiac Issue,True,Medium,46,Levothyroxine,1 tablets,Once,6 days,109/79,88,98.1,92,Seven itself detail imagine.
user67,Pass@2236,sandovalbarbara@example.org,Kara Pace,1975-06-12,2026-01-02,4,Dr. Priya Sharma,Follow-up,Hypertension,True,Medium,51,Salbutamol,1 tablets,Once,6 days,128/62,91,97.9,99,Test fine like firm mean mouth conference cell.
user67,Pass@2236,sandovalbarbara@example.org,Kara Pace,1975-06-12,2026-02-21,4,Dr. Anil Kumar,Cough,Cardiac Issue,True,Low,53,Salbutamol,2 tablets,Thrice,3 days,110/66,82,97.7,94,Human person keep analysis region force crime.
user68,Pass@6984,rjones@example.com,Matthew King,1992-12-10,2025-08-17,4,Dr. Rajesh Singh,Fever,Cardiac Issue,False,Medium,55,Salbutamol,1 tablets,Twice,6 days,124/65,88,98.4,99,Central inside I air offer look study.
user68,Pass@6984,rjones@example.com,Matthew King,1992-12-10,2025-12-02,4,Dr. Anil Kumar,Headache,Diabetes,False,Low,63,Amlodipine,1 tablets,Thrice,8 days,105/72,82,97.1,92,Hour rate we significant second.
user68,Pass@6984,rjones@example.com,Matthew King,1992-12-10,2025-12-04,4,Dr. Rajesh Singh,Injury,Thyroid Disorder,False,High,53,Salbutamol,1 tablets,Once,7 days,125/83,60,100.0,98,Southern approach relationship economic conference ever.
user68,Pass@6984,rjones@example.com,Matthew King,1992-12-10,2026-02-22,4,Dr. Neha Verma,Fever,Cardiac Issue,False,High,67,Paracetamol,1 tablets,Thrice,6 days,117/84,91,97.2,100,Someone model major enough.
user69,Pass@4218,amysmith@example.org,David Wiggins,1972-04-11,2025-09-14,3,Dr. Anil Kumar,Headache,Thyroid Disorder,True,Low,48,Salbutamol,2 tablets,Twice,10 days,133/87,77,97.3,95,Election require agreement executive ability Mr factor.
user69,Pass@4218,amysmith@example.org,David Wiggins,1972-04-11,2025-11-20,3,Dr. Anil Kumar,Cough,Cardiac Issue,True,Medium,47,Paracetamol,1 tablets,Twice,6 days,129/88,93,97.6,94,Clearly feeling wrong.
user69,Pass@4218,amysmith@example.org,David Wiggins,1972-04-11,2026-02-24,3,Dr. Rajesh Singh,Injury,Cardiac Issue,True,Low,40,Salbutamol,1 tablets,Once,5 days,121/84,81,101.0,100,Matter already country mean take purpose.
user70,Pass@9576,rebecca89@example.com,James Schultz,1996-03-22,2025-08-15,4,Dr. Neha Verma,Injury,Cardiac Issue,False,High,36,Atorvastatin,1 tablets,Thrice,5 days,117/65,62,99.4,99,Gun address people road.
user70,Pass@9576,rebecca89@example.com,James Schultz,1996-03-22,2025-10-07,4,Dr. Rajesh Singh,Chest Pain,Migraine,False,Low,47,Paracetamol,1 tablets,Twice,8 days,101/63,66,99.9,93,Brother officer although law good.
user70,Pass@9576,rebecca89@example.com,James Schultz,1996-03-22,2025-11-30,4,Dr. Neha Verma,Fever,Cardiac Issue,False,Medium,44,Levothyroxine,1 tablets,Once,5 days,119/70,81,97.8,92,Enter morning each current physical dog price two.
user70,Pass@9576,rebecca89@example.com,James Schultz,1996-03-22,2026-02-11,4,Dr. Priya Sharma,Fever,Hypertension,False,High,54,Metformin,2 tablets,Once,4 days,120/66,62,100.4,96,Front outside always method have.
user71,Pass@5183,hnichols@example.com,Marissa Mccarthy,1971-02-02,2025-08-11,5,Dr. Neha Verma,Injury,Thyroid Disorder,False,High,45,Metformin,1 tablets,Twice,8 days,127/84,72,100.0,93,Whole admit memory strong month hundred social hospital.
user71,Pass@5183,hnichols@example.com,Marissa Mccarthy,1971-02-02,2025-09-08,5,Dr. Priya Sharma,Chest Pain,Thyroid Disorder,False,Medium,48,Paracetamol,2 tablets,Thrice,6 days,123/71,86,97.3,98,Budget perform while yet sometimes involve.
user71,Pass@5183,hnichols@example.com,Marissa Mccarthy,1971-02-02,2025-09-25,5,Dr. Anil Kumar,Headache,Migraine,False,Low,63,Metformin,1 tablets,Once,10 days,100/89,73,99.7,95,First room own performance road place.
user71,Pass@5183,hnichols@example.com,Marissa Mccarthy,1971-02-02,2026-02-13,5,Dr. Anil Kumar,Cough,Migraine,False,Low,54,Paracetamol,1 tablets,Twice,10 days,122/74,62,100.0,92,Put travel one reveal employee because agency.
user71,Pass@5183,hnichols@example.com,Marissa Mccarthy,1971-02-02,2026-03-04,5,Dr. Rajesh Singh,Chest Pain,Cardiac Issue,False,Medium,58,Amlodipine,2 tablets,Twice,8 days,127/88,79,99.0,94,Drug rule parent add movement entire share.
user72,Pass@4529,geraldhayes@example.net,Renee Black,1996-06-27,2025-08-24,6,Dr. Anil Kumar,Routine Checkup,Hypertension,False,High,61,Metformin,1 tablets,Twice,3 days,121/74,78,100.6,94,Suggest over finish.
user72,Pass@4529,geraldhayes@example.net,Renee Black,1996-06-27,2025-09-28,6,Dr. Rajesh Singh,Cough,Migraine,False,High,72,Atorvastatin,2 tablets,Once,8 days,105/73,70,99.0,100,Various I white table.
user72,Pass@4529,geraldhayes@example.net,Renee Black,1996-06-27,2025-10-10,6,Dr. Anil Kumar,Chest Pain,Hypertension,False,Medium,75,Salbutamol,1 tablets,Twice,5 days,134/64,63,100.5,98,Option table pattern.
user72,Pass@4529,geraldhayes@example.net,Renee Black,1996-06-27,2025-10-29,6,Dr. Rajesh Singh,Cough,Cardiac Issue,False,Low,67,Atorvastatin,1 tablets,Once,10 days,123/61,87,97.4,98,Student machine stay total.
user72,Pass@4529,geraldhayes@example.net,Renee Black,1996-06-27,2025-12-19,6,Dr. Kavita Reddy,Cough,Asthma,False,High,74,Metformin,1 tablets,Once,6 days,125/89,87,100.6,98,Message modern director child moment west economic.
user72,Pass@4529,geraldhayes@example.net,Renee Black,1996-06-27,2026-01-15,6,Dr. Priya Sharma,Cough,Asthma,False,High,73,Metformin,2 tablets,Twice,3 days,115/81,82,98.4,94,Agent alone imagine dream campaign community.
user73,Pass@7123,garciajennifer@example.net,Ms. Tammy Lloyd,1980-08-07,2025-09-24,2,Dr. Rajesh Singh,Injury,Cardiac Issue,True,Medium,68,Amlodipine,1 tablets,Twice,4 days,107/77,97,98.4,92,Seek eye get others situation success.
user73,Pass@7123,garciajennifer@example.net,Ms. Tammy Lloyd,1980-08-07,2026-02-12,2,Dr. Kavita Reddy,Chest Pain,Cardiac Issue,True,Medium,70,Paracetamol,2 tablets,Once,3 days,101/75,99,100.1,99,Fall dream return big most.
user74,Pass@7683,amyramirez@example.org,Rachel Lane,1985-03-18,2026-03-02,2,Dr. Neha Verma,Headache,Diabetes,False,High,50,Salbutamol,1 tablets,Thrice,5 days,135/60,78,100.1,94,Mission occur news past.
user74,Pass@7683,amyramirez@example.org,Rachel Lane,1985-03-18,2026-03-05,2,Dr. Rajesh Singh,Injury,Diabetes,False,High,52,Atorvastatin,2 tablets,Twice,3 days,100/90,83,99.9,94,Event section knowledge be.
user75,Pass@1153,taylor82@example.org,Henry Bowman,2001-07-23,2025-10-18,5,Dr. Neha Verma,Cough,Thyroid Disorder,False,Medium,43,Atorvastatin,1 tablets,Once,3 days,118/86,91,100.0,99,Less go save everyone.
user75,Pass@1153,taylor82@example.org,Henry Bowman,2001-07-23,2025-11-20,5,Dr. Rajesh Singh,Injury,Diabetes,False,High,51,Metformin,2 tablets,Thrice,6 days,113/66,65,98.5,92,Poor education already evidence cultural administration ask.
user75,Pass@1153,taylor82@example.org,Henry Bowman,2001-07-23,2025-11-26,5,Dr. Anil Kumar,Headache,Diabetes,False,Medium,56,Levothyroxine,2 tablets,Thrice,9 days,136/65,77,97.1,96,Line deal she tend.
user75,Pass@1153,taylor82@example.org,Henry Bowman,2001-07-23,2026-01-27,5,Dr. Anil Kumar,Cough,Hypertension,False,Low,65,Salbutamol,2 tablets,Twice,10 days,129/63,90,98.2,94,Its never tend check size.
user75,Pass@1153,taylor82@example.org,Henry Bowman,2001-07-23,2026-03-12,5,Dr. Kavita Reddy,Skin Issue,Migraine,False,High,54,Levothyroxine,1 tablets,Thrice,8 days,102/75,85,99.8,98,I job option night drug modern.
user76,Pass@7957,mary11@example.org,Madison Trevino,1965-07-26,2025-09-17,4,Dr. Rajesh Singh,Skin Issue,Hypertension,True,High,59,Amlodipine,2 tablets,Thrice,6 days,115/60,78,100.3,93,Week voice nature environmental realize.
user76,Pass@7957,mary11@example.org,Madison Trevino,1965-07-26,2026-01-07,4,Dr. Priya Sharma,Follow-up,Hypertension,True,Low,60,Amlodipine,2 tablets,Twice,8 days,126/72,82,100.0,98,Successful fall all simple.
user76,Pass@7957,mary11@example.org,Madison Trevino,1965-07-26,2026-03-13,4,Dr. Neha Verma,Chest Pain,Hypertension,True,Medium,59,Salbutamol,2 tablets,Thrice,5 days,120/75,88,98.9,96,Right play item degree establish yet reduce.
user76,Pass@7957,mary11@example.org,Madison Trevino,1965-07-26,2026-03-15,4,Dr. Priya Sharma,Headache,Thyroid Disorder,True,High,67,Atorvastatin,1 tablets,Twice,5 days,125/61,66,99.8,99,Subject knowledge firm theory magazine meet.
user77,Pass@4369,wschneider@example.net,Anthony Parker,1982-04-18,2026-02-04,2,Dr. Anil Kumar,Cough,Thyroid Disorder,False,Medium,50,Paracetamol,1 tablets,Thrice,3 days,136/67,84,99.0,93,First community reveal plan.
user77,Pass@4369,wschneider@example.net,Anthony Parker,1982-04-18,2026-04-06,2,Dr. Kavita Reddy,Skin Issue,Diabetes,False,High,46,Salbutamol,2 tablets,Once,9 days,133/67,74,98.4,95,Nice system expect though.
user78,Pass@9141,cmolina@example.net,Javier Hawkins,1975-02-03,2025-08-21,3,Dr. Kavita Reddy,Fever,Hypertension,True,Low,77,Amlodipine,1 tablets,Thrice,3 days,128/90,77,97.5,97,Environmental relationship dark year.
user78,Pass@9141,cmolina@example.net,Javier Hawkins,1975-02-03,2025-10-23,3,Dr. Kavita Reddy,Follow-up,Asthma,True,Medium,65,Atorvastatin,2 tablets,Thrice,6 days,113/85,64,98.6,94,Simply market trade radio start music.
user78,Pass@9141,cmolina@example.net,Javier Hawkins,1975-02-03,2025-11-25,3,Dr. Priya Sharma,Fever,Thyroid Disorder,True,High,72,Levothyroxine,1 tablets,Thrice,4 days,119/71,85,99.5,96,Such security need somebody most reality crime position.
user79,Pass@2591,sduncan@example.org,Casey Rodriguez MD,1979-01-29,2025-08-28,4,Dr. Neha Verma,Chest Pain,Hypertension,False,Medium,55,Atorvastatin,1 tablets,Once,3 days,121/81,74,97.9,98,Production one upon citizen home hot.
user79,Pass@2591,sduncan@example.org,Casey Rodriguez MD,1979-01-29,2025-09-08,4,Dr. Neha Verma,Chest Pain,Hypertension,False,Low,54,Paracetamol,2 tablets,Thrice,9 days,117/77,86,100.9,97,Box rich avoid.
user79,Pass@2591,sduncan@example.org,Casey Rodriguez MD,1979-01-29,2026-01-17,4,Dr. Anil Kumar,Injury,Thyroid Disorder,False,Low,64,Amlodipine,2 tablets,Twice,6 days,111/66,95,100.0,95,Our just official book.
user79,Pass@2591,sduncan@example.org,Casey Rodriguez MD,1979-01-29,2026-01-25,4,Dr. Rajesh Singh,Cough,Diabetes,False,Medium,56,Metformin,1 tablets,Once,6 days,134/65,60,98.4,100,School green various star feel grow poor.
user80,Pass@5862,ryanjohnson@example.org,Ian Carney,1963-11-30,2025-12-08,5,Dr. Kavita Reddy,Follow-up,Cardiac Issue,True,Medium,41,Salbutamol,2 tablets,Once,5 days,128/82,84,99.9,94,Attorney member hit piece war near.
user80,Pass@5862,ryanjohnson@example.org,Ian Carney,1963-11-30,2025-12-19,5,Dr. Anil Kumar,Skin Issue,Asthma,True,Low,35,Salbutamol,1 tablets,Twice,7 days,104/73,83,99.2,94,After energy control generation really full start.
user80,Pass@5862,ryanjohnson@example.org,Ian Carney,1963-11-30,2026-01-22,5,Dr. Rajesh Singh,Fever,Hypertension,True,Low,46,Atorvastatin,1 tablets,Once,8 days,113/85,86,99.4,99,Eat more across trouble.
user80,Pass@5862,ryanjohnson@example.org,Ian Carney,1963-11-30,2026-02-10,5,Dr. Priya Sharma,Skin Issue,Migraine,True,Low,39,Salbutamol,1 tablets,Thrice,5 days,129/63,64,99.7,97,Across remember represent yes.
user80,Pass@5862,ryanjohnson@example.org,Ian Carney,1963-11-30,2026-04-02,5,Dr. Rajesh Singh,Cough,Migraine,True,Low,38,Salbutamol,1 tablets,Thrice,3 days,116/78,64,99.6,100,Power program good would buy night style.
user81,Pass@3427,awoodard@example.com,Monique Weeks,2005-04-06,2025-10-12,2,Dr. Priya Sharma,Injury,Cardiac Issue,False,High,39,Atorvastatin,1 tablets,Once,4 days,114/76,69,100.1,93,Again than simple expert.
user81,Pass@3427,awoodard@example.com,Monique Weeks,2005-04-06,2026-02-27,2,Dr. Anil Kumar,Headache,Hypertension,False,High,53,Salbutamol,1 tablets,Once,6 days,111/83,87,97.9,99,Natural forward relate side decide.
user82,Pass@1269,jose46@example.com,Nicholas Le,1996-11-05,2025-08-17,2,Dr. Neha Verma,Routine Checkup,Thyroid Disorder,False,Low,66,Amlodipine,2 tablets,Twice,6 days,105/72,100,97.8,96,Whole room similar phone value major plant.
user82,Pass@1269,jose46@example.com,Nicholas Le,1996-11-05,2026-01-23,2,Dr. Priya Sharma,Cough,Diabetes,False,Low,64,Levothyroxine,2 tablets,Once,3 days,113/81,78,100.5,92,Reality into force become.
user83,Pass@8101,barbara62@example.net,Brittany Estrada,1974-04-15,2025-12-27,6,Dr. Priya Sharma,Cough,Asthma,True,High,47,Atorvastatin,1 tablets,Twice,6 days,117/80,92,100.4,95,Number similar lawyer whether blood need account.
user83,Pass@8101,barbara62@example.net,Brittany Estrada,1974-04-15,2026-01-11,6,Dr. Priya Sharma,Cough,Cardiac Issue,True,High,58,Levothyroxine,2 tablets,Thrice,7 days,116/76,93,98.0,93,Spend measure PM card hand administration.
user83,Pass@8101,barbara62@example.net,Brittany Estrada,1974-04-15,2026-01-30,6,Dr. Kavita Reddy,Headache,Migraine,True,Low,52,Amlodipine,2 tablets,Thrice,7 days,119/62,99,97.1,98,Stage scene draw boy.
user83,Pass@8101,barbara62@example.net,Brittany Estrada,1974-04-15,2026-03-07,6,Dr. Anil Kumar,Routine Checkup,Cardiac Issue,True,Medium,57,Amlodipine,1 tablets,Twice,9 days,123/65,67,98.6,99,Significant between employee see daughter like.
user83,Pass@8101,barbara62@example.net,Brittany Estrada,1974-04-15,2026-03-11,6,Dr. Kavita Reddy,Routine Checkup,Diabetes,True,Low,61,Atorvastatin,1 tablets,Twice,5 days,127/68,60,97.4,95,Develop describe weight easy effect.
user83,Pass@8101,barbara62@example.net,Brittany Estrada,1974-04-15,2026-04-05,6,Dr. Rajesh Singh,Fever,Cardiac Issue,True,High,64,Metformin,2 tablets,Thrice,5 days,100/88,81,97.4,98,Look artist all contain letter idea Mr.
user84,Pass@9246,cmoore@example.org,Joseph Diaz,1999-11-13,2025-09-02,5,Dr. Rajesh Singh,Injury,Migraine,False,Medium,36,Levothyroxine,1 tablets,Once,9 days,104/89,68,99.7,95,Over quality tell see little official.
user84,Pass@9246,cmoore@example.org,Joseph Diaz,1999-11-13,2025-09-21,5,Dr. Anil Kumar,Fever,Hypertension,False,High,42,Salbutamol,1 tablets,Twice,4 days,102/73,61,98.5,99,Outside business score for later four.
user84,Pass@9246,cmoore@example.org,Joseph Diaz,1999-11-13,2026-01-25,5,Dr. Anil Kumar,Headache,Hypertension,False,High,40,Levothyroxine,1 tablets,Twice,10 days,103/77,76,97.2,99,Place put main action positive.
user84,Pass@9246,cmoore@example.org,Joseph Diaz,1999-11-13,2026-02-25,5,Dr. Neha Verma,Skin Issue,Diabetes,False,Medium,53,Salbutamol,2 tablets,Once,6 days,114/61,78,100.7,96,Guess impact including vote everybody leave.
user84,Pass@9246,cmoore@example.org,Joseph Diaz,1999-11-13,2026-03-23,5,Dr. Priya Sharma,Chest Pain,Thyroid Disorder,False,Low,47,Atorvastatin,1 tablets,Thrice,5 days,120/71,68,97.3,100,Born attorney heart once.
user85,Pass@4923,martinezkristin@example.org,Ashley Erickson,1988-09-18,2025-09-02,6,Dr. Rajesh Singh,Routine Checkup,Thyroid Disorder,True,High,28,Metformin,2 tablets,Once,10 days,115/84,75,100.0,95,Show list while where right.
user85,Pass@4923,martinezkristin@example.org,Ashley Erickson,1988-09-18,2025-10-19,6,Dr. Neha Verma,Routine Checkup,Hypertension,True,Medium,31,Salbutamol,1 tablets,Twice,7 days,104/67,70,100.4,99,Mouth pay spend describe.
user85,Pass@4923,martinezkristin@example.org,Ashley Erickson,1988-09-18,2025-10-27,6,Dr. Rajesh Singh,Chest Pain,Thyroid Disorder,True,Medium,37,Metformin,1 tablets,Once,3 days,119/81,80,99.3,98,Safe minute whom others executive Democrat area.
user85,Pass@4923,martinezkristin@example.org,Ashley Erickson,1988-09-18,2025-11-28,6,Dr. Kavita Reddy,Injury,Hypertension,True,Low,49,Paracetamol,1 tablets,Once,8 days,120/65,61,100.1,93,Real radio country must key.
user85,Pass@4923,martinezkristin@example.org,Ashley Erickson,1988-09-18,2026-01-22,6,Dr. Priya Sharma,Follow-up,Thyroid Disorder,True,High,48,Metformin,2 tablets,Twice,7 days,110/74,74,98.9,96,Perhaps idea over no choose little.
user85,Pass@4923,martinezkristin@example.org,Ashley Erickson,1988-09-18,2026-02-07,6,Dr. Priya Sharma,Headache,Thyroid Disorder,True,Low,51,Metformin,2 tablets,Once,5 days,100/77,93,99.7,100,Ask power role trouble particular gun.
user86,Pass@8969,sara65@example.org,Kimberly Hernandez,1989-07-15,2025-08-21,3,Dr. Anil Kumar,Skin Issue,Thyroid Disorder,True,Medium,43,Levothyroxine,2 tablets,Thrice,10 days,116/71,81,98.6,92,Ten him production safe main follow.
user86,Pass@8969,sara65@example.org,Kimberly Hernandez,1989-07-15,2025-11-21,3,Dr. Neha Verma,Headache,Cardiac Issue,True,Low,38,Atorvastatin,1 tablets,Twice,6 days,134/78,69,97.8,99,Maintain skill act receive interesting.
user86,Pass@8969,sara65@example.org,Kimberly Hernandez,1989-07-15,2026-02-13,3,Dr. Kavita Reddy,Cough,Hypertension,True,Low,43,Metformin,2 tablets,Once,4 days,116/83,83,98.8,96,Successful red six force.
user87,Pass@3219,fsanchez@example.com,John Butler,1955-09-19,2025-10-09,6,Dr. Anil Kumar,Routine Checkup,Hypertension,False,Medium,45,Salbutamol,1 tablets,Thrice,9 days,123/65,85,98.2,96,Sport reach woman laugh.
user87,Pass@3219,fsanchez@example.com,John Butler,1955-09-19,2025-12-03,6,Dr. Anil Kumar,Chest Pain,Hypertension,False,Medium,54,Atorvastatin,2 tablets,Thrice,10 days,102/66,71,98.5,100,Natural wait fall throw.
user87,Pass@3219,fsanchez@example.com,John Butler,1955-09-19,2025-12-20,6,Dr. Kavita Reddy,Headache,Diabetes,False,Low,47,Atorvastatin,2 tablets,Twice,9 days,106/65,78,98.8,92,Serve else claim generation.
user87,Pass@3219,fsanchez@example.com,John Butler,1955-09-19,2026-01-01,6,Dr. Neha Verma,Skin Issue,Thyroid Disorder,False,Medium,60,Amlodipine,2 tablets,Once,10 days,135/84,86,99.1,97,Car at once language.
user87,Pass@3219,fsanchez@example.com,John Butler,1955-09-19,2026-02-04,6,Dr. Kavita Reddy,Skin Issue,Asthma,False,Low,61,Amlodipine,1 tablets,Thrice,10 days,140/73,81,98.9,92,Central card family tend trip.
user87,Pass@3219,fsanchez@example.com,John Butler,1955-09-19,2026-02-08,6,Dr. Anil Kumar,Follow-up,Thyroid Disorder,False,Medium,64,Levothyroxine,2 tablets,Once,6 days,120/66,86,99.3,97,Design case avoid manager.
user88,Pass@5599,michael74@example.com,Bryan Myers,1959-07-23,2025-08-14,5,Dr. Rajesh Singh,Chest Pain,Migraine,True,Medium,55,Paracetamol,2 tablets,Once,10 days,126/64,68,98.5,94,Soon leader pretty on draw build.
user88,Pass@5599,michael74@example.com,Bryan Myers,1959-07-23,2025-09-29,5,Dr. Kavita Reddy,Routine Checkup,Cardiac Issue,True,Low,59,Levothyroxine,2 tablets,Twice,3 days,106/83,62,97.3,94,Send wind against with look.
user88,Pass@5599,michael74@example.com,Bryan Myers,1959-07-23,2025-11-26,5,Dr. Neha Verma,Headache,Diabetes,True,Medium,60,Levothyroxine,2 tablets,Once,8 days,138/90,75,99.1,95,Shoulder leg fine debate democratic particular.
user88,Pass@5599,michael74@example.com,Bryan Myers,1959-07-23,2025-12-30,5,Dr. Anil Kumar,Fever,Asthma,True,Medium,75,Amlodipine,1 tablets,Once,5 days,103/71,97,97.9,96,Feel economy because feeling stay perform certain certainly.
user88,Pass@5599,michael74@example.com,Bryan Myers,1959-07-23,2026-02-27,5,Dr. Priya Sharma,Cough,Cardiac Issue,True,Medium,71,Paracetamol,1 tablets,Once,6 days,109/64,96,98.9,94,Against firm according.
user89,Pass@2797,samuelcalderon@example.com,Wendy Hoffman,1963-06-14,2025-08-28,4,Dr. Priya Sharma,Injury,Thyroid Disorder,True,Medium,63,Metformin,2 tablets,Twice,10 days,134/68,77,100.2,92,No today concern employee decade.
user89,Pass@2797,samuelcalderon@example.com,Wendy Hoffman,1963-06-14,2026-01-01,4,Dr. Kavita Reddy,Skin Issue,Migraine,True,Low,64,Paracetamol,2 tablets,Thrice,4 days,129/61,84,99.7,99,Science first her thousand couple reveal.
user89,Pass@2797,samuelcalderon@example.com,Wendy Hoffman,1963-06-14,2026-01-05,4,Dr. Anil Kumar,Headache,Hypertension,True,Medium,70,Metformin,2 tablets,Twice,5 days,120/86,90,100.7,93,Fine together lead why force.
user89,Pass@2797,samuelcalderon@example.com,Wendy Hoffman,1963-06-14,2026-03-29,4,Dr. Priya Sharma,Injury,Thyroid Disorder,True,High,74,Amlodipine,2 tablets,Twice,7 days,138/69,81,97.2,100,Must window trade contain wait we.
user90,Pass@2532,theresadavis@example.org,Andrew Nichols,1956-09-20,2025-08-23,4,Dr. Kavita Reddy,Injury,Diabetes,True,Low,30,Paracetamol,2 tablets,Once,5 days,103/69,67,98.7,93,Deep when own so officer discuss.
user90,Pass@2532,theresadavis@example.org,Andrew Nichols,1956-09-20,2025-08-24,4,Dr. Kavita Reddy,Fever,Asthma,True,Low,45,Amlodipine,1 tablets,Twice,10 days,100/79,91,100.5,99,Similar paper beat offer long listen project.
user90,Pass@2532,theresadavis@example.org,Andrew Nichols,1956-09-20,2025-12-09,4,Dr. Priya Sharma,Cough,Cardiac Issue,True,Low,34,Paracetamol,2 tablets,Thrice,8 days,130/77,64,98.2,100,Nice prepare friend coach answer must quite.
user90,Pass@2532,theresadavis@example.org,Andrew Nichols,1956-09-20,2026-03-10,4,Dr. Rajesh Singh,Cough,Migraine,True,Low,37,Amlodipine,1 tablets,Twice,4 days,104/78,98,99.8,99,Section act suggest including born lot soldier.
user91,Pass@9816,bernardronald@example.org,Miss Autumn Wilson,1997-07-02,2025-09-02,6,Dr. Priya Sharma,Skin Issue,Cardiac Issue,True,Low,44,Salbutamol,2 tablets,Once,7 days,116/69,79,100.8,96,Include bed especially free.
user91,Pass@9816,bernardronald@example.org,Miss Autumn Wilson,1997-07-02,2025-09-26,6,Dr. Neha Verma,Headache,Diabetes,True,Low,34,Atorvastatin,1 tablets,Twice,6 days,102/83,65,100.7,100,Follow author start however role career company.
user91,Pass@9816,bernardronald@example.org,Miss Autumn Wilson,1997-07-02,2025-09-30,6,Dr. Priya Sharma,Skin Issue,Hypertension,True,Medium,39,Atorvastatin,2 tablets,Thrice,9 days,140/61,80,98.3,99,Wife focus agency between ability.
user91,Pass@9816,bernardronald@example.org,Miss Autumn Wilson,1997-07-02,2025-10-27,6,Dr. Priya Sharma,Fever,Cardiac Issue,True,Low,44,Salbutamol,1 tablets,Twice,9 days,139/75,83,97.2,93,Soon lose whatever floor should visit.
user91,Pass@9816,bernardronald@example.org,Miss Autumn Wilson,1997-07-02,2026-02-19,6,Dr. Kavita Reddy,Injury,Thyroid Disorder,True,Medium,49,Salbutamol,1 tablets,Thrice,4 days,105/74,69,98.2,100,Likely action nature major.
user91,Pass@9816,bernardronald@example.org,Miss Autumn Wilson,1997-07-02,2026-03-03,6,Dr. Anil Kumar,Chest Pain,Cardiac Issue,True,Low,57,Paracetamol,1 tablets,Twice,9 days,102/77,100,97.1,100,On culture experience job.
user92,Pass@4584,sarah78@example.net,Alexandria Walsh,1992-07-01,2025-09-27,6,Dr. Anil Kumar,Fever,Diabetes,False,Low,63,Paracetamol,1 tablets,Twice,3 days,106/76,80,97.2,97,Common since throw team section property reality answer.
user92,Pass@4584,sarah78@example.net,Alexandria Walsh,1992-07-01,2025-12-20,6,Dr. Rajesh Singh,Injury,Thyroid Disorder,False,Medium,62,Atorvastatin,1 tablets,Twice,6 days,108/77,88,98.4,92,Meet lose picture room build reach nation.
user92,Pass@4584,sarah78@example.net,Alexandria Walsh,1992-07-01,2026-01-02,6,Dr. Priya Sharma,Skin Issue,Thyroid Disorder,False,Medium,78,Metformin,2 tablets,Twice,8 days,102/87,65,98.3,95,Environment open hard.
user92,Pass@4584,sarah78@example.net,Alexandria Walsh,1992-07-01,2026-03-10,6,Dr. Neha Verma,Follow-up,Cardiac Issue,False,High,77,Salbutamol,2 tablets,Once,7 days,130/60,63,100.1,93,In quickly change very particular scientist public.
user92,Pass@4584,sarah78@example.net,Alexandria Walsh,1992-07-01,2026-03-10,6,Dr. Neha Verma,Cough,Thyroid Disorder,False,High,86,Salbutamol,1 tablets,Once,7 days,102/76,86,98.4,96,In or seek now heavy.
user92,Pass@4584,sarah78@example.net,Alexandria Walsh,1992-07-01,2026-03-10,6,Dr. Neha Verma,Headache,Asthma,False,Low,79,Amlodipine,2 tablets,Thrice,5 days,115/61,85,100.2,100,Model hotel actually gun or.
user93,Pass@4879,crystalsmith@example.com,Sabrina Brown,1971-12-14,2025-10-04,5,Dr. Anil Kumar,Cough,Asthma,False,High,46,Levothyroxine,2 tablets,Thrice,5 days,115/66,61,99.0,95,It make view treatment so effort.
user93,Pass@4879,crystalsmith@example.com,Sabrina Brown,1971-12-14,2025-10-25,5,Dr. Rajesh Singh,Injury,Hypertension,False,Low,56,Levothyroxine,2 tablets,Once,9 days,117/63,74,99.8,98,Ok low American example.
user93,Pass@4879,crystalsmith@example.com,Sabrina Brown,1971-12-14,2025-12-19,5,Dr. Rajesh Singh,Headache,Thyroid Disorder,False,Medium,58,Levothyroxine,2 tablets,Thrice,8 days,130/82,90,99.7,100,Improve group population coach recent man.
user93,Pass@4879,crystalsmith@example.com,Sabrina Brown,1971-12-14,2026-01-16,5,Dr. Neha Verma,Follow-up,Diabetes,False,High,61,Atorvastatin,2 tablets,Twice,10 days,108/86,75,99.4,95,Rise property common west.
user93,Pass@4879,crystalsmith@example.com,Sabrina Brown,1971-12-14,2026-02-20,5,Dr. Anil Kumar,Headache,Thyroid Disorder,False,Medium,62,Atorvastatin,2 tablets,Thrice,9 days,128/79,91,100.8,97,History information series enjoy.
user94,Pass@4116,cristinafranklin@example.com,Steven Montoya,1993-02-24,2025-11-23,4,Dr. Anil Kumar,Routine Checkup,Hypertension,True,Low,48,Metformin,2 tablets,Once,5 days,122/67,94,100.6,93,Discover charge wind although.
user94,Pass@4116,cristinafranklin@example.com,Steven Montoya,1993-02-24,2025-12-05,4,Dr. Neha Verma,Fever,Hypertension,True,Low,52,Salbutamol,1 tablets,Thrice,4 days,100/76,61,98.0,92,Reflect throughout very.
user94,Pass@4116,cristinafranklin@example.com,Steven Montoya,1993-02-24,2025-12-10,4,Dr. Kavita Reddy,Fever,Asthma,True,Medium,42,Paracetamol,1 tablets,Once,5 days,120/84,65,100.5,93,Executive lose suddenly role.
user94,Pass@4116,cristinafranklin@example.com,Steven Montoya,1993-02-24,2026-03-11,4,Dr. Rajesh Singh,Follow-up,Cardiac Issue,True,Medium,47,Levothyroxine,2 tablets,Once,8 days,113/63,79,99.5,100,Hundred improve position challenge chance around read.
user95,Pass@9523,romerocaroline@example.net,Tiffany Ray,1988-02-18,2025-09-29,2,Dr. Priya Sharma,Chest Pain,Thyroid Disorder,True,High,64,Levothyroxine,2 tablets,Thrice,7 days,138/86,69,99.4,93,Move soldier fear fly power.
user95,Pass@9523,romerocaroline@example.net,Tiffany Ray,1988-02-18,2025-10-07,2,Dr. Anil Kumar,Skin Issue,Thyroid Disorder,True,Low,64,Atorvastatin,2 tablets,Thrice,9 days,139/71,67,98.4,99,History guess past her party process.
user96,Pass@6923,william32@example.com,Mary Adams,1996-01-13,2025-11-28,2,Dr. Neha Verma,Chest Pain,Asthma,False,Medium,48,Amlodipine,2 tablets,Thrice,3 days,115/66,64,97.1,95,Understand behind occur mind meet attack.
user96,Pass@6923,william32@example.com,Mary Adams,1996-01-13,2026-03-13,2,Dr. Rajesh Singh,Headache,Hypertension,False,Medium,54,Atorvastatin,1 tablets,Once,7 days,139/69,95,98.3,96,War agreement box order yes.
user97,Pass@6606,vkelly@example.org,Tanya Bautista,1976-03-22,2025-08-15,2,Dr. Priya Sharma,Injury,Diabetes,False,Low,31,Metformin,1 tablets,Thrice,9 days,104/72,76,97.0,94,Recognize body front look my surface.
user97,Pass@6606,vkelly@example.org,Tanya Bautista,1976-03-22,2025-12-09,2,Dr. Kavita Reddy,Headache,Hypertension,False,Low,37,Salbutamol,1 tablets,Thrice,4 days,127/74,70,97.8,93,Challenge toward likely last her shake deal house.
user98,Pass@4844,lisa45@example.net,Amber Montgomery,1977-12-25,2025-08-21,6,Dr. Neha Verma,Injury,Asthma,True,Medium,58,Salbutamol,2 tablets,Twice,9 days,126/65,83,99.0,97,So operation into together field.
user98,Pass@4844,lisa45@example.net,Amber Montgomery,1977-12-25,2025-09-22,6,Dr. Rajesh Singh,Headache,Thyroid Disorder,True,Low,71,Levothyroxine,2 tablets,Once,8 days,106/66,69,101.0,95,Language human out security spend understand our.
user98,Pass@4844,lisa45@example.net,Amber Montgomery,1977-12-25,2025-10-08,6,Dr. Anil Kumar,Injury,Hypertension,True,High,69,Salbutamol,2 tablets,Thrice,9 days,100/64,89,100.4,94,Deep nearly choose continue return design exactly.
user98,Pass@4844,lisa45@example.net,Amber Montgomery,1977-12-25,2025-11-11,6,Dr. Rajesh Singh,Headache,Diabetes,True,High,77,Atorvastatin,1 tablets,Once,4 days,128/74,100,99.6,92,Candidate scene lawyer instead bit impact hundred.
user98,Pass@4844,lisa45@example.net,Amber Montgomery,1977-12-25,2025-12-18,6,Dr. Rajesh Singh,Cough,Hypertension,True,Low,69,Metformin,2 tablets,Thrice,7 days,111/82,90,97.6,94,Foot six TV else.
user98,Pass@4844,lisa45@example.net,Amber Montgomery,1977-12-25,2026-01-16,6,Dr. Neha Verma,Chest Pain,Asthma,True,Medium,77,Amlodipine,2 tablets,Once,10 days,105/76,90,99.6,94,Surface when after force guy history while ahead.
user99,Pass@1734,kaitlin51@example.net,Megan Harrington,1960-07-12,2025-10-24,5,Dr. Kavita Reddy,Chest Pain,Cardiac Issue,False,High,71,Atorvastatin,1 tablets,Once,10 days,128/61,97,100.0,99,Expert best raise.
user99,Pass@1734,kaitlin51@example.net,Megan Harrington,1960-07-12,2025-12-25,5,Dr. Rajesh Singh,Cough,Thyroid Disorder,False,Medium,70,Amlodipine,1 tablets,Once,10 days,114/84,89,97.5,99,Second physical push rate suggest authority.
user99,Pass@1734,kaitlin51@example.net,Megan Harrington,1960-07-12,2026-01-06,5,Dr. Priya Sharma,Headache,Cardiac Issue,False,Medium,78,Metformin,1 tablets,Once,10 days,138/87,93,101.0,100,Data away ball role specific less no.
user99,Pass@1734,kaitlin51@example.net,Megan Harrington,1960-07-12,2026-01-30,5,Dr. Neha Verma,Cough,Hypertension,False,Medium,86,Metformin,2 tablets,Thrice,7 days,105/86,82,97.0,92,Medical camera my become consider explain.
user99,Pass@1734,kaitlin51@example.net,Megan Harrington,1960-07-12,2026-03-19,5,Dr. Rajesh Singh,Headache,Migraine,False,High,89,Paracetamol,1 tablets,Thrice,4 days,119/82,78,100.4,93,Rather whether bag both.
user100,Pass@2537,ericapacheco@example.org,Paul Mccoy MD,1977-09-15,2025-10-03,3,Dr. Neha Verma,Cough,Asthma,True,High,31,Salbutamol,1 tablets,Twice,3 days,113/69,87,100.7,98,Since practice business.
user100,Pass@2537,ericapacheco@example.org,Paul Mccoy MD,1977-09-15,2025-12-02,3,Dr. Kavita Reddy,Headache,Cardiac Issue,True,Medium,29,Metformin,2 tablets,Thrice,8 days,113/76,98,98.5,94,Form investment financial exist.
user100,Pass@2537,ericapacheco@example.org,Paul Mccoy MD,1977-09-15,2026-01-23,3,Dr. Neha Verma,Follow-up,Hypertension,True,Medium,46,Levothyroxine,2 tablets,Once,9 days,101/71,67,98.8,97,Read turn or day.
user101,Pass@1985,jessica30@example.com,Troy Sanders,1954-12-28,2025-08-14,5,Dr. Priya Sharma,Follow-up,Thyroid Disorder,True,Low,51,Salbutamol,1 tablets,Twice,3 days,140/71,72,100.0,99,Affect method choice senior toward.
user101,Pass@1985,jessica30@example.com,Troy Sanders,1954-12-28,2025-10-19,5,Dr. Priya Sharma,Fever,Cardiac Issue,True,Low,46,Levothyroxine,2 tablets,Thrice,8 days,108/85,65,100.8,97,Before right shake already financial pretty control dream.
user101,Pass@1985,jessica30@example.com,Troy Sanders,1954-12-28,2025-11-17,5,Dr. Anil Kumar,Headache,Thyroid Disorder,True,High,49,Amlodipine,1 tablets,Thrice,10 days,130/77,100,99.8,95,Next moment machine think your building.
user101,Pass@1985,jessica30@example.com,Troy Sanders,1954-12-28,2025-11-24,5,Dr. Priya Sharma,Cough,Asthma,True,High,48,Amlodipine,2 tablets,Twice,8 days,130/70,97,98.5,96,Claim natural friend article against cold.
user101,Pass@1985,jessica30@example.com,Troy Sanders,1954-12-28,2026-03-30,5,Dr. Rajesh Singh,Routine Checkup,Diabetes,True,Low,65,Atorvastatin,1 tablets,Twice,6 days,131/69,84,100.4,97,Federal lay stock those series of case.
user102,Pass@4690,george35@example.net,Thomas Hughes,1954-06-05,2025-08-13,4,Dr. Anil Kumar,Routine Checkup,Thyroid Disorder,True,Low,34,Levothyroxine,1 tablets,Once,4 days,112/90,90,98.1,100,Build majority book local about rather.
user102,Pass@4690,george35@example.net,Thomas Hughes,1954-06-05,2026-01-03,4,Dr. Rajesh Singh,Routine Checkup,Diabetes,True,High,35,Levothyroxine,2 tablets,Thrice,5 days,118/69,93,100.5,92,Statement social several phone cost name voice.
user102,Pass@4690,george35@example.net,Thomas Hughes,1954-06-05,2026-01-08,4,Dr. Neha Verma,Follow-up,Asthma,True,High,46,Atorvastatin,2 tablets,Once,5 days,136/83,95,100.5,94,Consider may car owner remember.
user102,Pass@4690,george35@example.net,Thomas Hughes,1954-06-05,2026-04-01,4,Dr. Kavita Reddy,Follow-up,Hypertension,True,High,56,Atorvastatin,1 tablets,Once,4 days,114/90,75,97.8,97,Color tree go site through social.
user103,Pass@9619,juliemaldonado@example.net,Vanessa Harris,2002-07-19,2025-08-15,6,Dr. Kavita Reddy,Cough,Hypertension,False,Low,45,Atorvastatin,2 tablets,Twice,5 days,106/87,87,98.1,96,Fill certainly major which star dinner.
user103,Pass@9619,juliemaldonado@example.net,Vanessa Harris,2002-07-19,2025-09-22,6,Dr. Kavita Reddy,Headache,Asthma,False,Medium,46,Atorvastatin,1 tablets,Twice,10 days,139/66,89,97.5,100,Care property listen behind plant matter fast.
user103,Pass@9619,juliemaldonado@example.net,Vanessa Harris,2002-07-19,2025-10-30,6,Dr. Neha Verma,Fever,Cardiac Issue,False,Low,53,Paracetamol,2 tablets,Twice,8 days,111/70,73,98.4,95,Account hotel floor right reach top exactly.
user103,Pass@9619,juliemaldonado@example.net,Vanessa Harris,2002-07-19,2025-10-31,6,Dr. Rajesh Singh,Injury,Thyroid Disorder,False,Low,65,Salbutamol,2 tablets,Twice,6 days,129/64,96,98.0,93,Measure table what.
user103,Pass@9619,juliemaldonado@example.net,Vanessa Harris,2002-07-19,2025-12-05,6,Dr. Neha Verma,Follow-up,Migraine,False,High,68,Metformin,1 tablets,Thrice,3 days,116/68,62,98.5,98,Situation win north brother building various.
user103,Pass@9619,juliemaldonado@example.net,Vanessa Harris,2002-07-19,2026-01-09,6,Dr. Anil Kumar,Routine Checkup,Hypertension,False,Medium,71,Amlodipine,1 tablets,Twice,4 days,100/90,64,97.3,95,Maintain resource around drive door tell story.
user104,Pass@8462,geraldmunoz@example.net,Hannah Hardy,2000-06-02,2025-09-13,5,Dr. Neha Verma,Fever,Migraine,False,High,43,Amlodipine,1 tablets,Thrice,6 days,117/60,63,100.1,98,Buy heart reality.
user104,Pass@8462,geraldmunoz@example.net,Hannah Hardy,2000-06-02,2025-11-06,5,Dr. Neha Verma,Chest Pain,Diabetes,False,Low,31,Metformin,1 tablets,Twice,7 days,139/83,67,98.6,93,Late manage management operation mouth.
user104,Pass@8462,geraldmunoz@example.net,Hannah Hardy,2000-06-02,2025-12-02,5,Dr. Kavita Reddy,Injury,Diabetes,False,Low,48,Metformin,1 tablets,Twice,9 days,115/72,82,98.5,95,Support large give send.
user104,Pass@8462,geraldmunoz@example.net,Hannah Hardy,2000-06-02,2026-02-21,5,Dr. Neha Verma,Routine Checkup,Asthma,False,High,45,Levothyroxine,1 tablets,Thrice,5 days,100/63,71,101.0,96,Building along among could.
user104,Pass@8462,geraldmunoz@example.net,Hannah Hardy,2000-06-02,2026-04-01,5,Dr. Neha Verma,Chest Pain,Cardiac Issue,False,Medium,54,Salbutamol,1 tablets,Twice,7 days,118/75,86,99.0,93,More accept tend region resource pass.
user105,Pass@5185,cindy71@example.com,Gina Pierce,1991-05-11,2025-08-26,6,Dr. Neha Verma,Headache,Hypertension,True,Medium,59,Atorvastatin,2 tablets,Twice,3 days,139/76,81,100.4,98,End remain interest term loss person.
user105,Pass@5185,cindy71@example.com,Gina Pierce,1991-05-11,2025-09-02,6,Dr. Neha Verma,Cough,Diabetes,True,Medium,58,Atorvastatin,1 tablets,Thrice,5 days,101/74,89,99.4,93,Mrs natural pretty.
user105,Pass@5185,cindy71@example.com,Gina Pierce,1991-05-11,2025-09-02,6,Dr. Rajesh Singh,Chest Pain,Hypertension,True,Medium,57,Atorvastatin,2 tablets,Thrice,6 days,105/82,62,97.5,100,Education gas foot lot culture song suddenly remember.
user105,Pass@5185,cindy71@example.com,Gina Pierce,1991-05-11,2025-10-01,6,Dr. Neha Verma,Fever,Diabetes,True,Low,72,Salbutamol,2 tablets,Thrice,10 days,100/78,66,97.2,96,Manage him station certain water computer meeting position.
user105,Pass@5185,cindy71@example.com,Gina Pierce,1991-05-11,2026-01-28,6,Dr. Kavita Reddy,Cough,Migraine,True,Medium,77,Levothyroxine,1 tablets,Twice,4 days,109/76,66,99.1,93,Manager read popular girl consumer.
user105,Pass@5185,cindy71@example.com,Gina Pierce,1991-05-11,2026-02-01,6,Dr. Anil Kumar,Cough,Migraine,True,Medium,79,Atorvastatin,2 tablets,Once,4 days,112/74,100,99.3,97,Reason stuff benefit turn nation young.
user106,Pass@2202,rebeccabrown@example.org,Michael Baker,1992-06-19,2025-09-05,6,Dr. Rajesh Singh,Routine Checkup,Hypertension,False,Low,36,Atorvastatin,1 tablets,Thrice,7 days,108/87,70,98.6,94,Society serious major ok everybody line individual mean.
user106,Pass@2202,rebeccabrown@example.org,Michael Baker,1992-06-19,2025-09-20,6,Dr. Neha Verma,Fever,Cardiac Issue,False,High,49,Levothyroxine,2 tablets,Thrice,5 days,116/87,69,97.1,93,Reveal million institution option find out stay.
user106,Pass@2202,rebeccabrown@example.org,Michael Baker,1992-06-19,2025-10-12,6,Dr. Neha Verma,Skin Issue,Diabetes,False,Medium,41,Atorvastatin,2 tablets,Twice,8 days,110/90,99,100.7,100,Tell cell stand decide physical.
user106,Pass@2202,rebeccabrown@example.org,Michael Baker,1992-06-19,2025-10-14,6,Dr. Priya Sharma,Skin Issue,Diabetes,False,High,43,Paracetamol,1 tablets,Once,6 days,103/66,73,99.3,100,Officer yet south.
user106,Pass@2202,rebeccabrown@example.org,Michael Baker,1992-06-19,2025-12-23,6,Dr. Kavita Reddy,Headache,Diabetes,False,Low,58,Levothyroxine,1 tablets,Thrice,8 days,134/62,68,97.2,94,Picture building between you.
user106,Pass@2202,rebeccabrown@example.org,Michael Baker,1992-06-19,2026-03-14,6,Dr. Anil Kumar,Injury,Hypertension,False,Medium,62,Salbutamol,1 tablets,Thrice,10 days,140/79,60,100.7,93,Than follow answer red president that perform past.
user107,Pass@7029,lhobbs@example.net,Robert Garcia,1975-05-12,2025-08-10,5,Dr. Priya Sharma,Skin Issue,Diabetes,False,Medium,34,Atorvastatin,1 tablets,Twice,6 days,135/63,84,98.9,98,Art medical box expect film story.
user107,Pass@7029,lhobbs@example.net,Robert Garcia,1975-05-12,2025-08-16,5,Dr. Neha Verma,Headache,Asthma,False,High,44,Paracetamol,1 tablets,Once,10 days,129/60,91,100.4,97,Cell room around that science.
user107,Pass@7029,lhobbs@example.net,Robert Garcia,1975-05-12,2025-08-31,5,Dr. Kavita Reddy,Cough,Hypertension,False,High,48,Metformin,2 tablets,Twice,3 days,102/84,81,99.8,96,Audience than consider including.
user107,Pass@7029,lhobbs@example.net,Robert Garcia,1975-05-12,2025-08-31,5,Dr. Kavita Reddy,Fever,Asthma,False,High,41,Salbutamol,1 tablets,Twice,3 days,120/72,69,99.5,93,Offer pattern memory head describe large.
user107,Pass@7029,lhobbs@example.net,Robert Garcia,1975-05-12,2025-12-02,5,Dr. Neha Verma,Routine Checkup,Cardiac Issue,False,High,46,Salbutamol,1 tablets,Twice,3 days,118/80,89,98.8,92,Treatment idea stop indicate charge north.
user108,Pass@8485,branchjames@example.com,Charles Ward,1954-05-29,2025-09-28,5,Dr. Kavita Reddy,Headache,Diabetes,True,Medium,53,Amlodipine,2 tablets,Once,10 days,110/61,83,100.6,92,End change home.
user108,Pass@8485,branchjames@example.com,Charles Ward,1954-05-29,2025-11-01,5,Dr. Priya Sharma,Chest Pain,Cardiac Issue,True,Medium,66,Paracetamol,1 tablets,Thrice,5 days,114/70,61,99.2,94,Claim traditional force social society.
user108,Pass@8485,branchjames@example.com,Charles Ward,1954-05-29,2025-11-03,5,Dr. Anil Kumar,Injury,Diabetes,True,Low,75,Metformin,1 tablets,Twice,10 days,126/70,95,97.0,93,Student price statement citizen small local detail.
user108,Pass@8485,branchjames@example.com,Charles Ward,1954-05-29,2025-12-01,5,Dr. Neha Verma,Skin Issue,Hypertension,True,High,63,Levothyroxine,2 tablets,Once,3 days,125/86,64,97.3,94,Left city where conference compare approach.
user108,Pass@8485,branchjames@example.com,Charles Ward,1954-05-29,2025-12-11,5,Dr. Rajesh Singh,Injury,Cardiac Issue,True,Low,81,Amlodipine,1 tablets,Twice,6 days,131/83,83,100.4,96,Hot church today huge.
user109,Pass@9369,ntucker@example.org,Michelle Jones,1978-07-18,2025-10-22,6,Dr. Rajesh Singh,Cough,Asthma,False,Low,61,Paracetamol,2 tablets,Once,6 days,114/64,88,100.7,94,Red gas music address break guess.
user109,Pass@9369,ntucker@example.org,Michelle Jones,1978-07-18,2025-12-19,6,Dr. Kavita Reddy,Cough,Thyroid Disorder,False,Low,75,Levothyroxine,1 tablets,Twice,7 days,116/85,74,97.7,93,Style very case decision.
user109,Pass@9369,ntucker@example.org,Michelle Jones,1978-07-18,2025-12-22,6,Dr. Kavita Reddy,Follow-up,Migraine,False,High,73,Amlodipine,1 tablets,Once,7 days,134/76,84,99.6,100,Be three option ahead responsibility many.
user109,Pass@9369,ntucker@example.org,Michelle Jones,1978-07-18,2025-12-23,6,Dr. Rajesh Singh,Headache,Cardiac Issue,False,Medium,70,Metformin,1 tablets,Once,5 days,139/89,83,98.0,96,Cell never listen article current difference city indicate.
user109,Pass@9369,ntucker@example.org,Michelle Jones,1978-07-18,2026-01-24,6,Dr. Kavita Reddy,Injury,Thyroid Disorder,False,Low,88,Levothyroxine,2 tablets,Once,5 days,137/78,74,99.5,93,Fine loss whether success term give fly.
user109,Pass@9369,ntucker@example.org,Michelle Jones,1978-07-18,2026-02-27,6,Dr. Kavita Reddy,Cough,Migraine,False,Medium,84,Salbutamol,1 tablets,Thrice,7 days,120/74,81,99.6,100,Room war information form these in.
user110,Pass@4836,tpennington@example.com,Michael Terry,2003-11-25,2025-08-19,4,Dr. Kavita Reddy,Fever,Diabetes,True,Medium,50,Salbutamol,2 tablets,Once,3 days,132/86,75,99.0,93,Person indeed line rich whose.
user110,Pass@4836,tpennington@example.com,Michael Terry,2003-11-25,2025-08-27,4,Dr. Priya Sharma,Headache,Asthma,True,Medium,55,Levothyroxine,2 tablets,Once,3 days,139/61,76,100.5,98,Agree assume director Mr foreign lawyer leave these.
user110,Pass@4836,tpennington@example.com,Michael Terry,2003-11-25,2025-09-16,4,Dr. Anil Kumar,Fever,Thyroid Disorder,True,Low,53,Metformin,1 tablets,Twice,5 days,138/80,81,99.1,93,Marriage executive bill agreement clearly.
user110,Pass@4836,tpennington@example.com,Michael Terry,2003-11-25,2025-09-28,4,Dr. Kavita Reddy,Chest Pain,Hypertension,True,High,65,Amlodipine,2 tablets,Thrice,6 days,129/67,92,100.4,92,Challenge table education now.
user111,Pass@3125,hannahfoster@example.org,Elijah Collins,1997-02-19,2025-11-14,5,Dr. Anil Kumar,Cough,Thyroid Disorder,True,High,67,Atorvastatin,1 tablets,Thrice,8 days,110/60,63,100.7,99,Most standard candidate three price yeah yard.
user111,Pass@3125,hannahfoster@example.org,Elijah Collins,1997-02-19,2025-12-19,5,Dr. Kavita Reddy,Chest Pain,Asthma,True,High,74,Salbutamol,1 tablets,Twice,9 days,131/74,65,99.3,94,Above north fill pay start.
user111,Pass@3125,hannahfoster@example.org,Elijah Collins,1997-02-19,2025-12-24,5,Dr. Rajesh Singh,Chest Pain,Diabetes,True,High,66,Levothyroxine,1 tablets,Thrice,7 days,102/69,83,99.1,96,Hand again event recent.
user111,Pass@3125,hannahfoster@example.org,Elijah Collins,1997-02-19,2026-02-04,5,Dr. Rajesh Singh,Routine Checkup,Asthma,True,High,72,Atorvastatin,1 tablets,Thrice,9 days,103/67,65,100.9,94,So successful church low.
user111,Pass@3125,hannahfoster@example.org,Elijah Collins,1997-02-19,2026-02-16,5,Dr. Rajesh Singh,Headache,Diabetes,True,Low,72,Paracetamol,2 tablets,Thrice,6 days,119/84,76,97.6,98,Second loss industry paper thousand indicate late peace.
user112,Pass@7856,andersonkyle@example.net,Ronald Wilson,1951-10-13,2025-10-11,5,Dr. Priya Sharma,Cough,Migraine,True,Low,56,Metformin,1 tablets,Twice,7 days,129/61,75,98.1,96,Participant call song.
user112,Pass@7856,andersonkyle@example.net,Ronald Wilson,1951-10-13,2025-11-04,5,Dr. Anil Kumar,Cough,Migraine,True,High,70,Atorvastatin,2 tablets,Once,6 days,121/90,60,99.4,95,Live behavior business.
user112,Pass@7856,andersonkyle@example.net,Ronald Wilson,1951-10-13,2025-12-06,5,Dr. Anil Kumar,Skin Issue,Migraine,True,Low,59,Amlodipine,2 tablets,Twice,4 days,127/90,62,97.3,100,Young sign interest democratic scientist term stop ground.
user112,Pass@7856,andersonkyle@example.net,Ronald Wilson,1951-10-13,2026-02-10,5,Dr. Rajesh Singh,Follow-up,Hypertension,True,High,71,Salbutamol,2 tablets,Twice,7 days,135/85,82,99.5,93,Particularly school crime structure.
user112,Pass@7856,andersonkyle@example.net,Ronald Wilson,1951-10-13,2026-02-26,5,Dr. Rajesh Singh,Fever,Hypertension,True,Medium,69,Metformin,2 tablets,Thrice,4 days,128/73,65,100.8,93,Admit citizen movement remain while still.
user113,Pass@6344,collin57@example.org,Julie Ferguson,1951-06-02,2025-10-16,2,Dr. Priya Sharma,Headache,Asthma,False,Low,51,Metformin,1 tablets,Twice,9 days,108/81,65,97.9,97,Worker necessary three.
user113,Pass@6344,collin57@example.org,Julie Ferguson,1951-06-02,2026-02-17,2,Dr. Priya Sharma,Routine Checkup,Diabetes,False,High,46,Salbutamol,2 tablets,Once,4 days,110/87,74,100.8,93,Reduce operation choose social form focus above worker.
user114,Pass@1885,martinezjennifer@example.net,Chelsea Sloan,1989-04-30,2025-09-03,4,Dr. Rajesh Singh,Chest Pain,Migraine,False,High,43,Paracetamol,2 tablets,Twice,10 days,131/70,86,98.0,97,Especially throw knowledge body evening ask.
user114,Pass@1885,martinezjennifer@example.net,Chelsea Sloan,1989-04-30,2025-09-30,4,Dr. Anil Kumar,Headache,Diabetes,False,Medium,52,Paracetamol,2 tablets,Twice,7 days,102/61,93,99.0,95,Pretty this grow reason.
user114,Pass@1885,martinezjennifer@example.net,Chelsea Sloan,1989-04-30,2026-01-11,4,Dr. Kavita Reddy,Injury,Thyroid Disorder,False,Low,56,Atorvastatin,1 tablets,Twice,5 days,119/75,71,97.6,97,Condition face personal.
user114,Pass@1885,martinezjennifer@example.net,Chelsea Sloan,1989-04-30,2026-01-18,4,Dr. Neha Verma,Fever,Thyroid Disorder,False,Low,49,Salbutamol,2 tablets,Thrice,9 days,106/65,60,100.8,95,Coach say as event.
user115,Pass@8864,jenniferharrell@example.net,Todd Stone,1961-10-19,2025-08-28,3,Dr. Anil Kumar,Follow-up,Asthma,False,Medium,46,Atorvastatin,1 tablets,Once,10 days,132/61,89,99.7,95,Within challenge share.
user115,Pass@8864,jenniferharrell@example.net,Todd Stone,1961-10-19,2025-09-30,3,Dr. Rajesh Singh,Routine Checkup,Hypertension,False,Medium,42,Salbutamol,1 tablets,Twice,4 days,101/82,85,97.8,97,Race type bar deal.
user115,Pass@8864,jenniferharrell@example.net,Todd Stone,1961-10-19,2025-11-23,3,Dr. Rajesh Singh,Injury,Asthma,False,High,49,Levothyroxine,2 tablets,Twice,8 days,122/66,97,98.0,96,Method kind professional girl.
user116,Pass@5055,wellserika@example.com,Steven Berry,1982-08-12,2025-09-15,4,Dr. Kavita Reddy,Cough,Asthma,True,Medium,53,Salbutamol,1 tablets,Thrice,4 days,105/83,73,97.9,92,Stand second training camera church.
user116,Pass@5055,wellserika@example.com,Steven Berry,1982-08-12,2026-01-05,4,Dr. Neha Verma,Headache,Cardiac Issue,True,Medium,54,Atorvastatin,1 tablets,Once,5 days,137/77,90,98.6,97,Analysis employee page follow fire.
user116,Pass@5055,wellserika@example.com,Steven Berry,1982-08-12,2026-02-03,4,Dr. Priya Sharma,Injury,Asthma,True,Low,51,Paracetamol,1 tablets,Thrice,6 days,126/79,69,99.6,97,Final factor green pull effect per.
user116,Pass@5055,wellserika@example.com,Steven Berry,1982-08-12,2026-02-25,4,Dr. Priya Sharma,Headache,Migraine,True,Medium,64,Metformin,2 tablets,Thrice,5 days,103/77,98,99.6,97,Certain week at talk control nice per.
user117,Pass@2172,fsmith@example.org,Samantha Dyer,1961-05-25,2025-10-05,4,Dr. Priya Sharma,Cough,Asthma,True,Low,42,Metformin,2 tablets,Once,7 days,134/62,74,99.3,98,Election with very wish.
user117,Pass@2172,fsmith@example.org,Samantha Dyer,1961-05-25,2025-11-21,4,Dr. Priya Sharma,Injury,Asthma,True,Medium,42,Salbutamol,1 tablets,Twice,7 days,134/68,60,100.4,96,Hospital consumer set professional.
user117,Pass@2172,fsmith@example.org,Samantha Dyer,1961-05-25,2026-03-12,4,Dr. Rajesh Singh,Cough,Cardiac Issue,True,Low,53,Paracetamol,1 tablets,Once,7 days,130/71,99,99.0,98,Hundred administration woman like treat.
user117,Pass@2172,fsmith@example.org,Samantha Dyer,1961-05-25,2026-03-23,4,Dr. Priya Sharma,Skin Issue,Thyroid Disorder,True,Medium,53,Atorvastatin,2 tablets,Twice,6 days,114/82,74,98.7,96,Claim action lead fill.
user118,Pass@2391,mcdonalddarrell@example.net,Cassie Williams,1959-10-13,2025-08-31,4,Dr. Rajesh Singh,Injury,Hypertension,True,Low,66,Metformin,2 tablets,Once,7 days,129/88,98,100.0,96,Skill wait beautiful fear wear.
user118,Pass@2391,mcdonalddarrell@example.net,Cassie Williams,1959-10-13,2025-09-12,4,Dr. Kavita Reddy,Routine Checkup,Diabetes,True,High,79,Amlodipine,2 tablets,Twice,6 days,117/88,98,98.5,99,Film watch artist positive civil deep.
user118,Pass@2391,mcdonalddarrell@example.net,Cassie Williams,1959-10-13,2026-02-13,4,Dr. Neha Verma,Follow-up,Thyroid Disorder,True,Medium,73,Levothyroxine,2 tablets,Twice,7 days,120/64,62,100.5,92,Ok doctor light similar very.
user118,Pass@2391,mcdonalddarrell@example.net,Cassie Williams,1959-10-13,2026-03-05,4,Dr. Rajesh Singh,Follow-up,Hypertension,True,High,77,Salbutamol,1 tablets,Twice,6 days,112/79,88,100.2,95,Yeah model fight fear new.
user119,Pass@2543,juanbrown@example.net,Jasmine Williams,1982-03-19,2025-09-20,6,Dr. Rajesh Singh,Chest Pain,Diabetes,True,Low,53,Levothyroxine,2 tablets,Once,5 days,110/73,89,97.7,95,Mean speech ball police why network already call.
user119,Pass@2543,juanbrown@example.net,Jasmine Williams,1982-03-19,2026-01-09,6,Dr. Priya Sharma,Fever,Diabetes,True,High,65,Amlodipine,2 tablets,Twice,10 days,120/61,67,100.1,97,Bring resource soon a thus.
user119,Pass@2543,juanbrown@example.net,Jasmine Williams,1982-03-19,2026-01-22,6,Dr. Kavita Reddy,Skin Issue,Hypertension,True,High,60,Paracetamol,1 tablets,Thrice,8 days,113/71,83,97.4,92,Management of onto sea.
user119,Pass@2543,juanbrown@example.net,Jasmine Williams,1982-03-19,2026-01-25,6,Dr. Rajesh Singh,Chest Pain,Hypertension,True,Medium,62,Paracetamol,1 tablets,Once,7 days,117/63,91,100.0,98,Fear receive dark past loss travel hand.
user119,Pass@2543,juanbrown@example.net,Jasmine Williams,1982-03-19,2026-03-19,6,Dr. Anil Kumar,Cough,Hypertension,True,Medium,73,Paracetamol,2 tablets,Twice,5 days,131/89,86,97.9,95,Space special action.
user119,Pass@2543,juanbrown@example.net,Jasmine Williams,1982-03-19,2026-04-06,6,Dr. Rajesh Singh,Follow-up,Cardiac Issue,True,High,82,Amlodipine,2 tablets,Once,3 days,124/85,81,99.9,92,None various space behind.
user120,Pass@2932,wagnerbrandon@example.org,Eric Anderson,1953-02-25,2025-08-19,6,Dr. Anil Kumar,Cough,Asthma,True,Medium,61,Metformin,1 tablets,Twice,5 days,116/69,96,100.4,100,Full at building meet.
user120,Pass@2932,wagnerbrandon@example.org,Eric Anderson,1953-02-25,2025-09-06,6,Dr. Rajesh Singh,Chest Pain,Cardiac Issue,True,Low,77,Atorvastatin,2 tablets,Twice,5 days,119/67,74,98.0,96,Left difference phone data maybe help.
user120,Pass@2932,wagnerbrandon@example.org,Eric Anderson,1953-02-25,2025-09-19,6,Dr. Rajesh Singh,Chest Pain,Cardiac Issue,True,Low,64,Paracetamol,1 tablets,Twice,9 days,140/84,96,97.7,94,Difficult contain win artist.
user120,Pass@2932,wagnerbrandon@example.org,Eric Anderson,1953-02-25,2026-01-01,6,Dr. Neha Verma,Skin Issue,Migraine,True,Low,70,Levothyroxine,1 tablets,Thrice,3 days,131/62,76,97.5,95,Dark attorney sit month catch require positive.
user120,Pass@2932,wagnerbrandon@example.org,Eric Anderson,1953-02-25,2026-02-07,6,Dr. Rajesh Singh,Fever,Cardiac Issue,True,High,78,Atorvastatin,1 tablets,Once,4 days,106/84,71,98.9,93,Seek factor herself building ago throw.
user120,Pass@2932,wagnerbrandon@example.org,Eric Anderson,1953-02-25,2026-03-20,6,Dr. Priya Sharma,Cough,Hypertension,True,Low,76,Amlodipine,1 tablets,Twice,10 days,131/81,64,97.2,92,Quality least half most able across so.
user121,Pass@8438,floydashley@example.net,Miss Leslie Ferguson,1967-02-20,2025-09-06,4,Dr. Priya Sharma,Headache,Asthma,True,High,37,Atorvastatin,1 tablets,Thrice,3 days,114/79,74,97.9,97,Interesting including science.
user121,Pass@8438,floydashley@example.net,Miss Leslie Ferguson,1967-02-20,2026-01-01,4,Dr. Neha Verma,Skin Issue,Diabetes,True,Medium,36,Amlodipine,1 tablets,Twice,7 days,128/86,68,98.3,92,Star build teacher.
user121,Pass@8438,floydashley@example.net,Miss Leslie Ferguson,1967-02-20,2026-01-18,4,Dr. Kavita Reddy,Skin Issue,Thyroid Disorder,True,Low,36,Amlodipine,1 tablets,Thrice,8 days,128/82,68,98.1,93,Right continue participant lead really than chance media.
user121,Pass@8438,floydashley@example.net,Miss Leslie Ferguson,1967-02-20,2026-01-28,4,Dr. Neha Verma,Follow-up,Cardiac Issue,True,Medium,47,Metformin,2 tablets,Twice,5 days,117/70,74,100.5,98,Lay history oil thus.
user122,Pass@6012,holtbrian@example.net,Michele Shepard,2000-09-07,2025-09-04,5,Dr. Rajesh Singh,Routine Checkup,Asthma,True,Low,50,Metformin,2 tablets,Twice,4 days,112/67,90,101.0,94,Pass dark finally outside nation knowledge everything.
user122,Pass@6012,holtbrian@example.net,Michele Shepard,2000-09-07,2025-10-10,5,Dr. Neha Verma,Injury,Asthma,True,Low,48,Paracetamol,2 tablets,Thrice,5 days,104/61,86,99.0,97,Even Mr color training both.
user122,Pass@6012,holtbrian@example.net,Michele Shepard,2000-09-07,2026-01-05,5,Dr. Anil Kumar,Injury,Hypertension,True,High,50,Salbutamol,1 tablets,Thrice,7 days,138/89,100,97.2,99,Conference ask meeting red.
user122,Pass@6012,holtbrian@example.net,Michele Shepard,2000-09-07,2026-04-01,5,Dr. Neha Verma,Chest Pain,Migraine,True,Low,62,Paracetamol,2 tablets,Twice,6 days,115/65,80,100.8,99,Station vote stand state our.
user122,Pass@6012,holtbrian@example.net,Michele Shepard,2000-09-07,2026-04-04,5,Dr. Anil Kumar,Skin Issue,Migraine,True,High,58,Levothyroxine,2 tablets,Twice,5 days,135/84,62,100.2,93,Lose answer begin Congress.
user123,Pass@5401,mollynewman@example.net,Ronnie Conner,1951-06-01,2025-10-16,2,Dr. Neha Verma,Injury,Thyroid Disorder,False,High,33,Atorvastatin,1 tablets,Twice,8 days,120/90,98,98.1,98,Page western defense movement against response star.
user123,Pass@5401,mollynewman@example.net,Ronnie Conner,1951-06-01,2025-11-18,2,Dr. Neha Verma,Injury,Cardiac Issue,False,High,38,Salbutamol,2 tablets,Twice,7 days,125/73,82,99.0,93,Later just hot two base your six.
user124,Pass@3666,ehanson@example.org,David Neal MD,1972-05-01,2025-12-24,5,Dr. Priya Sharma,Cough,Thyroid Disorder,True,Low,40,Salbutamol,1 tablets,Once,8 days,135/83,93,99.9,95,Pick community glass responsibility finally month next.
user124,Pass@3666,ehanson@example.org,David Neal MD,1972-05-01,2026-02-05,5,Dr. Anil Kumar,Follow-up,Hypertension,True,Low,35,Amlodipine,1 tablets,Twice,7 days,122/67,97,99.4,99,Call fact analysis deal require.
user124,Pass@3666,ehanson@example.org,David Neal MD,1972-05-01,2026-02-13,5,Dr. Anil Kumar,Follow-up,Migraine,True,Low,50,Paracetamol,1 tablets,Thrice,10 days,107/60,89,97.7,100,Continue man air night professional.
user124,Pass@3666,ehanson@example.org,David Neal MD,1972-05-01,2026-03-07,5,Dr. Neha Verma,Injury,Cardiac Issue,True,Low,46,Levothyroxine,1 tablets,Once,10 days,112/83,90,97.4,99,Everyone certain because entire even.
user124,Pass@3666,ehanson@example.org,David Neal MD,1972-05-01,2026-03-09,5,Dr. Rajesh Singh,Chest Pain,Migraine,True,High,59,Salbutamol,2 tablets,Thrice,3 days,135/78,93,98.5,98,Pattern discussion figure work us.
user125,Pass@2489,williamsbryan@example.com,Anthony Moore,2004-07-25,2025-10-06,2,Dr. Neha Verma,Headache,Hypertension,False,Low,67,Levothyroxine,1 tablets,Once,5 days,114/73,90,100.8,97,Under picture soldier out threat thought lawyer foot.
user125,Pass@2489,williamsbryan@example.com,Anthony Moore,2004-07-25,2025-12-13,2,Dr. Kavita Reddy,Injury,Migraine,False,High,68,Salbutamol,1 tablets,Twice,10 days,140/84,85,97.9,92,Land order American style.
user126,Pass@7498,sharonramos@example.net,Alan Smith,1979-05-05,2025-09-01,6,Dr. Kavita Reddy,Follow-up,Migraine,False,Low,63,Amlodipine,1 tablets,Twice,6 days,125/90,91,99.0,94,Clear if model challenge away.
user126,Pass@7498,sharonramos@example.net,Alan Smith,1979-05-05,2025-09-05,6,Dr. Anil Kumar,Headache,Hypertension,False,High,62,Salbutamol,1 tablets,Thrice,3 days,102/76,91,97.6,95,Middle open special conference many side.
user126,Pass@7498,sharonramos@example.net,Alan Smith,1979-05-05,2025-09-07,6,Dr. Neha Verma,Skin Issue,Migraine,False,Low,55,Salbutamol,1 tablets,Twice,9 days,131/80,72,98.8,99,Game direction thousand audience around speech.
user126,Pass@7498,sharonramos@example.net,Alan Smith,1979-05-05,2025-12-14,6,Dr. Priya Sharma,Fever,Diabetes,False,High,65,Salbutamol,2 tablets,Once,9 days,119/87,83,99.7,94,Trouble always network any night turn.
user126,Pass@7498,sharonramos@example.net,Alan Smith,1979-05-05,2026-01-20,6,Dr. Kavita Reddy,Skin Issue,Asthma,False,Low,66,Amlodipine,2 tablets,Twice,4 days,139/77,71,97.6,99,Wait management gun now in.
user126,Pass@7498,sharonramos@example.net,Alan Smith,1979-05-05,2026-01-30,6,Dr. Rajesh Singh,Chest Pain,Thyroid Disorder,False,High,78,Amlodipine,2 tablets,Twice,9 days,103/67,93,98.1,100,Year just then agreement budget question finally range.
user127,Pass@8727,rebecca90@example.net,Darius Taylor,1960-02-17,2025-08-23,2,Dr. Kavita Reddy,Skin Issue,Thyroid Disorder,False,High,55,Metformin,2 tablets,Twice,5 days,130/62,61,97.4,97,She president explain first rise.
user127,Pass@8727,rebecca90@example.net,Darius Taylor,1960-02-17,2026-02-15,2,Dr. Anil Kumar,Headache,Thyroid Disorder,False,High,57,Atorvastatin,2 tablets,Thrice,3 days,119/90,80,99.2,97,Stop talk dinner your American explain thank.
user128,Pass@1681,gomezdawn@example.com,Sylvia Santiago,1987-04-21,2025-08-26,5,Dr. Neha Verma,Chest Pain,Diabetes,True,Low,31,Paracetamol,1 tablets,Thrice,9 days,113/81,96,100.8,92,Economic before the number.
user128,Pass@1681,gomezdawn@example.com,Sylvia Santiago,1987-04-21,2026-01-15,5,Dr. Rajesh Singh,Chest Pain,Migraine,True,Medium,39,Levothyroxine,2 tablets,Thrice,7 days,127/86,65,97.5,97,Deal design food.
user128,Pass@1681,gomezdawn@example.com,Sylvia Santiago,1987-04-21,2026-01-30,5,Dr. Rajesh Singh,Skin Issue,Migraine,True,Low,35,Paracetamol,1 tablets,Once,6 days,134/71,79,98.0,98,Difficult some media voice health model area.
user128,Pass@1681,gomezdawn@example.com,Sylvia Santiago,1987-04-21,2026-02-25,5,Dr. Anil Kumar,Headache,Thyroid Disorder,True,Medium,45,Paracetamol,1 tablets,Once,7 days,101/85,75,97.5,97,Life where pass.
user128,Pass@1681,gomezdawn@example.com,Sylvia Santiago,1987-04-21,2026-03-09,5,Dr. Neha Verma,Cough,Asthma,True,High,56,Paracetamol,1 tablets,Thrice,7 days,140/67,75,100.2,99,Spring plan performance accept other teacher school.
user129,Pass@2498,ewingkendra@example.net,Daniel Owens,2003-03-06,2025-09-07,3,Dr. Neha Verma,Follow-up,Thyroid Disorder,True,Low,56,Amlodipine,2 tablets,Thrice,5 days,122/82,91,100.8,92,Brother trip up call.
user129,Pass@2498,ewingkendra@example.net,Daniel Owens,2003-03-06,2026-03-11,3,Dr. Neha Verma,Fever,Asthma,True,Medium,66,Metformin,1 tablets,Twice,6 days,120/85,75,98.3,97,Decide lot meet system town choice sort.
user129,Pass@2498,ewingkendra@example.net,Daniel Owens,2003-03-06,2026-04-06,3,Dr. Rajesh Singh,Cough,Asthma,True,High,69,Paracetamol,2 tablets,Twice,5 days,122/81,84,97.8,95,Let statement public enjoy player choice budget ever.
user130,Pass@6109,bmarsh@example.com,Paula Keller,1985-07-31,2025-08-16,3,Dr. Neha Verma,Chest Pain,Migraine,True,Medium,53,Amlodipine,2 tablets,Twice,8 days,135/68,88,97.9,93,Down ability sell land politics how mention.
user130,Pass@6109,bmarsh@example.com,Paula Keller,1985-07-31,2025-12-11,3,Dr. Priya Sharma,Chest Pain,Diabetes,True,Medium,60,Metformin,1 tablets,Twice,3 days,129/62,78,99.5,93,Service detail yourself rise husband follow.
user130,Pass@6109,bmarsh@example.com,Paula Keller,1985-07-31,2026-04-06,3,Dr. Kavita Reddy,Skin Issue,Cardiac Issue,True,Medium,59,Paracetamol,1 tablets,Once,6 days,129/84,71,99.6,94,Its oil catch drug.
user131,Pass@5467,allenmelinda@example.com,James Kelley,2003-01-25,2025-08-12,4,Dr. Anil Kumar,Routine Checkup,Cardiac Issue,False,Medium,74,Salbutamol,2 tablets,Twice,6 days,109/88,84,99.1,95,Learn mother look.
user131,Pass@5467,allenmelinda@example.com,James Kelley,2003-01-25,2025-08-28,4,Dr. Rajesh Singh,Injury,Cardiac Issue,False,Low,81,Amlodipine,1 tablets,Twice,10 days,110/90,86,99.0,99,Population free relationship doctor call party general.
user131,Pass@5467,allenmelinda@example.com,James Kelley,2003-01-25,2025-12-07,4,Dr. Kavita Reddy,Chest Pain,Diabetes,False,Medium,75,Paracetamol,1 tablets,Twice,10 days,103/64,97,97.6,92,Manage accept cause develop environmental.
user131,Pass@5467,allenmelinda@example.com,James Kelley,2003-01-25,2026-04-01,4,Dr. Kavita Reddy,Skin Issue,Hypertension,False,High,74,Salbutamol,1 tablets,Once,5 days,131/81,64,98.3,100,Research shoulder kitchen commercial fish.
user132,Pass@6799,jennifer96@example.org,Crystal Lewis,1975-09-16,2025-10-22,3,Dr. Neha Verma,Fever,Hypertension,True,Low,56,Paracetamol,2 tablets,Twice,8 days,137/62,69,98.6,97,Sell goal score drug side heavy occur.
user132,Pass@6799,jennifer96@example.org,Crystal Lewis,1975-09-16,2026-01-16,3,Dr. Anil Kumar,Skin Issue,Asthma,True,High,58,Atorvastatin,2 tablets,Thrice,3 days,108/64,64,98.9,98,Fill them return place exist cut doctor.
user132,Pass@6799,jennifer96@example.org,Crystal Lewis,1975-09-16,2026-04-04,3,Dr. Kavita Reddy,Routine Checkup,Thyroid Disorder,True,Medium,63,Metformin,2 tablets,Thrice,8 days,129/85,81,99.8,97,Door many understand subject thus.
user133,Pass@4381,baileyrodney@example.com,Dr. Todd Mccoy MD,1982-09-27,2026-01-21,2,Dr. Kavita Reddy,Fever,Cardiac Issue,True,Medium,44,Paracetamol,2 tablets,Twice,3 days,138/89,65,100.3,92,Price executive article gun.
user133,Pass@4381,baileyrodney@example.com,Dr. Todd Mccoy MD,1982-09-27,2026-02-22,2,Dr. Anil Kumar,Routine Checkup,Cardiac Issue,True,Medium,36,Paracetamol,1 tablets,Thrice,10 days,114/73,83,100.4,94,Evidence different make spend or happen.
user134,Pass@8671,tammie54@example.com,Cathy Rodriguez,1993-10-19,2025-09-14,2,Dr. Neha Verma,Headache,Cardiac Issue,True,Medium,59,Levothyroxine,2 tablets,Once,8 days,124/76,88,97.6,94,More why nor growth consumer attention couple.
user134,Pass@8671,tammie54@example.com,Cathy Rodriguez,1993-10-19,2025-10-01,2,Dr. Rajesh Singh,Routine Checkup,Migraine,True,Medium,67,Paracetamol,2 tablets,Twice,5 days,100/84,100,98.9,92,Maybe rate idea article image.
user135,Pass@6992,psims@example.net,Holly Jacobs,1965-11-25,2025-08-23,3,Dr. Rajesh Singh,Routine Checkup,Thyroid Disorder,False,Medium,61,Amlodipine,1 tablets,Twice,9 days,114/80,66,100.8,95,Treatment indicate employee ability.
user135,Pass@6992,psims@example.net,Holly Jacobs,1965-11-25,2026-01-08,3,Dr. Kavita Reddy,Fever,Asthma,False,Low,65,Paracetamol,2 tablets,Twice,6 days,104/69,90,99.6,95,Moment increase best save six month message.
user135,Pass@6992,psims@example.net,Holly Jacobs,1965-11-25,2026-04-01,3,Dr. Kavita Reddy,Skin Issue,Asthma,False,Low,59,Metformin,2 tablets,Twice,8 days,117/90,62,98.1,93,Seat financial step road kind type.
user136,Pass@8864,jstrong@example.net,Raven Berry,1970-04-13,2026-01-11,2,Dr. Rajesh Singh,Chest Pain,Hypertension,True,High,43,Atorvastatin,2 tablets,Twice,4 days,100/86,77,100.0,97,Yet always artist large.
user136,Pass@8864,jstrong@example.net,Raven Berry,1970-04-13,2026-03-01,2,Dr. Priya Sharma,Headache,Hypertension,True,Medium,50,Amlodipine,2 tablets,Once,6 days,124/76,67,99.1,98,Important great art would material others white voice.
user137,Pass@6311,sharinelson@example.com,Andrew Lewis,1993-08-17,2025-08-16,2,Dr. Priya Sharma,Routine Checkup,Asthma,False,Medium,28,Salbutamol,1 tablets,Thrice,9 days,102/65,94,99.7,95,Remember simple wish record mouth amount.
user137,Pass@6311,sharinelson@example.com,Andrew Lewis,1993-08-17,2026-02-05,2,Dr. Priya Sharma,Chest Pain,Migraine,False,High,46,Paracetamol,2 tablets,Once,7 days,105/77,96,99.9,99,Environmental federal thank.
user138,Pass@3688,alicewarren@example.com,Leslie Mann,1988-01-05,2025-08-19,3,Dr. Kavita Reddy,Follow-up,Hypertension,True,Medium,36,Atorvastatin,1 tablets,Once,10 days,102/74,87,97.1,99,Forget painting doctor wall.
user138,Pass@3688,alicewarren@example.com,Leslie Mann,1988-01-05,2025-09-02,3,Dr. Kavita Reddy,Follow-up,Asthma,True,High,41,Levothyroxine,2 tablets,Once,9 days,123/76,79,100.5,95,You detail win wish.
user138,Pass@3688,alicewarren@example.com,Leslie Mann,1988-01-05,2025-12-10,3,Dr. Neha Verma,Fever,Thyroid Disorder,True,Low,42,Amlodipine,2 tablets,Once,10 days,108/61,74,100.9,94,Spring figure style like.
user139,Pass@2879,holmesnicholas@example.org,Tina Campos,1953-08-02,2025-08-20,6,Dr. Anil Kumar,Follow-up,Hypertension,False,Medium,33,Levothyroxine,1 tablets,Once,8 days,108/81,70,100.8,100,College avoid room safe.
user139,Pass@2879,holmesnicholas@example.org,Tina Campos,1953-08-02,2025-08-30,6,Dr. Anil Kumar,Follow-up,Migraine,False,Medium,38,Amlodipine,1 tablets,Twice,9 days,113/87,86,98.9,99,Oil card evidence.
user139,Pass@2879,holmesnicholas@example.org,Tina Campos,1953-08-02,2025-09-19,6,Dr. Neha Verma,Chest Pain,Thyroid Disorder,False,High,35,Metformin,1 tablets,Once,7 days,102/71,73,100.2,96,Eat again house enjoy miss significant.
user139,Pass@2879,holmesnicholas@example.org,Tina Campos,1953-08-02,2025-10-21,6,Dr. Priya Sharma,Skin Issue,Migraine,False,Low,40,Paracetamol,2 tablets,Once,8 days,135/62,74,98.2,93,Top fall would.
user139,Pass@2879,holmesnicholas@example.org,Tina Campos,1953-08-02,2026-02-03,6,Dr. Neha Verma,Routine Checkup,Migraine,False,Medium,55,Metformin,1 tablets,Twice,10 days,121/61,96,98.4,95,Energy begin whole store actually.
user139,Pass@2879,holmesnicholas@example.org,Tina Campos,1953-08-02,2026-03-24,6,Dr. Anil Kumar,Fever,Thyroid Disorder,False,High,49,Metformin,2 tablets,Thrice,7 days,124/66,75,100.6,99,Alone room bad business research brother tend.
user140,Pass@6293,williambanks@example.com,Jeffrey Barrera,1950-12-11,2025-11-20,2,Dr. Priya Sharma,Skin Issue,Diabetes,True,High,39,Atorvastatin,2 tablets,Once,5 days,138/87,88,97.7,100,Three performance fall education.
user140,Pass@6293,williambanks@example.com,Jeffrey Barrera,1950-12-11,2025-12-16,2,Dr. Anil Kumar,Cough,Thyroid Disorder,True,Medium,54,Amlodipine,1 tablets,Twice,10 days,133/71,92,99.3,98,Always look candidate market space whatever.
user141,Pass@1487,qwells@example.com,Matthew Ballard,1996-08-12,2025-08-14,3,Dr. Kavita Reddy,Chest Pain,Hypertension,True,Medium,59,Atorvastatin,2 tablets,Thrice,8 days,125/81,78,100.3,100,Either skill always break.
user141,Pass@1487,qwells@example.com,Matthew Ballard,1996-08-12,2025-12-07,3,Dr. Kavita Reddy,Cough,Cardiac Issue,True,Low,71,Amlodipine,1 tablets,Thrice,8 days,139/81,68,98.8,99,Include continue hope probably group hand red.
user141,Pass@1487,qwells@example.com,Matthew Ballard,1996-08-12,2026-04-07,3,Dr. Kavita Reddy,Injury,Thyroid Disorder,True,Low,68,Atorvastatin,2 tablets,Twice,5 days,117/64,60,100.1,95,Health focus remain.
user142,Pass@7572,marcus47@example.com,Robert Brown,1969-11-14,2025-09-14,6,Dr. Priya Sharma,Routine Checkup,Thyroid Disorder,False,Low,44,Paracetamol,2 tablets,Once,5 days,126/66,90,100.8,95,However none a produce.
user142,Pass@7572,marcus47@example.com,Robert Brown,1969-11-14,2025-11-21,6,Dr. Priya Sharma,Skin Issue,Diabetes,False,Low,42,Metformin,2 tablets,Thrice,8 days,101/69,83,98.1,94,Senior generation somebody crime find quickly.
user142,Pass@7572,marcus47@example.com,Robert Brown,1969-11-14,2025-12-01,6,Dr. Neha Verma,Fever,Thyroid Disorder,False,Medium,53,Amlodipine,1 tablets,Once,5 days,117/68,95,97.1,98,Culture conference church public billion.
user142,Pass@7572,marcus47@example.com,Robert Brown,1969-11-14,2025-12-20,6,Dr. Rajesh Singh,Routine Checkup,Asthma,False,High,45,Metformin,2 tablets,Twice,9 days,104/62,82,98.0,92,Tell million say maybe away.
user142,Pass@7572,marcus47@example.com,Robert Brown,1969-11-14,2026-03-24,6,Dr. Kavita Reddy,Skin Issue,Asthma,False,High,51,Amlodipine,2 tablets,Twice,9 days,133/73,75,99.9,95,Section probably begin sure question building.
user142,Pass@7572,marcus47@example.com,Robert Brown,1969-11-14,2026-03-28,6,Dr. Kavita Reddy,Fever,Migraine,False,Medium,61,Salbutamol,2 tablets,Thrice,10 days,139/60,72,100.4,94,Time among alone case view run.
user143,Pass@2368,wayneraymond@example.com,Melvin Taylor,1975-12-19,2025-11-04,5,Dr. Neha Verma,Injury,Hypertension,False,High,34,Atorvastatin,2 tablets,Twice,6 days,124/68,93,98.9,99,Authority assume ability.
user143,Pass@2368,wayneraymond@example.com,Melvin Taylor,1975-12-19,2025-11-10,5,Dr. Rajesh Singh,Injury,Thyroid Disorder,False,Low,41,Salbutamol,1 tablets,Once,6 days,134/64,91,100.3,98,Team one identify sport help.
user143,Pass@2368,wayneraymond@example.com,Melvin Taylor,1975-12-19,2026-01-08,5,Dr. Neha Verma,Skin Issue,Thyroid Disorder,False,Low,41,Atorvastatin,2 tablets,Once,3 days,138/83,95,98.4,100,Administration wait wear happy.
user143,Pass@2368,wayneraymond@example.com,Melvin Taylor,1975-12-19,2026-02-05,5,Dr. Neha Verma,Headache,Hypertension,False,Low,40,Levothyroxine,2 tablets,Once,6 days,128/79,66,98.8,99,Outside she force common six finally author.
user143,Pass@2368,wayneraymond@example.com,Melvin Taylor,1975-12-19,2026-03-30,5,Dr. Anil Kumar,Fever,Cardiac Issue,False,Low,47,Paracetamol,1 tablets,Once,9 days,120/70,100,99.0,99,Range full some allow between movie enter son.
user144,Pass@7379,bethany05@example.net,Charles Powers,1966-01-09,2025-08-29,5,Dr. Kavita Reddy,Skin Issue,Thyroid Disorder,False,Low,44,Paracetamol,1 tablets,Twice,8 days,104/89,60,99.8,93,Accept painting middle factor according image community suffer.
user144,Pass@7379,bethany05@example.net,Charles Powers,1966-01-09,2025-10-30,5,Dr. Rajesh Singh,Injury,Asthma,False,Medium,35,Metformin,1 tablets,Thrice,9 days,136/84,73,97.9,93,Picture where join image threat.
user144,Pass@7379,bethany05@example.net,Charles Powers,1966-01-09,2025-11-16,5,Dr. Anil Kumar,Cough,Diabetes,False,High,46,Paracetamol,1 tablets,Twice,3 days,120/61,65,100.7,97,Under notice box goal.
user144,Pass@7379,bethany05@example.net,Charles Powers,1966-01-09,2025-12-23,5,Dr. Priya Sharma,Headache,Diabetes,False,Medium,49,Atorvastatin,2 tablets,Twice,7 days,124/90,97,100.4,97,Interesting only husband hair serve debate.
user144,Pass@7379,bethany05@example.net,Charles Powers,1966-01-09,2026-04-05,5,Dr. Rajesh Singh,Injury,Diabetes,False,Low,44,Amlodipine,2 tablets,Once,8 days,106/88,85,97.5,96,Other result customer.
user145,Pass@9606,amccall@example.com,William Johnson,1959-11-06,2026-02-10,3,Dr. Priya Sharma,Skin Issue,Migraine,False,High,39,Paracetamol,1 tablets,Thrice,5 days,128/88,80,99.5,94,Road offer agree international sure away.
user145,Pass@9606,amccall@example.com,William Johnson,1959-11-06,2026-02-14,3,Dr. Priya Sharma,Follow-up,Thyroid Disorder,False,Low,28,Amlodipine,1 tablets,Twice,8 days,121/71,84,99.8,97,Religious exist really.
user145,Pass@9606,amccall@example.com,William Johnson,1959-11-06,2026-03-28,3,Dr. Priya Sharma,Skin Issue,Cardiac Issue,False,High,44,Amlodipine,2 tablets,Once,4 days,127/67,68,99.3,95,Look eat medical understand need station style.
user146,Pass@7724,vincentsmith@example.org,Aaron Boyd,1992-03-16,2025-08-11,6,Dr. Rajesh Singh,Cough,Hypertension,False,High,63,Amlodipine,2 tablets,Thrice,10 days,132/72,80,99.0,99,Positive season check or strong government figure magazine.
user146,Pass@7724,vincentsmith@example.org,Aaron Boyd,1992-03-16,2025-10-01,6,Dr. Kavita Reddy,Cough,Cardiac Issue,False,High,79,Metformin,2 tablets,Twice,7 days,130/67,94,97.6,93,Condition where wait before.
user146,Pass@7724,vincentsmith@example.org,Aaron Boyd,1992-03-16,2025-10-04,6,Dr. Neha Verma,Cough,Asthma,False,High,67,Amlodipine,2 tablets,Thrice,4 days,140/67,89,99.7,99,Physical add often best too.
user146,Pass@7724,vincentsmith@example.org,Aaron Boyd,1992-03-16,2025-12-19,6,Dr. Anil Kumar,Skin Issue,Thyroid Disorder,False,High,84,Amlodipine,1 tablets,Twice,7 days,114/88,70,97.2,97,Kind send office power.
user146,Pass@7724,vincentsmith@example.org,Aaron Boyd,1992-03-16,2025-12-20,6,Dr. Kavita Reddy,Fever,Hypertension,False,High,74,Metformin,1 tablets,Once,6 days,118/89,66,100.8,92,Stock agency itself society respond.
user146,Pass@7724,vincentsmith@example.org,Aaron Boyd,1992-03-16,2026-01-22,6,Dr. Anil Kumar,Routine Checkup,Thyroid Disorder,False,Low,83,Amlodipine,1 tablets,Once,5 days,101/64,90,100.2,100,Unit crime control question economy involve.
user147,Pass@2772,deborah73@example.net,Mary Anderson,2005-06-04,2025-09-06,6,Dr. Rajesh Singh,Cough,Thyroid Disorder,False,Medium,61,Metformin,2 tablets,Thrice,5 days,135/86,77,98.7,100,Discuss exactly behavior community great.
user147,Pass@2772,deborah73@example.net,Mary Anderson,2005-06-04,2025-09-09,6,Dr. Rajesh Singh,Injury,Migraine,False,Low,56,Paracetamol,2 tablets,Once,4 days,129/64,100,98.0,100,Be now push dinner eye same.
user147,Pass@2772,deborah73@example.net,Mary Anderson,2005-06-04,2025-10-25,6,Dr. Priya Sharma,Chest Pain,Asthma,False,High,62,Amlodipine,1 tablets,Once,5 days,113/62,61,100.9,99,Character defense billion later born campaign minute.
user147,Pass@2772,deborah73@example.net,Mary Anderson,2005-06-04,2025-12-16,6,Dr. Neha Verma,Routine Checkup,Hypertension,False,High,63,Levothyroxine,1 tablets,Twice,6 days,138/67,65,100.7,94,Less nation special recently move phone bring.
user147,Pass@2772,deborah73@example.net,Mary Anderson,2005-06-04,2026-01-17,6,Dr. Priya Sharma,Headache,Migraine,False,Low,64,Atorvastatin,2 tablets,Once,4 days,113/89,72,97.8,96,Common deep specific red church subject money.
user147,Pass@2772,deborah73@example.net,Mary Anderson,2005-06-04,2026-02-16,6,Dr. Anil Kumar,Cough,Cardiac Issue,False,High,78,Amlodipine,2 tablets,Once,10 days,130/75,61,99.4,99,Worker item property anything food son spend.
user148,Pass@5797,ehenderson@example.net,Victoria Thompson PhD,1961-12-13,2025-09-07,6,Dr. Priya Sharma,Headache,Migraine,False,Medium,67,Salbutamol,2 tablets,Thrice,4 days,121/69,88,98.7,99,Though blue behavior budget focus another impact.
user148,Pass@5797,ehenderson@example.net,Victoria Thompson PhD,1961-12-13,2025-09-10,6,Dr. Kavita Reddy,Cough,Thyroid Disorder,False,Low,72,Salbutamol,1 tablets,Twice,6 days,129/65,79,98.5,92,Fall song other enough organization research few laugh.
user148,Pass@5797,ehenderson@example.net,Victoria Thompson PhD,1961-12-13,2025-11-21,6,Dr. Kavita Reddy,Chest Pain,Diabetes,False,Low,70,Metformin,2 tablets,Once,6 days,112/73,86,97.5,95,Than appear church attack time.
user148,Pass@5797,ehenderson@example.net,Victoria Thompson PhD,1961-12-13,2025-11-29,6,Dr. Anil Kumar,Fever,Thyroid Disorder,False,Medium,77,Metformin,2 tablets,Once,3 days,115/76,60,98.4,95,Phone argue war.
user148,Pass@5797,ehenderson@example.net,Victoria Thompson PhD,1961-12-13,2026-01-17,6,Dr. Neha Verma,Headache,Thyroid Disorder,False,Medium,86,Atorvastatin,1 tablets,Thrice,6 days,117/78,61,100.4,100,Defense brother police positive floor none.
user148,Pass@5797,ehenderson@example.net,Victoria Thompson PhD,1961-12-13,2026-02-14,6,Dr. Rajesh Singh,Routine Checkup,Hypertension,False,Low,88,Paracetamol,2 tablets,Twice,6 days,120/86,66,98.2,98,Task service forward show home involve.
user149,Pass@4625,garciajason@example.net,Craig Turner,1971-07-29,2025-10-06,3,Dr. Neha Verma,Follow-up,Migraine,False,Low,58,Paracetamol,1 tablets,Thrice,7 days,115/65,65,97.3,97,Really relationship environment water.
user149,Pass@4625,garciajason@example.net,Craig Turner,1971-07-29,2025-10-27,3,Dr. Neha Verma,Injury,Hypertension,False,Medium,46,Atorvastatin,2 tablets,Thrice,6 days,140/70,92,98.7,100,Through hit hotel authority word population game structure.
user149,Pass@4625,garciajason@example.net,Craig Turner,1971-07-29,2026-01-22,3,Dr. Neha Verma,Injury,Cardiac Issue,False,High,60,Levothyroxine,1 tablets,Twice,3 days,124/89,65,100.7,94,Music both he sense.
user150,Pass@6062,bennettnancy@example.com,Carrie Cook,1980-10-22,2025-11-10,2,Dr. Kavita Reddy,Follow-up,Hypertension,True,Low,30,Levothyroxine,1 tablets,Thrice,9 days,111/68,79,97.3,93,Most general because because soon.
user150,Pass@6062,bennettnancy@example.com,Carrie Cook,1980-10-22,2026-01-26,2,Dr. Kavita Reddy,Headache,Diabetes,True,Medium,31,Metformin,2 tablets,Once,9 days,117/80,61,100.9,95,Page everyone beautiful generation year another study.
user151,Pass@5179,ralphellison@example.com,Joanne Romero,2000-04-29,2025-10-04,6,Dr. Priya Sharma,Routine Checkup,Diabetes,True,Medium,31,Levothyroxine,1 tablets,Thrice,8 days,138/67,82,98.1,92,Here rest first civil by.
user151,Pass@5179,ralphellison@example.com,Joanne Romero,2000-04-29,2025-11-08,6,Dr. Neha Verma,Injury,Asthma,True,Low,37,Levothyroxine,1 tablets,Twice,8 days,112/60,70,97.8,95,Suggest western couple maintain wide.
user151,Pass@5179,ralphellison@example.com,Joanne Romero,2000-04-29,2026-01-03,6,Dr. Neha Verma,Chest Pain,Migraine,True,Medium,41,Atorvastatin,1 tablets,Thrice,6 days,107/70,88,98.6,93,Same hard prepare general real.
user151,Pass@5179,ralphellison@example.com,Joanne Romero,2000-04-29,2026-02-20,6,Dr. Anil Kumar,Routine Checkup,Thyroid Disorder,True,Medium,32,Salbutamol,1 tablets,Thrice,9 days,118/80,99,98.3,96,Kind interest threat perhaps.
user151,Pass@5179,ralphellison@example.com,Joanne Romero,2000-04-29,2026-03-27,6,Dr. Rajesh Singh,Chest Pain,Cardiac Issue,True,Medium,35,Levothyroxine,2 tablets,Twice,3 days,124/79,72,98.3,92,Situation try such something relationship ahead wide financial.
user151,Pass@5179,ralphellison@example.com,Joanne Romero,2000-04-29,2026-03-28,6,Dr. Priya Sharma,Skin Issue,Migraine,True,High,52,Salbutamol,1 tablets,Once,6 days,108/77,65,100.5,99,Significant certain choice suggest main.
user152,Pass@8468,lawrenceleslie@example.net,Thomas Scott,2001-06-16,2025-08-15,2,Dr. Kavita Reddy,Injury,Hypertension,False,Medium,48,Amlodipine,2 tablets,Once,4 days,140/80,76,100.3,92,Leader item discussion practice.
user152,Pass@8468,lawrenceleslie@example.net,Thomas Scott,2001-06-16,2026-02-28,2,Dr. Rajesh Singh,Cough,Hypertension,False,Medium,58,Levothyroxine,2 tablets,Thrice,4 days,131/73,76,98.1,99,Seat various mouth style.
user153,Pass@1454,robin92@example.net,Olivia Dunn,1972-04-02,2025-09-11,4,Dr. Kavita Reddy,Skin Issue,Diabetes,False,Medium,48,Amlodipine,2 tablets,Twice,4 days,105/73,71,97.9,94,Always paper ability conference rich.
user153,Pass@1454,robin92@example.net,Olivia Dunn,1972-04-02,2025-12-24,4,Dr. Kavita Reddy,Chest Pain,Diabetes,False,High,46,Atorvastatin,2 tablets,Thrice,4 days,135/65,63,97.9,100,To participant war life sense where would.
user153,Pass@1454,robin92@example.net,Olivia Dunn,1972-04-02,2026-02-17,4,Dr. Anil Kumar,Skin Issue,Diabetes,False,High,46,Metformin,2 tablets,Thrice,3 days,105/63,86,97.7,96,Behind set treatment side ahead size member drive.
user153,Pass@1454,robin92@example.net,Olivia Dunn,1972-04-02,2026-02-23,4,Dr. Priya Sharma,Follow-up,Asthma,False,Medium,55,Metformin,2 tablets,Once,10 days,103/70,71,98.8,93,Today charge traditional plan by friend production.
user154,Pass@9836,christinemyers@example.net,Richard Williams,1995-06-26,2025-09-28,3,Dr. Rajesh Singh,Headache,Diabetes,False,Medium,30,Atorvastatin,2 tablets,Once,4 days,103/75,64,100.8,95,Certainly American rather effect federal.
user154,Pass@9836,christinemyers@example.net,Richard Williams,1995-06-26,2025-10-14,3,Dr. Rajesh Singh,Follow-up,Asthma,False,Low,38,Salbutamol,2 tablets,Thrice,6 days,140/84,100,99.3,100,Sea media same hope usually.
user154,Pass@9836,christinemyers@example.net,Richard Williams,1995-06-26,2026-03-19,3,Dr. Rajesh Singh,Injury,Hypertension,False,High,49,Salbutamol,1 tablets,Once,3 days,132/80,96,98.4,96,Happen smile west attention much attention above majority.
user155,Pass@3758,steelepaul@example.net,Stacy Goodwin,1967-11-20,2025-09-15,2,Dr. Neha Verma,Skin Issue,Migraine,True,Low,49,Atorvastatin,1 tablets,Twice,10 days,105/75,88,98.3,99,Worker social center onto toward determine.
user155,Pass@3758,steelepaul@example.net,Stacy Goodwin,1967-11-20,2025-12-31,2,Dr. Rajesh Singh,Skin Issue,Thyroid Disorder,True,High,43,Salbutamol,2 tablets,Twice,10 days,128/67,81,100.4,98,Seat minute state.
user156,Pass@9487,susansanchez@example.net,Albert Ellis,2001-06-25,2025-12-02,4,Dr. Kavita Reddy,Fever,Cardiac Issue,False,Medium,73,Levothyroxine,2 tablets,Once,3 days,110/60,97,99.3,95,Middle plant understand never its.
user156,Pass@9487,susansanchez@example.net,Albert Ellis,2001-06-25,2026-01-23,4,Dr. Anil Kumar,Fever,Thyroid Disorder,False,High,66,Atorvastatin,1 tablets,Twice,8 days,134/75,77,99.1,100,Relationship agency bag describe seven skin.
user156,Pass@9487,susansanchez@example.net,Albert Ellis,2001-06-25,2026-03-05,4,Dr. Neha Verma,Chest Pain,Diabetes,False,Medium,74,Paracetamol,1 tablets,Once,6 days,107/70,92,99.9,99,Meeting raise speech from.
user156,Pass@9487,susansanchez@example.net,Albert Ellis,2001-06-25,2026-03-20,4,Dr. Priya Sharma,Fever,Cardiac Issue,False,Medium,77,Amlodipine,2 tablets,Thrice,8 days,100/61,60,97.5,93,Information kitchen opportunity goal tax worry race opportunity.
user157,Pass@3658,stevenpalmer@example.net,Robert Harrell,1971-09-02,2025-11-09,4,Dr. Anil Kumar,Injury,Asthma,True,Medium,59,Paracetamol,2 tablets,Thrice,8 days,104/81,82,98.4,96,Art in they cover increase any.
user157,Pass@3658,stevenpalmer@example.net,Robert Harrell,1971-09-02,2026-03-05,4,Dr. Priya Sharma,Routine Checkup,Diabetes,True,High,67,Atorvastatin,1 tablets,Thrice,3 days,134/66,67,99.7,98,Newspaper them blood some discussion today report.
user157,Pass@3658,stevenpalmer@example.net,Robert Harrell,1971-09-02,2026-03-18,4,Dr. Priya Sharma,Headache,Cardiac Issue,True,High,69,Paracetamol,1 tablets,Twice,3 days,110/80,94,100.7,98,Director audience almost.
user157,Pass@3658,stevenpalmer@example.net,Robert Harrell,1971-09-02,2026-03-22,4,Dr. Priya Sharma,Follow-up,Asthma,True,High,66,Amlodipine,1 tablets,Twice,7 days,107/63,93,100.7,98,Memory sense seat.
user158,Pass@4839,anna58@example.net,Eric Nelson,1960-02-18,2025-08-17,3,Dr. Anil Kumar,Routine Checkup,Thyroid Disorder,False,Medium,53,Paracetamol,2 tablets,Thrice,9 days,122/81,65,100.3,95,Road fly everybody order leg.
user158,Pass@4839,anna58@example.net,Eric Nelson,1960-02-18,2025-08-23,3,Dr. Priya Sharma,Chest Pain,Diabetes,False,Medium,48,Paracetamol,2 tablets,Once,7 days,126/79,60,97.4,98,Send trip big direction.
user158,Pass@4839,anna58@example.net,Eric Nelson,1960-02-18,2025-12-23,3,Dr. Neha Verma,Skin Issue,Cardiac Issue,False,Medium,56,Amlodipine,2 tablets,Twice,4 days,138/69,84,99.8,94,Rather water case water night address term.
user159,Pass@6326,walkerangela@example.org,John Carroll,1953-07-04,2025-09-13,3,Dr. Anil Kumar,Cough,Migraine,True,Medium,51,Atorvastatin,1 tablets,Thrice,6 days,116/68,63,98.0,99,Store activity take discover.
user159,Pass@6326,walkerangela@example.org,John Carroll,1953-07-04,2025-11-03,3,Dr. Priya Sharma,Chest Pain,Asthma,True,Medium,53,Salbutamol,1 tablets,Once,7 days,130/78,88,100.0,97,Leave theory case especially.
user159,Pass@6326,walkerangela@example.org,John Carroll,1953-07-04,2026-03-13,3,Dr. Rajesh Singh,Fever,Hypertension,True,Medium,63,Salbutamol,1 tablets,Twice,7 days,105/75,65,97.2,93,Film them reflect war green decade field.
user160,Pass@6208,hsmith@example.com,Karen Collins,1997-09-28,2025-10-22,5,Dr. Kavita Reddy,Fever,Asthma,False,Low,40,Salbutamol,1 tablets,Thrice,9 days,108/88,87,97.3,95,Child up must account.
user160,Pass@6208,hsmith@example.com,Karen Collins,1997-09-28,2025-10-22,5,Dr. Kavita Reddy,Injury,Hypertension,False,Low,36,Amlodipine,2 tablets,Once,8 days,131/83,71,98.4,92,Ever usually order science card hour.
user160,Pass@6208,hsmith@example.com,Karen Collins,1997-09-28,2025-12-18,5,Dr. Neha Verma,Routine Checkup,Cardiac Issue,False,Low,45,Atorvastatin,1 tablets,Once,6 days,140/84,82,98.6,97,Place above write.
user160,Pass@6208,hsmith@example.com,Karen Collins,1997-09-28,2026-03-05,5,Dr. Kavita Reddy,Cough,Cardiac Issue,False,High,39,Levothyroxine,2 tablets,Thrice,9 days,108/69,81,97.8,93,Both without evidence account step over listen.
user160,Pass@6208,hsmith@example.com,Karen Collins,1997-09-28,2026-03-16,5,Dr. Rajesh Singh,Chest Pain,Diabetes,False,Medium,45,Paracetamol,1 tablets,Twice,8 days,108/65,83,98.1,97,They suffer answer pull political technology.
user161,Pass@4714,heatherellis@example.org,Kathryn Delgado,1967-04-28,2025-09-12,3,Dr. Anil Kumar,Cough,Thyroid Disorder,True,High,59,Paracetamol,2 tablets,Once,6 days,127/60,71,97.6,95,Change recently star family recently approach choose.
user161,Pass@4714,heatherellis@example.org,Kathryn Delgado,1967-04-28,2025-10-16,3,Dr. Kavita Reddy,Follow-up,Diabetes,True,Medium,52,Amlodipine,2 tablets,Twice,3 days,120/79,87,98.0,95,Painting civil couple expert system part successful away.
user161,Pass@4714,heatherellis@example.org,Kathryn Delgado,1967-04-28,2025-10-30,3,Dr. Rajesh Singh,Chest Pain,Cardiac Issue,True,High,62,Paracetamol,1 tablets,Twice,8 days,122/70,73,97.1,99,Card society speak enough because kitchen member.
user162,Pass@2382,clambert@example.net,Samantha Moore,2002-11-02,2025-09-23,4,Dr. Neha Verma,Injury,Migraine,False,Low,56,Metformin,1 tablets,Once,6 days,110/84,63,99.7,100,For size job so ask.
user162,Pass@2382,clambert@example.net,Samantha Moore,2002-11-02,2025-12-09,4,Dr. Priya Sharma,Chest Pain,Hypertension,False,Low,43,Salbutamol,1 tablets,Thrice,4 days,111/82,80,98.7,96,Second foot set southern give change guess.
user162,Pass@2382,clambert@example.net,Samantha Moore,2002-11-02,2026-02-28,4,Dr. Priya Sharma,Routine Checkup,Diabetes,False,High,57,Metformin,1 tablets,Once,5 days,111/80,91,99.8,93,Success bad no family list.
user162,Pass@2382,clambert@example.net,Samantha Moore,2002-11-02,2026-04-07,4,Dr. Kavita Reddy,Fever,Thyroid Disorder,False,Medium,59,Atorvastatin,2 tablets,Once,5 days,111/63,99,98.5,97,Wind nature put catch soon east the.
user163,Pass@7824,bridget63@example.com,Tammy Martinez,1998-04-17,2025-08-24,2,Dr. Rajesh Singh,Skin Issue,Hypertension,True,High,39,Amlodipine,1 tablets,Once,10 days,115/77,93,100.3,95,Only term allow none woman mother car.
user163,Pass@7824,bridget63@example.com,Tammy Martinez,1998-04-17,2025-09-09,2,Dr. Anil Kumar,Skin Issue,Diabetes,True,High,36,Levothyroxine,2 tablets,Twice,5 days,123/64,69,98.6,93,Eye soldier off because.
user164,Pass@3120,nrussell@example.net,Frank Lynch,2003-07-22,2025-11-21,4,Dr. Kavita Reddy,Headache,Migraine,True,High,32,Metformin,1 tablets,Twice,7 days,111/75,64,97.8,92,Test arrive opportunity difficult.
user164,Pass@3120,nrussell@example.net,Frank Lynch,2003-07-22,2026-01-07,4,Dr. Rajesh Singh,Routine Checkup,Migraine,True,High,37,Metformin,2 tablets,Once,4 days,137/80,86,98.7,93,A pressure notice different adult field get.
user164,Pass@3120,nrussell@example.net,Frank Lynch,2003-07-22,2026-02-13,4,Dr. Rajesh Singh,Injury,Migraine,True,High,50,Amlodipine,2 tablets,Twice,5 days,118/75,71,97.4,92,South ball friend thing win myself mouth.
user164,Pass@3120,nrussell@example.net,Frank Lynch,2003-07-22,2026-03-25,4,Dr. Priya Sharma,Headache,Asthma,True,Medium,44,Paracetamol,1 tablets,Twice,7 days,124/86,100,98.9,98,Young because according economic sing effort nature.
user165,Pass@8509,mullinstyler@example.net,Roy Parker,1950-12-09,2025-08-27,4,Dr. Rajesh Singh,Routine Checkup,Cardiac Issue,True,Medium,59,Amlodipine,1 tablets,Once,6 days,106/84,61,100.1,97,Ever young large tonight military run.
user165,Pass@8509,mullinstyler@example.net,Roy Parker,1950-12-09,2025-10-10,4,Dr. Kavita Reddy,Chest Pain,Asthma,True,Medium,55,Atorvastatin,2 tablets,Once,9 days,105/64,81,99.4,93,Design someone push cup firm difference recently apply.
user165,Pass@8509,mullinstyler@example.net,Roy Parker,1950-12-09,2025-11-08,4,Dr. Priya Sharma,Routine Checkup,Asthma,True,High,52,Amlodipine,1 tablets,Once,7 days,140/84,90,99.6,95,Movement organization rich miss above hundred sort else.
user165,Pass@8509,mullinstyler@example.net,Roy Parker,1950-12-09,2025-12-10,4,Dr. Anil Kumar,Fever,Migraine,True,Medium,67,Levothyroxine,2 tablets,Twice,4 days,119/78,86,100.9,96,Bank their real list story least some.
user166,Pass@8253,xscott@example.net,Daniel Sanchez,1955-10-16,2025-09-11,2,Dr. Rajesh Singh,Injury,Hypertension,True,High,60,Levothyroxine,1 tablets,Twice,5 days,128/81,80,97.3,92,Imagine focus where over.
user166,Pass@8253,xscott@example.net,Daniel Sanchez,1955-10-16,2025-10-26,2,Dr. Anil Kumar,Headache,Thyroid Disorder,True,Low,65,Levothyroxine,1 tablets,Once,8 days,128/76,88,99.2,94,Task like among list local model.
user167,Pass@5839,catherine15@example.com,Paul Mayo,1957-09-13,2025-12-31,4,Dr. Priya Sharma,Cough,Diabetes,False,Low,26,Metformin,1 tablets,Twice,3 days,128/70,87,99.6,92,Identify likely treat Mr nation security risk.
user167,Pass@5839,catherine15@example.com,Paul Mayo,1957-09-13,2026-02-09,4,Dr. Anil Kumar,Fever,Thyroid Disorder,False,High,30,Levothyroxine,1 tablets,Once,6 days,132/76,96,100.1,97,About huge agree customer.
user167,Pass@5839,catherine15@example.com,Paul Mayo,1957-09-13,2026-02-14,4,Dr. Kavita Reddy,Cough,Cardiac Issue,False,Low,30,Paracetamol,2 tablets,Twice,6 days,109/62,75,97.5,92,Give boy entire race become.
user167,Pass@5839,catherine15@example.com,Paul Mayo,1957-09-13,2026-02-22,4,Dr. Priya Sharma,Skin Issue,Hypertension,False,Medium,38,Paracetamol,2 tablets,Once,5 days,139/68,77,98.2,100,Week deal understand represent discuss talk stop performance.
user168,Pass@7064,melissarichardson@example.org,Matthew Taylor,1996-01-08,2025-09-25,3,Dr. Rajesh Singh,Routine Checkup,Cardiac Issue,False,Medium,53,Atorvastatin,1 tablets,Twice,9 days,131/89,80,99.1,97,Society stuff move first through.
user168,Pass@7064,melissarichardson@example.org,Matthew Taylor,1996-01-08,2025-11-24,3,Dr. Priya Sharma,Headache,Migraine,False,Medium,60,Amlodipine,2 tablets,Twice,9 days,116/84,66,99.4,99,Past air customer news price.
user168,Pass@7064,melissarichardson@example.org,Matthew Taylor,1996-01-08,2026-01-10,3,Dr. Anil Kumar,Routine Checkup,Migraine,False,High,55,Amlodipine,2 tablets,Once,6 days,102/81,76,97.4,99,Over western determine wait.
user169,Pass@7507,dmccullough@example.com,Anthony Phillips,1977-02-12,2025-09-01,3,Dr. Priya Sharma,Injury,Hypertension,False,High,45,Atorvastatin,2 tablets,Twice,7 days,111/65,93,97.8,98,Appear down listen few.
user169,Pass@7507,dmccullough@example.com,Anthony Phillips,1977-02-12,2025-10-26,3,Dr. Kavita Reddy,Fever,Asthma,False,High,40,Salbutamol,2 tablets,Once,9 days,105/70,67,99.7,96,Program federal produce tree.
user169,Pass@7507,dmccullough@example.com,Anthony Phillips,1977-02-12,2025-12-28,3,Dr. Kavita Reddy,Follow-up,Diabetes,False,Low,43,Metformin,1 tablets,Thrice,8 days,121/78,76,98.2,97,Interest military enjoy turn special.
user170,Pass@2076,garrettjohnson@example.org,Jeanne Mccarthy,1974-12-06,2025-08-22,6,Dr. Neha Verma,Cough,Thyroid Disorder,True,Low,62,Salbutamol,1 tablets,Twice,5 days,134/84,99,99.0,100,Community none democratic relationship wide.
user170,Pass@2076,garrettjohnson@example.org,Jeanne Mccarthy,1974-12-06,2025-10-11,6,Dr. Priya Sharma,Headache,Diabetes,True,High,75,Metformin,2 tablets,Once,10 days,137/75,60,97.4,96,Season decision fund.
user170,Pass@2076,garrettjohnson@example.org,Jeanne Mccarthy,1974-12-06,2025-11-10,6,Dr. Kavita Reddy,Routine Checkup,Diabetes,True,Medium,78,Atorvastatin,1 tablets,Once,10 days,130/73,79,100.5,98,Happy piece age live teach piece little final.
user170,Pass@2076,garrettjohnson@example.org,Jeanne Mccarthy,1974-12-06,2025-11-26,6,Dr. Anil Kumar,Chest Pain,Hypertension,True,Medium,87,Metformin,2 tablets,Twice,10 days,119/72,90,97.6,99,For very rather week.
user170,Pass@2076,garrettjohnson@example.org,Jeanne Mccarthy,1974-12-06,2025-12-06,6,Dr. Kavita Reddy,Headache,Asthma,True,Low,79,Salbutamol,2 tablets,Once,10 days,135/83,78,100.4,97,Painting themselves radio also who eight difficult measure.
user170,Pass@2076,garrettjohnson@example.org,Jeanne Mccarthy,1974-12-06,2026-01-20,6,Dr. Priya Sharma,Chest Pain,Migraine,True,Medium,86,Paracetamol,1 tablets,Thrice,4 days,135/77,65,99.9,97,Stand sometimes effort future her.
user171,Pass@5061,barreracarl@example.net,Daniel Williams,1961-10-06,2025-09-13,6,Dr. Anil Kumar,Chest Pain,Thyroid Disorder,True,High,67,Metformin,2 tablets,Twice,7 days,115/62,94,97.2,96,You study describe age.
user171,Pass@5061,barreracarl@example.net,Daniel Williams,1961-10-06,2025-09-23,6,Dr. Anil Kumar,Headache,Migraine,True,Low,76,Paracetamol,1 tablets,Twice,5 days,101/85,62,99.1,93,Fire three west everyone so indicate present.
user171,Pass@5061,barreracarl@example.net,Daniel Williams,1961-10-06,2025-10-14,6,Dr. Anil Kumar,Headache,Thyroid Disorder,True,Medium,73,Levothyroxine,2 tablets,Thrice,9 days,104/80,76,100.9,96,At provide activity remember.
user171,Pass@5061,barreracarl@example.net,Daniel Williams,1961-10-06,2025-11-10,6,Dr. Neha Verma,Skin Issue,Cardiac Issue,True,Low,84,Levothyroxine,1 tablets,Thrice,9 days,122/80,60,100.7,98,Rather goal thousand those.
user171,Pass@5061,barreracarl@example.net,Daniel Williams,1961-10-06,2025-12-05,6,Dr. Neha Verma,Fever,Diabetes,True,Medium,84,Paracetamol,1 tablets,Thrice,5 days,114/84,90,100.4,97,Far exist a.
user171,Pass@5061,barreracarl@example.net,Daniel Williams,1961-10-06,2026-01-30,6,Dr. Neha Verma,Chest Pain,Cardiac Issue,True,Low,78,Amlodipine,1 tablets,Twice,10 days,120/65,64,97.8,92,Claim total treatment full group guess land.
user172,Pass@5013,longeric@example.com,David Bass,1991-04-04,2025-11-29,3,Dr. Rajesh Singh,Skin Issue,Hypertension,True,High,61,Amlodipine,2 tablets,Thrice,4 days,110/86,99,98.9,97,Go including radio save owner black.
user172,Pass@5013,longeric@example.com,David Bass,1991-04-04,2026-02-08,3,Dr. Kavita Reddy,Chest Pain,Cardiac Issue,True,Low,67,Amlodipine,2 tablets,Once,9 days,104/89,93,99.6,95,Century test weight democratic.
user172,Pass@5013,longeric@example.com,David Bass,1991-04-04,2026-02-08,3,Dr. Kavita Reddy,Injury,Asthma,True,Low,69,Levothyroxine,2 tablets,Twice,3 days,113/82,77,99.6,100,Address themselves whole religious.
user173,Pass@9999,psullivan@example.org,Bryan Marquez,1966-07-22,2025-09-07,6,Dr. Neha Verma,Cough,Asthma,True,Low,40,Paracetamol,1 tablets,Once,10 days,108/72,91,97.3,97,Despite list their accept each.
user173,Pass@9999,psullivan@example.org,Bryan Marquez,1966-07-22,2025-10-07,6,Dr. Priya Sharma,Injury,Thyroid Disorder,True,High,32,Paracetamol,2 tablets,Thrice,7 days,107/70,84,98.0,96,Skin letter draw while.
user173,Pass@9999,psullivan@example.org,Bryan Marquez,1966-07-22,2025-12-18,6,Dr. Rajesh Singh,Injury,Thyroid Disorder,True,Low,37,Levothyroxine,1 tablets,Thrice,6 days,106/71,83,97.0,100,Sense nation those total growth teach trip draw.
user173,Pass@9999,psullivan@example.org,Bryan Marquez,1966-07-22,2025-12-31,6,Dr. Priya Sharma,Fever,Thyroid Disorder,True,High,52,Atorvastatin,1 tablets,Once,8 days,125/69,93,99.5,94,Rather mission argue.
user173,Pass@9999,psullivan@example.org,Bryan Marquez,1966-07-22,2026-01-02,6,Dr. Priya Sharma,Skin Issue,Diabetes,True,Medium,41,Atorvastatin,1 tablets,Once,6 days,129/62,89,100.2,100,Should five ahead teach sort feel.
user173,Pass@9999,psullivan@example.org,Bryan Marquez,1966-07-22,2026-02-28,6,Dr. Anil Kumar,Follow-up,Cardiac Issue,True,High,58,Atorvastatin,2 tablets,Thrice,10 days,104/89,69,98.3,92,Else quite factor long.
user174,Pass@2343,adkinsandrew@example.com,Angela Martin,1960-02-20,2025-09-07,5,Dr. Priya Sharma,Chest Pain,Thyroid Disorder,True,Low,57,Atorvastatin,2 tablets,Once,10 days,107/71,95,98.0,96,Me school real teacher wide reality once.
user174,Pass@2343,adkinsandrew@example.com,Angela Martin,1960-02-20,2025-12-06,5,Dr. Priya Sharma,Cough,Cardiac Issue,True,Low,54,Paracetamol,1 tablets,Twice,7 days,117/63,99,97.7,92,Left special on defense wish me study marriage.
user174,Pass@2343,adkinsandrew@example.com,Angela Martin,1960-02-20,2025-12-20,5,Dr. Rajesh Singh,Follow-up,Thyroid Disorder,True,High,52,Metformin,2 tablets,Once,10 days,122/86,70,98.0,100,There television bit certainly throughout brother such Mrs.
user174,Pass@2343,adkinsandrew@example.com,Angela Martin,1960-02-20,2026-01-11,5,Dr. Anil Kumar,Skin Issue,Cardiac Issue,True,High,52,Atorvastatin,2 tablets,Twice,7 days,105/63,91,98.5,97,Program call energy against financial appear.
user174,Pass@2343,adkinsandrew@example.com,Angela Martin,1960-02-20,2026-03-08,5,Dr. Kavita Reddy,Routine Checkup,Diabetes,True,Low,68,Atorvastatin,2 tablets,Thrice,9 days,116/63,95,100.4,93,Leave theory together message.
user175,Pass@1616,josephvargas@example.com,Katherine Cummings,1954-03-27,2025-10-03,6,Dr. Kavita Reddy,Fever,Migraine,False,Low,70,Levothyroxine,1 tablets,Thrice,10 days,110/73,100,99.3,99,Hotel worry civil.
user175,Pass@1616,josephvargas@example.com,Katherine Cummings,1954-03-27,2025-11-23,6,Dr. Priya Sharma,Follow-up,Migraine,False,Medium,76,Metformin,1 tablets,Twice,4 days,123/75,80,99.3,95,Tax sport police campaign small beyond term white.
user175,Pass@1616,josephvargas@example.com,Katherine Cummings,1954-03-27,2025-11-29,6,Dr. Priya Sharma,Headache,Thyroid Disorder,False,Low,69,Levothyroxine,2 tablets,Once,10 days,115/63,89,100.2,93,Will new nice only her together they over.
user175,Pass@1616,josephvargas@example.com,Katherine Cummings,1954-03-27,2025-12-02,6,Dr. Kavita Reddy,Fever,Hypertension,False,Medium,75,Amlodipine,1 tablets,Twice,3 days,113/67,96,97.3,97,Require would work ability imagine unit cold rather.
user175,Pass@1616,josephvargas@example.com,Katherine Cummings,1954-03-27,2026-01-06,6,Dr. Kavita Reddy,Injury,Cardiac Issue,False,Medium,75,Paracetamol,2 tablets,Once,5 days,116/79,85,99.8,96,Available job safe suggest if walk point.
user175,Pass@1616,josephvargas@example.com,Katherine Cummings,1954-03-27,2026-01-10,6,Dr. Anil Kumar,Headache,Asthma,False,Low,89,Amlodipine,1 tablets,Thrice,5 days,108/76,86,98.7,99,Together almost political bit any.
user176,Pass@6988,angela86@example.net,Stephanie Kemp,1977-05-17,2025-08-14,4,Dr. Neha Verma,Injury,Cardiac Issue,False,High,37,Metformin,2 tablets,Once,10 days,125/63,62,99.7,93,Lead religious Mrs compare.
user176,Pass@6988,angela86@example.net,Stephanie Kemp,1977-05-17,2025-09-06,4,Dr. Rajesh Singh,Routine Checkup,Migraine,False,Low,32,Metformin,2 tablets,Once,10 days,129/75,70,98.4,97,Child offer last dark concern thus cold.
user176,Pass@6988,angela86@example.net,Stephanie Kemp,1977-05-17,2025-10-03,4,Dr. Kavita Reddy,Follow-up,Migraine,False,High,45,Atorvastatin,1 tablets,Once,7 days,138/64,62,101.0,99,Article collection true debate.
user176,Pass@6988,angela86@example.net,Stephanie Kemp,1977-05-17,2025-12-17,4,Dr. Priya Sharma,Routine Checkup,Hypertension,False,High,42,Levothyroxine,2 tablets,Twice,4 days,140/67,88,99.4,100,Position decision she end cell.
user177,Pass@3861,josemills@example.com,Diane Gonzales,1991-02-16,2025-10-05,4,Dr. Priya Sharma,Routine Checkup,Asthma,False,High,68,Amlodipine,2 tablets,Once,6 days,103/65,72,97.4,94,Laugh hear table eight usually here mouth.
user177,Pass@3861,josemills@example.com,Diane Gonzales,1991-02-16,2025-11-25,4,Dr. Anil Kumar,Fever,Thyroid Disorder,False,High,71,Paracetamol,2 tablets,Twice,6 days,112/63,70,100.4,99,Film lawyer very grow ball.
user177,Pass@3861,josemills@example.com,Diane Gonzales,1991-02-16,2025-12-24,4,Dr. Rajesh Singh,Follow-up,Thyroid Disorder,False,High,64,Metformin,1 tablets,Once,10 days,115/63,100,100.7,94,Reveal develop idea stuff can cup bring.
user177,Pass@3861,josemills@example.com,Diane Gonzales,1991-02-16,2026-01-23,4,Dr. Priya Sharma,Skin Issue,Diabetes,False,Low,65,Paracetamol,1 tablets,Thrice,4 days,106/67,83,97.5,98,Thought trade interesting who until article create.
user178,Pass@9070,donaldnorman@example.org,Brooke Levy,1963-09-05,2025-09-11,6,Dr. Neha Verma,Chest Pain,Cardiac Issue,True,High,40,Levothyroxine,2 tablets,Thrice,10 days,128/81,98,97.7,94,Have team make manager group.
user178,Pass@9070,donaldnorman@example.org,Brooke Levy,1963-09-05,2025-10-08,6,Dr. Rajesh Singh,Fever,Hypertension,True,Medium,55,Paracetamol,1 tablets,Thrice,6 days,109/82,73,97.2,99,Watch begin whose deal else seek.
user178,Pass@9070,donaldnorman@example.org,Brooke Levy,1963-09-05,2025-11-26,6,Dr. Priya Sharma,Routine Checkup,Diabetes,True,Low,55,Amlodipine,2 tablets,Twice,3 days,103/85,92,99.2,98,Control race mission such vote meet street.
user178,Pass@9070,donaldnorman@example.org,Brooke Levy,1963-09-05,2025-12-24,6,Dr. Priya Sharma,Follow-up,Cardiac Issue,True,Low,53,Levothyroxine,2 tablets,Thrice,7 days,139/85,88,99.1,100,Claim better evening statement.
user178,Pass@9070,donaldnorman@example.org,Brooke Levy,1963-09-05,2026-02-24,6,Dr. Priya Sharma,Fever,Migraine,True,Medium,52,Salbutamol,2 tablets,Thrice,6 days,132/79,73,100.0,96,Risk lay house apply place its.
user178,Pass@9070,donaldnorman@example.org,Brooke Levy,1963-09-05,2026-03-16,6,Dr. Anil Kumar,Routine Checkup,Diabetes,True,High,67,Atorvastatin,1 tablets,Thrice,10 days,121/88,91,97.3,98,Design single down.
user179,Pass@2315,samantha73@example.com,Jason Rivera,2002-02-15,2025-08-23,6,Dr. Kavita Reddy,Skin Issue,Asthma,True,Medium,52,Atorvastatin,2 tablets,Once,5 days,105/83,72,100.6,99,Skin less white foot.
user179,Pass@2315,samantha73@example.com,Jason Rivera,2002-02-15,2025-10-10,6,Dr. Neha Verma,Cough,Hypertension,True,Medium,44,Levothyroxine,1 tablets,Twice,8 days,110/73,85,99.4,97,Theory economic notice hit particular pick.
user179,Pass@2315,samantha73@example.com,Jason Rivera,2002-02-15,2025-12-15,6,Dr. Priya Sharma,Fever,Asthma,True,High,53,Salbutamol,1 tablets,Thrice,8 days,127/72,92,97.7,94,Talk eight game debate attack face.
user179,Pass@2315,samantha73@example.com,Jason Rivera,2002-02-15,2026-02-03,6,Dr. Anil Kumar,Headache,Thyroid Disorder,True,Low,55,Atorvastatin,2 tablets,Thrice,7 days,128/85,72,97.6,100,Edge behavior across give add.
user179,Pass@2315,samantha73@example.com,Jason Rivera,2002-02-15,2026-03-13,6,Dr. Anil Kumar,Chest Pain,Diabetes,True,High,62,Paracetamol,1 tablets,Twice,9 days,121/79,63,98.2,100,Toward although green wait.
user179,Pass@2315,samantha73@example.com,Jason Rivera,2002-02-15,2026-03-21,6,Dr. Rajesh Singh,Routine Checkup,Thyroid Disorder,True,Low,59,Paracetamol,2 tablets,Thrice,10 days,126/81,61,98.6,97,Modern win movie store.
user180,Pass@2539,juanpugh@example.org,Christine Moore,1997-04-25,2025-08-26,3,Dr. Priya Sharma,Fever,Cardiac Issue,True,Medium,35,Amlodipine,2 tablets,Once,7 days,103/61,60,98.4,93,Seem actually very space air dinner direction.
user180,Pass@2539,juanpugh@example.org,Christine Moore,1997-04-25,2026-02-12,3,Dr. Priya Sharma,Fever,Diabetes,True,High,41,Levothyroxine,1 tablets,Once,10 days,110/74,81,97.3,95,Republican series finally eye book.
user180,Pass@2539,juanpugh@example.org,Christine Moore,1997-04-25,2026-03-09,3,Dr. Kavita Reddy,Fever,Hypertension,True,High,31,Metformin,1 tablets,Thrice,4 days,118/65,86,100.7,96,Officer save with measure investment create reflect.
user181,Pass@8521,velazquezjesse@example.org,Nancy Clark,1985-06-26,2025-08-25,4,Dr. Kavita Reddy,Follow-up,Thyroid Disorder,False,Medium,32,Paracetamol,2 tablets,Once,3 days,131/77,76,99.3,97,Relationship at campaign though once citizen.
user181,Pass@8521,velazquezjesse@example.org,Nancy Clark,1985-06-26,2025-09-12,4,Dr. Kavita Reddy,Fever,Hypertension,False,Medium,45,Paracetamol,2 tablets,Twice,5 days,114/74,72,100.0,97,Foot term live whether community like.
user181,Pass@8521,velazquezjesse@example.org,Nancy Clark,1985-06-26,2025-11-06,4,Dr. Kavita Reddy,Skin Issue,Hypertension,False,High,42,Amlodipine,2 tablets,Once,3 days,132/73,72,97.4,98,Beyond beautiful visit expect.
user181,Pass@8521,velazquezjesse@example.org,Nancy Clark,1985-06-26,2025-12-13,4,Dr. Neha Verma,Routine Checkup,Diabetes,False,Low,56,Paracetamol,2 tablets,Once,8 days,139/77,85,100.8,99,Involve especially develop model better others he else.
user182,Pass@9046,browntammy@example.com,Brian Pierce,1961-01-04,2026-01-03,3,Dr. Anil Kumar,Cough,Asthma,True,High,41,Paracetamol,2 tablets,Thrice,5 days,106/86,88,97.6,92,Else article away whole parent she.
user182,Pass@9046,browntammy@example.com,Brian Pierce,1961-01-04,2026-02-03,3,Dr. Anil Kumar,Routine Checkup,Diabetes,True,Medium,42,Levothyroxine,1 tablets,Once,4 days,133/64,94,100.7,100,Collection away prepare better dream feel.
user182,Pass@9046,browntammy@example.com,Brian Pierce,1961-01-04,2026-03-12,3,Dr. Kavita Reddy,Routine Checkup,Thyroid Disorder,True,Low,50,Metformin,2 tablets,Once,3 days,123/73,69,98.8,98,Statement society century week important range she.
user183,Pass@8083,torreslance@example.com,Michael Lewis,1959-03-28,2025-08-14,5,Dr. Anil Kumar,Routine Checkup,Cardiac Issue,True,Medium,69,Levothyroxine,2 tablets,Twice,7 days,125/66,85,99.0,99,Real with condition accept might machine.
user183,Pass@8083,torreslance@example.com,Michael Lewis,1959-03-28,2025-11-09,5,Dr. Neha Verma,Injury,Asthma,True,Low,76,Levothyroxine,2 tablets,Thrice,3 days,117/90,99,99.7,93,Likely hospital race dog south.
user183,Pass@8083,torreslance@example.com,Michael Lewis,1959-03-28,2025-12-13,5,Dr. Kavita Reddy,Injury,Migraine,True,Low,74,Atorvastatin,1 tablets,Thrice,3 days,105/67,67,97.3,100,Rock those suddenly eight check center dream as.
user183,Pass@8083,torreslance@example.com,Michael Lewis,1959-03-28,2026-02-13,5,Dr. Rajesh Singh,Skin Issue,Diabetes,True,Low,74,Atorvastatin,2 tablets,Twice,6 days,120/63,98,98.6,92,Consumer with mother arrive knowledge.
user183,Pass@8083,torreslance@example.com,Michael Lewis,1959-03-28,2026-03-18,5,Dr. Priya Sharma,Routine Checkup,Cardiac Issue,True,Medium,73,Atorvastatin,2 tablets,Twice,4 days,119/67,86,99.5,94,National front moment.
user184,Pass@2722,denise59@example.com,Margaret Smith,1951-09-28,2025-12-15,4,Dr. Rajesh Singh,Skin Issue,Cardiac Issue,True,Low,52,Atorvastatin,2 tablets,Thrice,10 days,111/87,90,100.6,92,Protect authority apply safe candidate article successful.
user184,Pass@2722,denise59@example.com,Margaret Smith,1951-09-28,2026-02-28,4,Dr. Neha Verma,Headache,Hypertension,True,Medium,56,Paracetamol,2 tablets,Once,3 days,109/72,90,99.6,97,Significant floor daughter economy.
user184,Pass@2722,denise59@example.com,Margaret Smith,1951-09-28,2026-03-03,4,Dr. Anil Kumar,Chest Pain,Cardiac Issue,True,Medium,56,Paracetamol,2 tablets,Once,4 days,103/80,78,100.3,98,Dog again strategy expect help physical indicate left.
user184,Pass@2722,denise59@example.com,Margaret Smith,1951-09-28,2026-03-09,4,Dr. Kavita Reddy,Chest Pain,Migraine,True,High,62,Salbutamol,1 tablets,Once,6 days,140/63,72,100.7,99,Husband business tell give voice best great.
user185,Pass@9991,jamieweiss@example.org,Eric Wilson,1994-07-10,2025-11-12,3,Dr. Kavita Reddy,Routine Checkup,Thyroid Disorder,True,High,59,Paracetamol,1 tablets,Thrice,6 days,117/85,91,98.7,96,Nature unit state consumer speech up true.
user185,Pass@9991,jamieweiss@example.org,Eric Wilson,1994-07-10,2026-01-01,3,Dr. Anil Kumar,Headache,Diabetes,True,High,55,Metformin,2 tablets,Once,6 days,115/90,87,97.0,92,Base listen become public want ahead.
user185,Pass@9991,jamieweiss@example.org,Eric Wilson,1994-07-10,2026-02-26,3,Dr. Rajesh Singh,Fever,Hypertension,True,High,63,Paracetamol,2 tablets,Twice,4 days,105/85,86,98.6,93,Can result these computer benefit understand degree.
user186,Pass@4559,ianwilliams@example.com,Joseph Hernandez,1957-08-10,2025-08-30,5,Dr. Neha Verma,Headache,Cardiac Issue,True,Medium,38,Amlodipine,1 tablets,Twice,5 days,110/78,97,97.2,99,Market where off age still show possible.
user186,Pass@4559,ianwilliams@example.com,Joseph Hernandez,1957-08-10,2025-11-14,5,Dr. Kavita Reddy,Routine Checkup,Thyroid Disorder,True,High,33,Amlodipine,2 tablets,Once,6 days,116/75,64,99.4,92,Wait return little rich money.
user186,Pass@4559,ianwilliams@example.com,Joseph Hernandez,1957-08-10,2026-01-22,5,Dr. Neha Verma,Chest Pain,Diabetes,True,Medium,45,Metformin,2 tablets,Once,9 days,125/72,77,97.5,92,Serve in current.
user186,Pass@4559,ianwilliams@example.com,Joseph Hernandez,1957-08-10,2026-02-23,5,Dr. Kavita Reddy,Injury,Cardiac Issue,True,High,43,Atorvastatin,2 tablets,Thrice,8 days,102/79,63,97.2,97,Matter determine region human.
user186,Pass@4559,ianwilliams@example.com,Joseph Hernandez,1957-08-10,2026-03-02,5,Dr. Anil Kumar,Follow-up,Cardiac Issue,True,Low,48,Paracetamol,2 tablets,Thrice,9 days,140/89,66,99.1,97,Now thought prevent suffer laugh.
user187,Pass@5816,rmartin@example.com,Heather Hoffman,1987-06-06,2025-10-08,5,Dr. Anil Kumar,Injury,Hypertension,True,Low,34,Atorvastatin,1 tablets,Once,6 days,124/90,81,97.3,98,Oil television talk through wind ball.
user187,Pass@5816,rmartin@example.com,Heather Hoffman,1987-06-06,2025-10-10,5,Dr. Priya Sharma,Cough,Cardiac Issue,True,High,32,Amlodipine,1 tablets,Once,8 days,127/72,89,100.9,100,He drive author foot western loss.
user187,Pass@5816,rmartin@example.com,Heather Hoffman,1987-06-06,2025-11-12,5,Dr. Anil Kumar,Routine Checkup,Asthma,True,High,38,Salbutamol,2 tablets,Once,10 days,103/74,79,98.4,97,Word indicate structure.
user187,Pass@5816,rmartin@example.com,Heather Hoffman,1987-06-06,2025-12-14,5,Dr. Rajesh Singh,Follow-up,Diabetes,True,Low,48,Levothyroxine,2 tablets,Thrice,5 days,109/74,94,99.2,93,Billion real others raise be probably term.
user187,Pass@5816,rmartin@example.com,Heather Hoffman,1987-06-06,2025-12-31,5,Dr. Neha Verma,Routine Checkup,Thyroid Disorder,True,High,49,Amlodipine,1 tablets,Thrice,6 days,131/67,75,101.0,93,Trade community radio continue simply.
user188,Pass@5054,christopherwashington@example.com,Christopher Collins DDS,1994-05-01,2025-09-19,2,Dr. Neha Verma,Follow-up,Migraine,True,Medium,69,Paracetamol,1 tablets,Twice,7 days,121/79,63,99.7,94,Old eight range pretty.
user188,Pass@5054,christopherwashington@example.com,Christopher Collins DDS,1994-05-01,2025-10-15,2,Dr. Priya Sharma,Skin Issue,Thyroid Disorder,True,Low,76,Levothyroxine,1 tablets,Thrice,4 days,136/65,72,98.2,100,Owner weight threat respond.
user189,Pass@9449,joshuasmith@example.net,Hannah Bradshaw,1986-07-11,2025-08-12,5,Dr. Anil Kumar,Chest Pain,Cardiac Issue,True,Low,46,Metformin,1 tablets,Thrice,3 days,112/64,72,100.0,95,Country senior since always.
user189,Pass@9449,joshuasmith@example.net,Hannah Bradshaw,1986-07-11,2025-11-27,5,Dr. Rajesh Singh,Cough,Thyroid Disorder,True,Low,43,Paracetamol,2 tablets,Once,9 days,124/80,87,100.9,100,Next find prevent last may election.
user189,Pass@9449,joshuasmith@example.net,Hannah Bradshaw,1986-07-11,2026-01-14,5,Dr. Rajesh Singh,Routine Checkup,Hypertension,True,Medium,41,Amlodipine,2 tablets,Twice,8 days,131/71,82,97.1,99,Until everything charge since administration.
user189,Pass@9449,joshuasmith@example.net,Hannah Bradshaw,1986-07-11,2026-02-10,5,Dr. Neha Verma,Chest Pain,Migraine,True,High,53,Amlodipine,1 tablets,Once,4 days,126/85,87,98.7,98,Building company think a industry.
user189,Pass@9449,joshuasmith@example.net,Hannah Bradshaw,1986-07-11,2026-02-12,5,Dr. Neha Verma,Follow-up,Thyroid Disorder,True,High,52,Paracetamol,1 tablets,Twice,8 days,105/77,66,100.9,97,Human draw less.
user190,Pass@4028,jgonzalez@example.org,Christopher Velasquez,1965-11-28,2026-02-02,2,Dr. Priya Sharma,Injury,Thyroid Disorder,True,High,71,Salbutamol,1 tablets,Thrice,8 days,134/82,78,98.6,100,Garden represent tree dog threat production.
user190,Pass@4028,jgonzalez@example.org,Christopher Velasquez,1965-11-28,2026-03-04,2,Dr. Rajesh Singh,Follow-up,Hypertension,True,Medium,72,Metformin,2 tablets,Thrice,6 days,119/68,60,98.4,93,Within above report something set.
user191,Pass@1938,sarahgreen@example.com,Lori Williams,1975-04-08,2025-11-06,5,Dr. Kavita Reddy,Injury,Thyroid Disorder,False,High,35,Levothyroxine,2 tablets,Twice,8 days,107/82,87,99.9,93,Yeah help learn page election development.
user191,Pass@1938,sarahgreen@example.com,Lori Williams,1975-04-08,2025-11-07,5,Dr. Anil Kumar,Headache,Asthma,False,High,36,Levothyroxine,1 tablets,Thrice,9 days,128/89,70,100.0,95,Because benefit attorney head.
user191,Pass@1938,sarahgreen@example.com,Lori Williams,1975-04-08,2025-12-26,5,Dr. Anil Kumar,Chest Pain,Asthma,False,Low,45,Atorvastatin,1 tablets,Thrice,8 days,104/85,76,98.7,97,Listen view necessary skin.
user191,Pass@1938,sarahgreen@example.com,Lori Williams,1975-04-08,2026-01-18,5,Dr. Rajesh Singh,Cough,Asthma,False,Medium,41,Paracetamol,1 tablets,Thrice,3 days,126/76,62,98.6,98,Movie cultural color forget strong.
user191,Pass@1938,sarahgreen@example.com,Lori Williams,1975-04-08,2026-01-31,5,Dr. Anil Kumar,Follow-up,Diabetes,False,High,43,Paracetamol,2 tablets,Once,9 days,112/82,82,99.4,98,Off beat many tonight long ten.
user192,Pass@7340,crawfordalison@example.com,Karen Wilson,1977-05-11,2025-11-28,3,Dr. Priya Sharma,Chest Pain,Migraine,False,Medium,54,Salbutamol,1 tablets,Twice,4 days,127/69,97,99.0,96,Assume get majority behind crime wrong speak.
user192,Pass@7340,crawfordalison@example.com,Karen Wilson,1977-05-11,2026-01-30,3,Dr. Anil Kumar,Injury,Diabetes,False,High,53,Paracetamol,2 tablets,Once,8 days,128/75,68,100.7,97,Information guy account work.
user192,Pass@7340,crawfordalison@example.com,Karen Wilson,1977-05-11,2026-02-09,3,Dr. Priya Sharma,Routine Checkup,Cardiac Issue,False,High,45,Metformin,2 tablets,Once,6 days,126/73,98,97.3,99,Street range foreign people girl.
user193,Pass@9206,whiteamy@example.net,Michael Hamilton,1992-12-13,2026-03-12,2,Dr. Priya Sharma,Cough,Migraine,False,Medium,36,Levothyroxine,1 tablets,Twice,5 days,114/83,84,100.0,97,Rate over serious become data goal.
user193,Pass@9206,whiteamy@example.net,Michael Hamilton,1992-12-13,2026-04-01,2,Dr. Kavita Reddy,Follow-up,Diabetes,False,Medium,41,Salbutamol,2 tablets,Once,3 days,135/85,60,99.1,100,Individual those pressure despite player purpose.
user194,Pass@4287,rmartin@example.net,Glenn Rogers,1981-06-21,2025-10-28,5,Dr. Kavita Reddy,Follow-up,Thyroid Disorder,False,Low,60,Salbutamol,1 tablets,Once,5 days,108/77,69,99.0,99,Page suddenly cup stand enough agree bit administration.
user194,Pass@4287,rmartin@example.net,Glenn Rogers,1981-06-21,2025-12-03,5,Dr. Neha Verma,Routine Checkup,Diabetes,False,Low,63,Atorvastatin,1 tablets,Thrice,5 days,121/64,93,97.7,99,Himself itself attack none others position Congress.
user194,Pass@4287,rmartin@example.net,Glenn Rogers,1981-06-21,2025-12-15,5,Dr. Priya Sharma,Routine Checkup,Hypertension,False,High,72,Levothyroxine,1 tablets,Thrice,8 days,102/87,97,101.0,99,Able friend will.
user194,Pass@4287,rmartin@example.net,Glenn Rogers,1981-06-21,2026-01-13,5,Dr. Neha Verma,Follow-up,Hypertension,False,Low,74,Salbutamol,2 tablets,Thrice,10 days,107/74,62,98.3,93,Speech or Democrat house none feeling station.
user194,Pass@4287,rmartin@example.net,Glenn Rogers,1981-06-21,2026-03-30,5,Dr. Kavita Reddy,Routine Checkup,Asthma,False,Low,62,Levothyroxine,1 tablets,Thrice,10 days,111/75,70,99.9,96,Any economic white budget.
user195,Pass@1949,marcus25@example.net,Doris Snyder,1964-03-23,2025-12-18,4,Dr. Kavita Reddy,Chest Pain,Cardiac Issue,True,High,33,Salbutamol,1 tablets,Twice,5 days,100/79,61,99.3,94,Quite also sell a indeed business.
user195,Pass@1949,marcus25@example.net,Doris Snyder,1964-03-23,2026-01-01,4,Dr. Neha Verma,Injury,Diabetes,True,High,41,Metformin,2 tablets,Thrice,5 days,119/72,82,100.2,99,Social sell stay man much.
user195,Pass@1949,marcus25@example.net,Doris Snyder,1964-03-23,2026-01-27,4,Dr. Anil Kumar,Cough,Diabetes,True,High,47,Levothyroxine,1 tablets,Twice,5 days,125/67,91,97.5,100,Style PM tree debate shake pass Mr.
user195,Pass@1949,marcus25@example.net,Doris Snyder,1964-03-23,2026-03-01,4,Dr. Neha Verma,Fever,Thyroid Disorder,True,Low,43,Levothyroxine,2 tablets,Twice,9 days,127/79,70,98.3,99,Stage end nearly nothing.
user196,Pass@9331,smithmeghan@example.com,Amanda Lyons,1987-08-22,2025-10-16,6,Dr. Anil Kumar,Cough,Migraine,False,Medium,33,Salbutamol,2 tablets,Twice,10 days,112/67,70,100.0,96,Different on big area the.
user196,Pass@9331,smithmeghan@example.com,Amanda Lyons,1987-08-22,2025-12-09,6,Dr. Kavita Reddy,Follow-up,Cardiac Issue,False,Medium,45,Atorvastatin,1 tablets,Thrice,4 days,104/69,81,98.8,94,Concern morning strong away down.
user196,Pass@9331,smithmeghan@example.com,Amanda Lyons,1987-08-22,2025-12-14,6,Dr. Anil Kumar,Injury,Asthma,False,Medium,46,Metformin,1 tablets,Twice,5 days,115/73,99,98.0,98,I address better view back adult.
user196,Pass@9331,smithmeghan@example.com,Amanda Lyons,1987-08-22,2026-01-06,6,Dr. Anil Kumar,Fever,Asthma,False,Low,37,Paracetamol,1 tablets,Thrice,3 days,109/88,77,100.0,100,Common up memory spring sea go imagine attention.
user196,Pass@9331,smithmeghan@example.com,Amanda Lyons,1987-08-22,2026-02-02,6,Dr. Rajesh Singh,Skin Issue,Hypertension,False,Medium,55,Metformin,2 tablets,Twice,6 days,136/64,92,98.0,92,Send coach blue poor by.
user196,Pass@9331,smithmeghan@example.com,Amanda Lyons,1987-08-22,2026-02-03,6,Dr. Neha Verma,Cough,Hypertension,False,Medium,53,Paracetamol,1 tablets,Thrice,5 days,137/83,92,97.9,94,Each wear write cold agreement add power.
user197,Pass@1907,ramirezbrandi@example.com,Ruth Hunter,1994-08-06,2025-08-30,4,Dr. Priya Sharma,Cough,Thyroid Disorder,False,High,28,Levothyroxine,2 tablets,Thrice,6 days,123/79,85,97.2,96,Care social care add media language clearly.
user197,Pass@1907,ramirezbrandi@example.com,Ruth Hunter,1994-08-06,2026-01-04,4,Dr. Priya Sharma,Chest Pain,Migraine,False,Medium,36,Paracetamol,2 tablets,Twice,9 days,102/88,63,99.5,94,Modern skin college.
user197,Pass@1907,ramirezbrandi@example.com,Ruth Hunter,1994-08-06,2026-01-25,4,Dr. Anil Kumar,Injury,Migraine,False,High,48,Metformin,2 tablets,Once,9 days,119/61,91,99.2,92,Spend son campaign sign news act.
user197,Pass@1907,ramirezbrandi@example.com,Ruth Hunter,1994-08-06,2026-01-28,4,Dr. Neha Verma,Routine Checkup,Diabetes,False,Medium,51,Levothyroxine,2 tablets,Twice,4 days,119/89,69,97.8,100,Important seat soon walk various.
user198,Pass@5771,philipkoch@example.com,Raven Baker,1963-07-25,2025-09-15,5,Dr. Priya Sharma,Injury,Cardiac Issue,False,High,55,Salbutamol,2 tablets,Twice,5 days,139/78,80,101.0,92,Central cost get throughout particularly throughout.
user198,Pass@5771,philipkoch@example.com,Raven Baker,1963-07-25,2025-10-03,5,Dr. Kavita Reddy,Headache,Hypertension,False,Low,64,Amlodipine,1 tablets,Twice,10 days,133/89,86,97.7,92,Center option word thought thought daughter suffer go.
user198,Pass@5771,philipkoch@example.com,Raven Baker,1963-07-25,2025-10-31,5,Dr. Anil Kumar,Routine Checkup,Asthma,False,High,71,Salbutamol,2 tablets,Thrice,5 days,106/74,72,99.5,98,Fire cause will spring actually join explain education.
user198,Pass@5771,philipkoch@example.com,Raven Baker,1963-07-25,2026-02-03,5,Dr. Rajesh Singh,Follow-up,Hypertension,False,Medium,66,Amlodipine,1 tablets,Once,5 days,112/82,71,99.4,92,Season low sense cost.
user198,Pass@5771,philipkoch@example.com,Raven Baker,1963-07-25,2026-03-01,5,Dr. Kavita Reddy,Skin Issue,Cardiac Issue,False,Medium,79,Metformin,2 tablets,Twice,3 days,134/67,96,99.2,98,Thus power prevent and model surface break.
user199,Pass@9086,hamiltonchelsea@example.com,Todd Miller,1953-07-12,2025-09-11,5,Dr. Kavita Reddy,Fever,Thyroid Disorder,True,High,50,Amlodipine,2 tablets,Thrice,9 days,138/75,88,98.4,97,Professional part site somebody rock look pick.
user199,Pass@9086,hamiltonchelsea@example.com,Todd Miller,1953-07-12,2025-09-12,5,Dr. Anil Kumar,Injury,Hypertension,True,High,67,Metformin,2 tablets,Thrice,8 days,107/85,100,100.2,94,Grow someone oil could feel.
user199,Pass@9086,hamiltonchelsea@example.com,Todd Miller,1953-07-12,2026-03-09,5,Dr. Rajesh Singh,Cough,Thyroid Disorder,True,High,63,Levothyroxine,1 tablets,Once,10 days,100/79,83,97.6,93,Race front talk.
user199,Pass@9086,hamiltonchelsea@example.com,Todd Miller,1953-07-12,2026-03-15,5,Dr. Kavita Reddy,Chest Pain,Asthma,True,High,70,Salbutamol,2 tablets,Once,3 days,103/73,68,97.2,93,Great give source fine who away son.
user199,Pass@9086,hamiltonchelsea@example.com,Todd Miller,1953-07-12,2026-03-25,5,Dr. Kavita Reddy,Chest Pain,Migraine,True,High,63,Levothyroxine,2 tablets,Twice,10 days,101/69,89,100.6,93,Town animal drug Democrat industry relationship senior.
user200,Pass@8454,nathan60@example.com,Maria Robinson,1998-12-08,2025-11-01,2,Dr. Rajesh Singh,Routine Checkup,Migraine,False,High,52,Amlodipine,2 tablets,Once,5 days,133/83,83,98.4,98,Opportunity right form although apply.
user200,Pass@8454,nathan60@example.com,Maria Robinson,1998-12-08,2025-11-13,2,Dr. Kavita Reddy,Skin Issue,Cardiac Issue,False,High,62,Atorvastatin,2 tablets,Once,3 days,125/89,97,98.6,99,Market place nation.
