Username,Password,Email,Name,DOB,VisitDate,VisitFrequency,DoctorName,DiagnosisName,IsChronic,Severity,ProgressScore,MedicineName,Dosage,Frequency,Duration,BP,HeartRate,Temp,SpO2,Notes
user1,Pass@2968,parksabrina@example.org,Mark Velez,1963-12-07,2025-08-11,4,Dr. Kavita Reddy,Diabetes,False,Low,73,Paracetamol,2 tablets,Thrice,8 days,120/63,72,98.4,98,To building well education animal even structure.
user1,Pass@2968,parksabrina@example.org,Mark Velez,1963-12-07,2025-10-21,4,Dr. Neha Verma,Hypertension,False,Medium,63,Amlodipine,2 tablets,Once,3 days,107/61,63,97.1,92,Catch look assume east sit.
user1,Pass@2968,parksabrina@example.org,Mark Velez,1963-12-07,2025-11-14,4,Dr. Kavita Reddy,Hypertension,False,Medium,78,Paracetamol,2 tablets,Twice,10 days,120/77,88,98.7,99,Understand career exist her various institution blood.
user1,Pass@2968,parksabrina@example.org,Mark Velez,1963-12-07,2026-02-01,4,Dr. Anil Kumar,Asthma,False,Low,84,Amlodipine,1 tablets,Once,5 days,122/62,73,99.6,96,Here into woman model drug which international.
user2,Pass@7504,sean76@example.com,Rachael Stone,1988-10-08,2025-10-18,2,Dr. Kavita Reddy,Migraine,False,Low,35,Atorvastatin,2 tablets,Thrice,9 days,112/60,70,97.2,95,Even break traditional firm democratic kind another.
user2,Pass@7504,sean76@example.com,Rachael Stone,1988-10-08,2026-02-14,2,Dr. Neha Verma,Asthma,False,Medium,30,Amlodipine,2 tablets,Thrice,5 days,118/63,73,97.5,95,Figure could religious one pull they several.
user3,Pass@1454,kendrabarron@example.com,Krista Lynch,1974-03-20,2025-10-15,6,Dr. Anil Kumar,Thyroid Disorder,True,Medium,75,Levothyroxine,1 tablets,Once,10 days,128/75,66,98.7,96,Top month challenge now institution official action high.
user3,Pass@1454,kendrabarron@example.com,Krista Lynch,1974-03-20,2025-10-23,6,Dr. Rajesh Singh,Migraine,True,High,80,Atorvastatin,2 tablets,Twice,3 days,137/66,92,98.5,100,Upon but activity must probably rate less.
user3,Pass@1454,kendrabarron@example.com,Krista Lynch,1974-03-20,2025-10-28,6,Dr. Priya Sharma,Thyroid Disorder,True,Low,72,Levothyroxine,1 tablets,Twice,6 days,135/76,80,99.5,99,Again church store employee.
user3,Pass@1454,kendrabarron@example.com,Krista Lynch,1974-03-20,2025-12-28,6,Dr. Rajesh Singh,Thyroid Disorder,True,Low,87,Salbutamol,2 tablets,Once,9 days,104/64,91,100.2,99,I could mission start animal great.
user3,Pass@1454,kendrabarron@example.com,Krista Lynch,1974-03-20,2026-01-18,6,Dr. Anil Kumar,Migraine,True,Low,76,Levothyroxine,1 tablets,Twice,3 days,126/81,64,98.5,93,Now power exist team executive phone.
user3,Pass@1454,kendrabarron@example.com,Krista Lynch,1974-03-20,2026-03-30,6,Dr. Anil Kumar,Thyroid Disorder,True,Low,87,Amlodipine,2 tablets,Thrice,6 days,121/79,79,98.3,99,Establish word organization it become man response.
user4,Pass@9789,shelia85@example.net,Tina Parker,1980-08-21,2025-09-22,2,Dr. Neha Verma,Migraine,True,Medium,50,Paracetamol,1 tablets,Thrice,3 days,125/69,97,98.8,94,Tend prepare fire finally couple artist.
user4,Pass@9789,shelia85@example.net,Tina Parker,1980-08-21,2025-12-13,2,Dr. Priya Sharma,Cardiac Issue,True,Low,56,Metformin,1 tablets,Thrice,3 days,136/67,87,97.3,99,Care do article single far.
user5,Pass@2359,rhernandez@example.com,Amanda Perez,1970-05-15,2025-08-17,3,Dr. Anil Kumar,Migraine,True,High,42,Salbutamol,1 tablets,Thrice,8 days,134/87,74,100.2,93,Remain discover middle north attack.
user5,Pass@2359,rhernandez@example.com,Amanda Perez,1970-05-15,2025-09-17,3,Dr. Kavita Reddy,Thyroid Disorder,True,High,34,Metformin,2 tablets,Thrice,5 days,116/61,75,98.0,97,Business cover energy detail east Congress.
user5,Pass@2359,rhernandez@example.com,Amanda Perez,1970-05-15,2025-09-27,3,Dr. Neha Verma,Migraine,True,Medium,40,Amlodipine,2 tablets,Once,9 days,103/65,80,97.9,99,West civil share with ground during technology less.
user6,Pass@3026,vgarcia@example.org,James Wilson,1974-02-22,2025-08-31,3,Dr. Priya Sharma,Migraine,True,High,46,Paracetamol,2 tablets,Twice,8 days,119/63,85,100.0,97,Town recognize much when strong.
user6,Pass@3026,vgarcia@example.org,James Wilson,1974-02-22,2026-01-07,3,Dr. Priya Sharma,Cardiac Issue,True,Low,41,Metformin,1 tablets,Once,4 days,116/79,63,97.5,95,Team rule attorney machine house time.
user6,Pass@3026,vgarcia@example.org,James Wilson,1974-02-22,2026-03-26,3,Dr. Kavita Reddy,Hypertension,True,Low,40,Amlodipine,1 tablets,Twice,10 days,135/65,87,100.6,93,Treatment idea fight identify imagine support.
user7,Pass@4067,eric94@example.net,Tracey Elliott,2001-12-16,2025-09-05,6,Dr. Kavita Reddy,Asthma,False,High,38,Metformin,2 tablets,Once,7 days,139/68,70,99.2,92,Concern woman read.
user7,Pass@4067,eric94@example.net,Tracey Elliott,2001-12-16,2025-09-29,6,Dr. Rajesh Singh,Asthma,False,Low,30,Amlodipine,1 tablets,Once,10 days,130/74,83,100.9,97,Without gas consider next.
user7,Pass@4067,eric94@example.net,Tracey Elliott,2001-12-16,2025-10-20,6,Dr. Kavita Reddy,Asthma,False,High,48,Metformin,1 tablets,Once,5 days,118/74,70,98.7,95,Story Republican character.
user7,Pass@4067,eric94@example.net,Tracey Elliott,2001-12-16,2026-01-19,6,Dr. Priya Sharma,Migraine,False,Low,45,Atorvastatin,1 tablets,Once,7 days,101/85,78,97.7,98,Future whose without across finish create.
user7,Pass@4067,eric94@example.net,Tracey Elliott,2001-12-16,2026-03-24,6,Dr. Neha Verma,Migraine,False,Medium,42,Metformin,1 tablets,Once,7 days,129/84,62,99.6,94,Money up certain argue service what design together.
user7,Pass@4067,eric94@example.net,Tracey Elliott,2001-12-16,2026-03-31,6,Dr. Priya Sharma,Thyroid Disorder,False,Medium,42,Levothyroxine,2 tablets,Twice,4 days,137/87,92,100.9,98,These system student why.
user8,Pass@7866,elizabeth25@example.com,Danielle Dennis,1965-12-23,2025-12-23,2,Dr. Priya Sharma,Cardiac Issue,True,Medium,50,Salbutamol,2 tablets,Once,5 days,117/83,89,99.6,96,Check property form paper whose.
user8,Pass@7866,elizabeth25@example.com,Danielle Dennis,1965-12-23,2026-03-19,2,Dr. Priya Sharma,Thyroid Disorder,True,Medium,55,Levothyroxine,2 tablets,Twice,4 days,120/88,83,97.9,97,Pretty politics movement.
user9,Pass@9766,jane83@example.net,Sheri Murphy,1984-01-28,2025-08-29,6,Dr. Rajesh Singh,Asthma,False,Low,46,Salbutamol,1 tablets,Once,6 days,125/64,82,99.5,97,Risk decade approach information.
user9,Pass@9766,jane83@example.net,Sheri Murphy,1984-01-28,2025-09-23,6,Dr. Neha Verma,Asthma,False,Medium,51,Amlodipine,1 tablets,Thrice,5 days,136/85,65,99.4,94,Recognize team among article later very exist.
user9,Pass@9766,jane83@example.net,Sheri Murphy,1984-01-28,2025-11-18,6,Dr. Anil Kumar,Diabetes,False,Medium,53,Atorvastatin,1 tablets,Twice,7 days,116/88,88,99.4,95,Beyond discussion concern ability cell bar leader.
user9,Pass@9766,jane83@example.net,Sheri Murphy,1984-01-28,2026-01-12,6,Dr. Rajesh Singh,Asthma,False,Medium,57,Atorvastatin,1 tablets,Thrice,6 days,123/62,80,100.3,96,Eye region produce light cold.
user9,Pass@9766,jane83@example.net,Sheri Murphy,1984-01-28,2026-02-02,6,Dr. Anil Kumar,Asthma,False,Medium,56,Paracetamol,2 tablets,Once,8 days,102/73,67,100.5,93,Music feeling rule their current try.
user9,Pass@9766,jane83@example.net,Sheri Murphy,1984-01-28,2026-02-28,6,Dr. Priya Sharma,Asthma,False,Medium,52,Atorvastatin,1 tablets,Thrice,8 days,129/77,100,100.3,95,Body safe head organization on artist.
user10,Pass@2555,catherinesmith@example.org,Laura Robinson,1956-03-29,2025-10-17,3,Dr. Priya Sharma,Cardiac Issue,True,Low,40,Salbutamol,2 tablets,Thrice,3 days,112/90,67,100.1,93,Heavy security tonight.
user10,Pass@2555,catherinesmith@example.org,Laura Robinson,1956-03-29,2025-12-28,3,Dr. Neha Verma,Migraine,True,Low,39,Salbutamol,2 tablets,Once,6 days,100/78,73,99.1,99,Project help bar position.
user10,Pass@2555,catherinesmith@example.org,Laura Robinson,1956-03-29,2026-03-10,3,Dr. Neha Verma,Thyroid Disorder,True,High,49,Levothyroxine,2 tablets,Once,3 days,140/86,98,97.1,96,Eye nation actually pressure eat clearly.
user11,Pass@9310,hector97@example.net,Karl Bradley,2001-01-17,2025-08-17,6,Dr. Priya Sharma,Diabetes,False,Low,55,Levothyroxine,1 tablets,Twice,6 days,135/78,74,98.0,100,Put president three south quite system significant cost.
user11,Pass@9310,hector97@example.net,Karl Bradley,2001-01-17,2025-08-23,6,Dr. Rajesh Singh,Diabetes,False,Low,49,Metformin,2 tablets,Twice,9 days,109/90,95,97.0,99,Section reality pass network.
user11,Pass@9310,hector97@example.net,Karl Bradley,2001-01-17,2025-09-29,6,Dr. Kavita Reddy,Diabetes,False,High,61,Atorvastatin,2 tablets,Once,9 days,124/63,84,97.8,92,Purpose front majority few major window sea.
user11,Pass@9310,hector97@example.net,Karl Bradley,2001-01-17,2025-12-06,6,Dr. Priya Sharma,Asthma,False,Low,68,Metformin,2 tablets,Twice,7 days,128/72,94,97.6,97,Drug else million great.
user11,Pass@9310,hector97@example.net,Karl Bradley,2001-01-17,2026-01-21,6,Dr. Neha Verma,Asthma,False,Medium,61,Salbutamol,1 tablets,Thrice,4 days,124/61,73,97.3,94,Particular call finally major.
user11,Pass@9310,hector97@example.net,Karl Bradley,2001-01-17,2026-01-28,6,Dr. Anil Kumar,Migraine,False,Medium,64,Metformin,1 tablets,Twice,6 days,117/63,61,97.2,93,Number list skin have then.
user12,Pass@8712,matthewsaunders@example.com,Chris Edwards,1994-09-02,2026-01-08,2,Dr. Priya Sharma,Cardiac Issue,False,High,38,Levothyroxine,1 tablets,Twice,6 days,108/61,70,99.8,96,Book herself recognize consumer fish concern tree.
user12,Pass@8712,matthewsaunders@example.com,Chris Edwards,1994-09-02,2026-03-02,2,Dr. Rajesh Singh,Cardiac Issue,False,High,32,Atorvastatin,1 tablets,Twice,7 days,100/78,67,100.1,96,Season specific to reach.
user13,Pass@5237,nruiz@example.com,Karen Taylor,1996-09-23,2025-09-01,4,Dr. Anil Kumar,Hypertension,False,Medium,54,Salbutamol,1 tablets,Twice,9 days,127/79,69,100.7,100,Us stuff current glass authority establish.
user13,Pass@5237,nruiz@example.com,Karen Taylor,1996-09-23,2025-11-06,4,Dr. Anil Kumar,Migraine,False,High,46,Paracetamol,2 tablets,Once,6 days,117/66,75,100.7,93,Care clear letter.
user13,Pass@5237,nruiz@example.com,Karen Taylor,1996-09-23,2025-11-08,4,Dr. Kavita Reddy,Hypertension,False,Medium,55,Levothyroxine,1 tablets,Thrice,5 days,135/69,88,97.7,96,Tax carry safe often movie.
user13,Pass@5237,nruiz@example.com,Karen Taylor,1996-09-23,2025-12-26,4,Dr. Priya Sharma,Migraine,False,Low,54,Paracetamol,1 tablets,Once,9 days,111/73,71,99.8,99,Trade player well left.
user14,Pass@8405,ybeck@example.net,Brittany Martinez,1977-02-27,2025-08-27,6,Dr. Anil Kumar,Diabetes,False,Medium,57,Levothyroxine,1 tablets,Thrice,5 days,135/77,74,97.6,98,Court many box use security expect.
user14,Pass@8405,ybeck@example.net,Brittany Martinez,1977-02-27,2025-10-22,6,Dr. Priya Sharma,Hypertension,False,High,59,Atorvastatin,1 tablets,Twice,10 days,113/76,72,98.4,98,Check skill miss beautiful.
user14,Pass@8405,ybeck@example.net,Brittany Martinez,1977-02-27,2025-11-23,6,Dr. Kavita Reddy,Migraine,False,High,64,Paracetamol,2 tablets,Twice,7 days,111/67,88,100.3,94,Prepare better tough court direction indeed red.
user14,Pass@8405,ybeck@example.net,Brittany Martinez,1977-02-27,2026-02-08,6,Dr. Priya Sharma,Thyroid Disorder,False,Medium,70,Amlodipine,1 tablets,Once,6 days,103/87,89,100.1,92,Service full gun author.
user14,Pass@8405,ybeck@example.net,Brittany Martinez,1977-02-27,2026-03-07,6,Dr. Rajesh Singh,Hypertension,False,High,75,Atorvastatin,1 tablets,Thrice,10 days,104/85,85,97.7,96,Owner how list.
user14,Pass@8405,ybeck@example.net,Brittany Martinez,1977-02-27,2026-03-17,6,Dr. Neha Verma,Hypertension,False,Medium,66,Amlodipine,2 tablets,Thrice,7 days,115/67,89,98.5,99,Lead stop blue down say because not.
user15,Pass@9405,jfrank@example.org,Manuel Trevino,2006-03-15,2025-10-29,2,Dr. Kavita Reddy,Diabetes,False,Low,29,Salbutamol,1 tablets,Thrice,4 days,135/71,73,97.8,95,Hand bank fight road note hot range.
user15,Pass@9405,jfrank@example.org,Manuel Trevino,2006-03-15,2026-02-23,2,Dr. Priya Sharma,Thyroid Disorder,False,Low,40,Levothyroxine,2 tablets,Twice,5 days,103/85,92,97.5,94,List beat garden catch.
user16,Pass@6174,qhughes@example.net,Miguel Foster,1955-12-26,2025-09-29,6,Dr. Neha Verma,Migraine,True,High,39,Paracetamol,2 tablets,Once,10 days,117/68,95,100.5,94,Member church despite relationship money day.
user16,Pass@6174,qhughes@example.net,Miguel Foster,1955-12-26,2025-10-21,6,Dr. Neha Verma,Migraine,True,High,45,Amlodipine,1 tablets,Once,9 days,128/66,80,100.9,95,Power serve threat any age determine.
user16,Pass@6174,qhughes@example.net,Miguel Foster,1955-12-26,2025-12-14,6,Dr. Kavita Reddy,Thyroid Disorder,True,Medium,42,Levothyroxine,2 tablets,Thrice,6 days,140/82,85,97.3,100,Financial change through brother movement trade structure.
user16,Pass@6174,qhughes@example.net,Miguel Foster,1955-12-26,2025-12-20,6,Dr. Anil Kumar,Hypertension,True,Low,42,Paracetamol,1 tablets,Thrice,6 days,133/84,80,97.8,92,Several anything poor conference.
user16,Pass@6174,qhughes@example.net,Miguel Foster,1955-12-26,2026-02-07,6,Dr. Anil Kumar,Hypertension,True,Low,46,Levothyroxine,2 tablets,Once,7 days,114/70,60,98.5,99,Coach current computer financial other.
user16,Pass@6174,qhughes@example.net,Miguel Foster,1955-12-26,2026-02-23,6,Dr. Neha Verma,Diabetes,True,Medium,44,Levothyroxine,2 tablets,Thrice,4 days,133/69,80,97.8,96,Box finally yeah model.
user17,Pass@7284,ymcdonald@example.com,Colton Espinoza,1995-12-28,2025-11-11,6,Dr. Neha Verma,Hypertension,True,Medium,38,Atorvastatin,1 tablets,Once,10 days,128/69,69,97.1,92,Quality last establish size machine hotel about.
user17,Pass@7284,ymcdonald@example.com,Colton Espinoza,1995-12-28,2025-11-29,6,Dr. Rajesh Singh,Asthma,True,Low,37,Levothyroxine,1 tablets,Thrice,5 days,120/76,93,100.4,96,Director leg itself seem certain.
user17,Pass@7284,ymcdonald@example.com,Colton Espinoza,1995-12-28,2025-12-07,6,Dr. Rajesh Singh,Diabetes,True,High,35,Amlodipine,2 tablets,Thrice,6 days,133/86,74,100.5,96,Force too go role.
user17,Pass@7284,ymcdonald@example.com,Colton Espinoza,1995-12-28,2026-01-18,6,Dr. Anil Kumar,Migraine,True,Low,51,Paracetamol,2 tablets,Thrice,4 days,114/72,63,100.3,99,Analysis no maybe play manage fund.
user17,Pass@7284,ymcdonald@example.com,Colton Espinoza,1995-12-28,2026-01-19,6,Dr. Neha Verma,Thyroid Disorder,True,Medium,41,Amlodipine,1 tablets,Once,5 days,120/79,88,98.8,95,Project lead prevent safe her treat.
user17,Pass@7284,ymcdonald@example.com,Colton Espinoza,1995-12-28,2026-02-19,6,Dr. Rajesh Singh,Cardiac Issue,True,Low,47,Paracetamol,1 tablets,Once,6 days,128/60,69,98.0,96,Meet discussion anyone understand very.
user18,Pass@3460,jason07@example.net,Adrian Wilson,1982-07-24,2025-12-05,4,Dr. Priya Sharma,Asthma,True,Low,51,Atorvastatin,2 tablets,Thrice,4 days,124/81,64,100.6,92,Blood everything friend behavior.
user18,Pass@3460,jason07@example.net,Adrian Wilson,1982-07-24,2025-12-26,4,Dr. Rajesh Singh,Diabetes,True,High,52,Paracetamol,2 tablets,Thrice,6 days,121/72,98,99.3,100,Thing several figure speak degree dark may.
user18,Pass@3460,jason07@example.net,Adrian Wilson,1982-07-24,2026-01-02,4,Dr. Rajesh Singh,Asthma,True,High,64,Levothyroxine,1 tablets,Thrice,5 days,124/90,71,100.2,97,Defense ball support court heavy time.
user18,Pass@3460,jason07@example.net,Adrian Wilson,1982-07-24,2026-03-23,4,Dr. Kavita Reddy,Thyroid Disorder,True,Medium,71,Metformin,1 tablets,Twice,7 days,115/66,85,97.4,92,Far office time require vote amount event later.
user19,Pass@9324,donaldmaddox@example.com,Nicole Williams,1990-03-15,2025-09-09,6,Dr. Rajesh Singh,Hypertension,False,Low,37,Amlodipine,1 tablets,Twice,3 days,109/77,88,98.8,98,Successful indeed seek community teacher.
user19,Pass@9324,donaldmaddox@example.com,Nicole Williams,1990-03-15,2025-09-17,6,Dr. Neha Verma,Diabetes,False,Medium,48,Paracetamol,1 tablets,Thrice,8 days,108/83,100,97.9,96,Way success ability beat improve order western reach.
user19,Pass@9324,donaldmaddox@example.com,Nicole Williams,1990-03-15,2025-10-13,6,Dr. Anil Kumar,Asthma,False,Medium,53,Paracetamol,1 tablets,Thrice,9 days,136/74,74,97.0,96,Word class without not be.
user19,Pass@9324,donaldmaddox@example.com,Nicole Williams,1990-03-15,2025-10-29,6,Dr. Kavita Reddy,Diabetes,False,Medium,48,Atorvastatin,2 tablets,Thrice,6 days,126/79,81,97.3,100,Appear bank score likely.
user19,Pass@9324,donaldmaddox@example.com,Nicole Williams,1990-03-15,2026-02-22,6,Dr. Anil Kumar,Hypertension,False,Medium,57,Levothyroxine,1 tablets,Once,5 days,101/87,65,98.9,92,Collection subject according song vote.
user19,Pass@9324,donaldmaddox@example.com,Nicole Williams,1990-03-15,2026-03-28,6,Dr. Kavita Reddy,Hypertension,False,High,62,Paracetamol,2 tablets,Twice,6 days,127/63,76,98.4,99,Chair again wish memory foot decade population.
user20,Pass@8326,jeffreyalvarez@example.org,David Manning,1982-07-06,2025-10-15,2,Dr. Kavita Reddy,Hypertension,False,Low,71,Amlodipine,1 tablets,Twice,9 days,119/80,74,98.8,100,Hotel nature she not him story phone a.
user20,Pass@8326,jeffreyalvarez@example.org,David Manning,1982-07-06,2026-02-20,2,Dr. Rajesh Singh,Asthma,False,Medium,68,Salbutamol,2 tablets,Thrice,3 days,103/86,92,99.1,92,Step rise their senior significant level.
user21,Pass@2339,darlene73@example.net,Barbara Lawrence,1987-01-31,2025-10-26,5,Dr. Priya Sharma,Migraine,True,High,54,Amlodipine,2 tablets,Thrice,10 days,138/85,79,98.2,92,Someone also service American.
user21,Pass@2339,darlene73@example.net,Barbara Lawrence,1987-01-31,2025-12-01,5,Dr. Anil Kumar,Cardiac Issue,True,Medium,56,Paracetamol,2 tablets,Thrice,5 days,125/88,85,98.1,95,Important turn firm nature ball.
user21,Pass@2339,darlene73@example.net,Barbara Lawrence,1987-01-31,2026-01-21,5,Dr. Anil Kumar,Asthma,True,High,64,Paracetamol,1 tablets,Once,8 days,128/86,63,100.7,98,Certainly machine power you audience hold provide arm.
user21,Pass@2339,darlene73@example.net,Barbara Lawrence,1987-01-31,2026-03-05,5,Dr. Neha Verma,Asthma,True,High,72,Metformin,2 tablets,Twice,3 days,127/80,77,98.0,99,Together movement call garden investment help.
user21,Pass@2339,darlene73@example.net,Barbara Lawrence,1987-01-31,2026-04-06,5,Dr. Kavita Reddy,Migraine,True,Medium,65,Metformin,1 tablets,Twice,4 days,131/60,94,99.1,95,Others strategy operation its learn.
user22,Pass@7381,michellecraig@example.org,Elizabeth Vasquez,1995-09-21,2025-09-10,2,Dr. Neha Verma,Diabetes,True,High,46,Salbutamol,2 tablets,Once,3 days,123/88,81,100.6,95,Themselves theory sell again.
user22,Pass@7381,michellecraig@example.org,Elizabeth Vasquez,1995-09-21,2025-11-05,2,Dr. Kavita Reddy,Asthma,True,Low,54,Amlodipine,1 tablets,Twice,7 days,123/72,68,100.4,95,Energy kind city while surface special owner.
user23,Pass@6550,stewartkayla@example.org,Ashley Perry,1999-05-28,2025-09-04,6,Dr. Neha Verma,Asthma,False,Medium,25,Levothyroxine,2 tablets,Twice,3 days,112/72,96,100.0,97,Break meeting nation near.
user23,Pass@6550,stewartkayla@example.org,Ashley Perry,1999-05-28,2025-10-06,6,Dr. Neha Verma,Thyroid Disorder,False,Medium,37,Levothyroxine,2 tablets,Thrice,5 days,137/84,63,100.0,92,Behavior explain hear allow however staff speak spend.
user23,Pass@6550,stewartkayla@example.org,Ashley Perry,1999-05-28,2025-10-09,6,Dr. Priya Sharma,Asthma,False,High,30,Atorvastatin,2 tablets,Thrice,8 days,133/73,68,97.9,93,Whether information plant large.
user23,Pass@6550,stewartkayla@example.org,Ashley Perry,1999-05-28,2025-11-14,6,Dr. Kavita Reddy,Thyroid Disorder,False,High,40,Metformin,2 tablets,Thrice,3 days,112/89,64,99.0,95,Expect of manager approach.
user23,Pass@6550,stewartkayla@example.org,Ashley Perry,1999-05-28,2026-01-29,6,Dr. Kavita Reddy,Migraine,False,High,38,Salbutamol,2 tablets,Once,6 days,140/82,71,100.6,95,Focus at reflect sea level.
user23,Pass@6550,stewartkayla@example.org,Ashley Perry,1999-05-28,2026-03-06,6,Dr. Priya Sharma,Migraine,False,High,45,Salbutamol,1 tablets,Thrice,6 days,126/71,81,99.1,93,City look minute.
user24,Pass@4050,gwilliams@example.org,Daniel Gonzalez,1979-07-29,2025-09-18,4,Dr. Anil Kumar,Asthma,False,Medium,52,Atorvastatin,1 tablets,Twice,4 days,131/62,95,100.5,96,Practice thank five season capital job art.
user24,Pass@4050,gwilliams@example.org,Daniel Gonzalez,1979-07-29,2025-10-06,4,Dr. Priya Sharma,Hypertension,False,Low,54,Amlodipine,2 tablets,Thrice,3 days,129/60,92,98.6,93,Station artist notice hit billion person both.
user24,Pass@4050,gwilliams@example.org,Daniel Gonzalez,1979-07-29,2025-10-31,4,Dr. Priya Sharma,Asthma,False,Low,60,Amlodipine,2 tablets,Twice,9 days,110/78,82,97.7,99,Box factor loss reduce wait drop threat.
user24,Pass@4050,gwilliams@example.org,Daniel Gonzalez,1979-07-29,2026-02-24,4,Dr. Priya Sharma,Diabetes,False,Medium,66,Salbutamol,1 tablets,Once,9 days,130/66,70,99.3,93,Cut along people environmental painting anything religious.
user25,Pass@4382,barnettcharles@example.net,Christopher Fox,1963-10-13,2025-08-10,6,Dr. Priya Sharma,Cardiac Issue,True,Medium,62,Levothyroxine,1 tablets,Twice,7 days,104/84,74,100.7,94,Quite room system various forward wish.
user25,Pass@4382,barnettcharles@example.net,Christopher Fox,1963-10-13,2025-09-26,6,Dr. Neha Verma,Migraine,True,High,61,Levothyroxine,1 tablets,Twice,3 days,115/71,99,98.9,94,At safe place.
user25,Pass@4382,barnettcharles@example.net,Christopher Fox,1963-10-13,2025-10-09,6,Dr. Kavita Reddy,Diabetes,True,High,77,Levothyroxine,1 tablets,Once,9 days,110/88,90,100.9,100,Lot treat series talk suffer degree become.
user25,Pass@4382,barnettcharles@example.net,Christopher Fox,1963-10-13,2025-12-28,6,Dr. Anil Kumar,Diabetes,True,Medium,66,Levothyroxine,1 tablets,Twice,4 days,138/69,99,98.7,98,Start charge I.
user25,Pass@4382,barnettcharles@example.net,Christopher Fox,1963-10-13,2026-02-22,6,Dr. Anil Kumar,Hypertension,True,Low,80,Amlodipine,2 tablets,Thrice,5 days,120/82,82,100.5,94,Increase fly different woman response different wall.
user25,Pass@4382,barnettcharles@example.net,Christopher Fox,1963-10-13,2026-04-05,6,Dr. Kavita Reddy,Migraine,True,Medium,79,Salbutamol,1 tablets,Twice,3 days,126/84,73,98.4,96,Wear official individual training understand.
user26,Pass@1948,sarahhicks@example.com,Sharon Lester,1964-02-29,2025-09-07,5,Dr. Anil Kumar,Diabetes,True,Medium,66,Atorvastatin,1 tablets,Twice,9 days,123/88,95,97.9,93,Soldier realize alone billion work chance beautiful.
user26,Pass@1948,sarahhicks@example.com,Sharon Lester,1964-02-29,2025-09-27,5,Dr. Anil Kumar,Hypertension,True,High,62,Paracetamol,2 tablets,Once,7 days,124/85,76,100.7,96,Sign city everybody quite party against enjoy.
user26,Pass@1948,sarahhicks@example.com,Sharon Lester,1964-02-29,2025-10-02,5,Dr. Rajesh Singh,Asthma,True,Medium,61,Levothyroxine,1 tablets,Twice,9 days,133/69,97,99.4,95,Add arm leader.
user26,Pass@1948,sarahhicks@example.com,Sharon Lester,1964-02-29,2026-02-14,5,Dr. Kavita Reddy,Migraine,True,Medium,66,Paracetamol,2 tablets,Thrice,6 days,131/61,60,100.7,93,Necessary war any professor television.
user26,Pass@1948,sarahhicks@example.com,Sharon Lester,1964-02-29,2026-03-31,5,Dr. Neha Verma,Diabetes,True,High,75,Atorvastatin,2 tablets,Thrice,4 days,110/76,98,99.4,97,Attention seem option charge let admit education.
user27,Pass@1872,alexis80@example.net,Eric Schmidt,1991-11-03,2025-08-29,5,Dr. Neha Verma,Asthma,False,Medium,32,Amlodipine,2 tablets,Once,7 days,140/83,73,98.0,98,Issue set war early help to bill.
user27,Pass@1872,alexis80@example.net,Eric Schmidt,1991-11-03,2025-11-28,5,Dr. Kavita Reddy,Cardiac Issue,False,Low,43,Metformin,1 tablets,Once,8 days,102/79,91,99.7,93,Between design with force miss statement seven.
user27,Pass@1872,alexis80@example.net,Eric Schmidt,1991-11-03,2026-02-04,5,Dr. Kavita Reddy,Cardiac Issue,False,Medium,43,Metformin,1 tablets,Once,4 days,121/63,91,99.8,98,Still wind speech class person law rock.
user27,Pass@1872,alexis80@example.net,Eric Schmidt,1991-11-03,2026-03-19,5,Dr. Anil Kumar,Asthma,False,Low,49,Atorvastatin,1 tablets,Twice,10 days,126/60,89,99.8,97,Toward staff will accept.
user27,Pass@1872,alexis80@example.net,Eric Schmidt,1991-11-03,2026-04-06,5,Dr. Priya Sharma,Asthma,False,Medium,45,Levothyroxine,1 tablets,Thrice,9 days,126/75,87,98.7,95,Build agent upon sell thank a.
user28,Pass@2426,nelsonmichael@example.net,David Williams,1951-06-20,2025-09-07,3,Dr. Neha Verma,Migraine,False,Medium,69,Amlodipine,2 tablets,Twice,9 days,110/68,72,99.2,95,Study including politics forget.
user28,Pass@2426,nelsonmichael@example.net,David Williams,1951-06-20,2026-01-08,3,Dr. Anil Kumar,Migraine,False,Medium,69,Amlodipine,1 tablets,Twice,3 days,123/63,89,99.9,97,Place condition newspaper act.
user28,Pass@2426,nelsonmichael@example.net,David Williams,1951-06-20,2026-01-26,3,Dr. Rajesh Singh,Thyroid Disorder,False,High,81,Atorvastatin,2 tablets,Once,4 days,118/85,94,98.0,100,Single even per late decade trade family.
user29,Pass@4145,kwilson@example.org,Connie Gonzales,2001-02-27,2026-01-18,3,Dr. Neha Verma,Diabetes,False,Low,59,Levothyroxine,2 tablets,Twice,3 days,126/65,63,97.2,95,Pattern friend understand long whatever major.
user29,Pass@4145,kwilson@example.org,Connie Gonzales,2001-02-27,2026-01-19,3,Dr. Rajesh Singh,Asthma,False,Low,55,Metformin,2 tablets,Once,7 days,138/71,98,101.0,97,Of organization brother left his support.
user29,Pass@4145,kwilson@example.org,Connie Gonzales,2001-02-27,2026-03-30,3,Dr. Neha Verma,Thyroid Disorder,False,Medium,62,Amlodipine,1 tablets,Once,8 days,124/75,98,98.4,93,Brother knowledge paper light never.
user30,Pass@9514,rick23@example.com,Catherine Romero,1994-05-18,2025-10-13,2,Dr. Neha Verma,Asthma,False,Medium,40,Atorvastatin,1 tablets,Once,6 days,117/67,77,99.5,97,President college control plant.
user30,Pass@9514,rick23@example.com,Catherine Romero,1994-05-18,2026-01-28,2,Dr. Neha Verma,Migraine,False,Low,31,Metformin,1 tablets,Twice,7 days,100/63,66,100.1,93,Manager star what they.
user31,Pass@6928,anthonyfreeman@example.net,Adam Sanchez,1994-02-02,2025-08-18,5,Dr. Kavita Reddy,Hypertension,True,High,50,Atorvastatin,1 tablets,Twice,5 days,108/77,78,98.6,92,Several lay control name become send peace camera.
user31,Pass@6928,anthonyfreeman@example.net,Adam Sanchez,1994-02-02,2025-09-01,5,Dr. Priya Sharma,Asthma,True,Medium,39,Metformin,1 tablets,Once,4 days,118/72,63,97.9,94,Consider improve whatever.
user31,Pass@6928,anthonyfreeman@example.net,Adam Sanchez,1994-02-02,2025-09-08,5,Dr. Rajesh Singh,Diabetes,True,High,43,Metformin,2 tablets,Thrice,3 days,121/79,97,98.0,93,Stage black impact care south activity day moment.
user31,Pass@6928,anthonyfreeman@example.net,Adam Sanchez,1994-02-02,2026-01-09,5,Dr. Priya Sharma,Migraine,True,Medium,60,Atorvastatin,1 tablets,Twice,5 days,124/69,87,99.3,97,Against style media feeling shake cold.
user31,Pass@6928,anthonyfreeman@example.net,Adam Sanchez,1994-02-02,2026-04-02,5,Dr. Neha Verma,Diabetes,True,High,58,Atorvastatin,2 tablets,Thrice,8 days,113/73,99,97.1,94,Policy Democrat nor.
user32,Pass@6613,rodriguezthomas@example.net,Heather Hood,2006-02-04,2025-09-24,4,Dr. Kavita Reddy,Migraine,False,High,35,Atorvastatin,2 tablets,Once,8 days,124/81,75,99.7,96,Those teach plant.
user32,Pass@6613,rodriguezthomas@example.net,Heather Hood,2006-02-04,2025-10-16,4,Dr. Kavita Reddy,Cardiac Issue,False,Medium,40,Metformin,2 tablets,Once,3 days,124/69,64,100.4,98,Among find tend cause.
user32,Pass@6613,rodriguezthomas@example.net,Heather Hood,2006-02-04,2025-10-25,4,Dr. Neha Verma,Cardiac Issue,False,High,38,Levothyroxine,1 tablets,Once,5 days,105/72,88,98.7,100,Throughout mother Mrs institution may social.
user32,Pass@6613,rodriguezthomas@example.net,Heather Hood,2006-02-04,2026-01-31,4,Dr. Rajesh Singh,Asthma,False,High,56,Metformin,2 tablets,Once,4 days,134/87,100,98.3,99,Affect early condition class wide news minute.
user33,Pass@4713,amy87@example.net,Tracy Anderson,1968-09-13,2025-08-14,4,Dr. Priya Sharma,Cardiac Issue,False,Medium,61,Amlodipine,1 tablets,Once,3 days,124/90,97,97.9,98,Hot choice politics stop must wish.
user33,Pass@4713,amy87@example.net,Tracy Anderson,1968-09-13,2026-01-12,4,Dr. Neha Verma,Cardiac Issue,False,High,55,Amlodipine,1 tablets,Twice,8 days,127/79,63,100.9,93,Network bed whose serve hospital.
user33,Pass@4713,amy87@example.net,Tracy Anderson,1968-09-13,2026-03-30,4,Dr. Rajesh Singh,Thyroid Disorder,False,Medium,56,Amlodipine,1 tablets,Once,4 days,121/81,81,99.7,92,Young opportunity product call ago remain.
user33,Pass@4713,amy87@example.net,Tracy Anderson,1968-09-13,2026-03-30,4,Dr. Anil Kumar,Diabetes,False,Low,66,Metformin,1 tablets,Once,5 days,135/83,68,97.8,92,Chance wait meeting door either.
user34,Pass@9364,poolejames@example.org,Jerry Walker,2001-10-01,2025-08-18,6,Dr. Anil Kumar,Migraine,True,Low,55,Salbutamol,1 tablets,Twice,4 days,129/66,84,97.4,99,Always control city moment husband add condition.
user34,Pass@9364,poolejames@example.org,Jerry Walker,2001-10-01,2025-08-21,6,Dr. Neha Verma,Diabetes,True,Medium,50,Atorvastatin,1 tablets,Once,7 days,110/75,91,97.1,100,Four plant bad decide say call message.
user34,Pass@9364,poolejames@example.org,Jerry Walker,2001-10-01,2025-10-03,6,Dr. Rajesh Singh,Thyroid Disorder,True,High,61,Metformin,1 tablets,Once,4 days,122/67,75,98.7,95,Skill least bar social cup rate.
user34,Pass@9364,poolejames@example.org,Jerry Walker,2001-10-01,2026-02-01,6,Dr. Rajesh Singh,Migraine,True,Medium,55,Paracetamol,2 tablets,Twice,3 days,126/61,90,100.7,96,Become within these social.
user34,Pass@9364,poolejames@example.org,Jerry Walker,2001-10-01,2026-02-07,6,Dr. Neha Verma,Diabetes,True,Low,62,Metformin,1 tablets,Twice,3 days,120/85,71,98.9,96,Across she whether leg leader wear.
user34,Pass@9364,poolejames@example.org,Jerry Walker,2001-10-01,2026-03-22,6,Dr. Anil Kumar,Migraine,True,Low,61,Amlodipine,1 tablets,Thrice,6 days,123/84,73,97.3,95,Though beat city modern through health.
user35,Pass@9318,vhernandez@example.com,Melissa Jones,1969-06-09,2025-10-12,2,Dr. Anil Kumar,Hypertension,True,Medium,32,Amlodipine,2 tablets,Once,10 days,130/82,67,100.1,99,Summer long both.
user35,Pass@9318,vhernandez@example.com,Melissa Jones,1969-06-09,2026-02-02,2,Dr. Kavita Reddy,Thyroid Disorder,True,High,47,Levothyroxine,2 tablets,Thrice,6 days,107/87,78,100.7,96,Current research soon could city.
user36,Pass@1781,manningluis@example.net,Ryan Berry,1954-03-23,2025-09-23,6,Dr. Rajesh Singh,Asthma,True,High,64,Metformin,2 tablets,Thrice,3 days,136/67,80,99.6,99,Language even professional cell experience job four let.
user36,Pass@1781,manningluis@example.net,Ryan Berry,1954-03-23,2025-10-09,6,Dr. Rajesh Singh,Hypertension,True,Medium,58,Paracetamol,1 tablets,Twice,4 days,107/76,93,99.7,98,Investment key never collection big.
user36,Pass@1781,manningluis@example.net,Ryan Berry,1954-03-23,2026-01-05,6,Dr. Neha Verma,Migraine,True,Medium,71,Amlodipine,2 tablets,Thrice,7 days,104/71,98,100.8,95,Each similar her no four.
user36,Pass@1781,manningluis@example.net,Ryan Berry,1954-03-23,2026-01-14,6,Dr. Rajesh Singh,Asthma,True,Low,67,Levothyroxine,1 tablets,Once,8 days,116/75,76,100.8,95,About figure allow able either have.
user36,Pass@1781,manningluis@example.net,Ryan Berry,1954-03-23,2026-01-22,6,Dr. Anil Kumar,Hypertension,True,High,73,Metformin,1 tablets,Once,10 days,130/84,67,99.0,100,Where just certain attorney man head put teacher.
user36,Pass@1781,manningluis@example.net,Ryan Berry,1954-03-23,2026-03-30,6,Dr. Anil Kumar,Diabetes,True,High,75,Atorvastatin,2 tablets,Twice,7 days,125/68,81,97.6,93,See computer decision should yourself forget.
user37,Pass@3849,stephenbell@example.net,Christine Garcia,1981-08-09,2025-08-23,4,Dr. Neha Verma,Diabetes,False,High,52,Atorvastatin,2 tablets,Thrice,3 days,101/83,74,97.1,98,Movie laugh need already fact.
user37,Pass@3849,stephenbell@example.net,Christine Garcia,1981-08-09,2025-11-19,4,Dr. Neha Verma,Thyroid Disorder,False,Medium,49,Salbutamol,1 tablets,Thrice,3 days,133/73,84,97.9,94,Never nor hair history certain.
user37,Pass@3849,stephenbell@example.net,Christine Garcia,1981-08-09,2026-01-26,4,Dr. Rajesh Singh,Asthma,False,Medium,62,Metformin,2 tablets,Twice,9 days,109/72,72,97.6,98,Those produce always design ground.
user37,Pass@3849,stephenbell@example.net,Christine Garcia,1981-08-09,2026-04-05,4,Dr. Priya Sharma,Asthma,False,High,52,Amlodipine,2 tablets,Once,3 days,118/65,73,97.4,94,College station plan walk.
user38,Pass@5190,ashley78@example.net,Thomas Drake,1992-12-25,2026-01-08,3,Dr. Anil Kumar,Asthma,False,High,39,Levothyroxine,1 tablets,Twice,9 days,100/60,76,99.5,97,Note degree off modern.
user38,Pass@5190,ashley78@example.net,Thomas Drake,1992-12-25,2026-02-12,3,Dr. Kavita Reddy,Cardiac Issue,False,Low,53,Salbutamol,1 tablets,Twice,9 days,126/60,91,100.1,93,Training animal cold policy.
user38,Pass@5190,ashley78@example.net,Thomas Drake,1992-12-25,2026-03-09,3,Dr. Anil Kumar,Cardiac Issue,False,High,45,Levothyroxine,2 tablets,Thrice,6 days,106/70,72,98.3,100,Since author probably because evidence.
user39,Pass@7396,martineztroy@example.org,Kimberly Sims,2000-03-19,2025-08-13,2,Dr. Kavita Reddy,Hypertension,True,Low,66,Amlodipine,1 tablets,Once,9 days,132/85,99,98.2,96,Blood art parent hair project why star away.
user39,Pass@7396,martineztroy@example.org,Kimberly Sims,2000-03-19,2025-11-06,2,Dr. Neha Verma,Diabetes,True,Medium,78,Paracetamol,1 tablets,Once,9 days,115/83,82,97.9,95,Capital now conference fall.
user40,Pass@5476,amy09@example.net,Laura Williams,1968-12-21,2025-09-01,4,Dr. Kavita Reddy,Thyroid Disorder,False,Low,40,Levothyroxine,2 tablets,Once,4 days,126/84,84,97.6,96,Page program bad western.
user40,Pass@5476,amy09@example.net,Laura Williams,1968-12-21,2025-11-05,4,Dr. Priya Sharma,Thyroid Disorder,False,High,47,Paracetamol,2 tablets,Thrice,3 days,105/73,64,97.5,100,Around must first commercial.
user40,Pass@5476,amy09@example.net,Laura Williams,1968-12-21,2026-02-06,4,Dr. Rajesh Singh,Diabetes,False,Low,52,Levothyroxine,1 tablets,Twice,4 days,137/77,97,100.7,94,News security foot institution key.
user40,Pass@5476,amy09@example.net,Laura Williams,1968-12-21,2026-03-11,4,Dr. Kavita Reddy,Hypertension,False,Low,55,Salbutamol,1 tablets,Once,9 days,124/61,76,100.8,97,Hot task rock kind yard civil media.
user41,Pass@1691,holtbeth@example.com,Jeremy Dyer,1995-08-20,2025-10-13,5,Dr. Neha Verma,Cardiac Issue,False,High,68,Atorvastatin,1 tablets,Once,4 days,128/88,83,99.3,97,Even specific player plant manage.
user41,Pass@1691,holtbeth@example.com,Jeremy Dyer,1995-08-20,2026-01-03,5,Dr. Rajesh Singh,Migraine,False,Medium,66,Amlodipine,1 tablets,Twice,7 days,114/74,74,99.3,93,One political economic so subject then key.
user41,Pass@1691,holtbeth@example.com,Jeremy Dyer,1995-08-20,2026-03-02,5,Dr. Anil Kumar,Thyroid Disorder,False,Medium,64,Metformin,2 tablets,Once,9 days,126/73,69,99.2,92,Hard quality common chance artist teach.
user41,Pass@1691,holtbeth@example.com,Jeremy Dyer,1995-08-20,2026-03-10,5,Dr. Neha Verma,Migraine,False,High,80,Paracetamol,2 tablets,Thrice,3 days,103/62,80,99.8,94,Here old popular dog significant political.
user41,Pass@1691,holtbeth@example.com,Jeremy Dyer,1995-08-20,2026-03-22,5,Dr. Anil Kumar,Cardiac Issue,False,Low,82,Metformin,2 tablets,Thrice,7 days,117/69,65,98.1,100,Over light money draw.
user42,Pass@5953,jlewis@example.com,Elizabeth Mcmahon,1952-05-05,2025-09-09,2,Dr. Rajesh Singh,Migraine,True,Medium,28,Metformin,2 tablets,Twice,6 days,105/63,65,97.6,95,Poor understand need institution smile rise behavior support.
user42,Pass@5953,jlewis@example.com,Elizabeth Mcmahon,1952-05-05,2026-03-02,2,Dr. Neha Verma,Hypertension,True,High,32,Atorvastatin,2 tablets,Once,6 days,133/79,94,100.2,97,Civil serve anyone exist beat blood.
user43,Pass@4352,deborah25@example.net,Daniel Brooks,1970-12-27,2025-09-16,3,Dr. Neha Verma,Migraine,True,Medium,65,Paracetamol,2 tablets,Once,4 days,112/87,94,99.2,99,Game possible mean theory policy lead month.
user43,Pass@4352,deborah25@example.net,Daniel Brooks,1970-12-27,2025-10-03,3,Dr. Rajesh Singh,Hypertension,True,Low,64,Atorvastatin,1 tablets,Once,10 days,126/68,89,100.9,93,During realize always get.
user43,Pass@4352,deborah25@example.net,Daniel Brooks,1970-12-27,2025-10-23,3,Dr. Priya Sharma,Hypertension,True,High,81,Levothyroxine,2 tablets,Twice,3 days,105/76,77,99.9,92,Despite again floor garden.
user44,Pass@3627,karastokes@example.org,Mary Fuller,1990-09-06,2025-09-18,4,Dr. Neha Verma,Asthma,True,High,45,Amlodipine,1 tablets,Once,6 days,126/81,87,97.6,95,Box idea once collection institution whether single.
user44,Pass@3627,karastokes@example.org,Mary Fuller,1990-09-06,2025-10-17,4,Dr. Kavita Reddy,Cardiac Issue,True,Medium,53,Metformin,1 tablets,Once,9 days,108/87,61,100.5,96,Play movement opportunity accept mind himself.
user44,Pass@3627,karastokes@example.org,Mary Fuller,1990-09-06,2026-01-01,4,Dr. Kavita Reddy,Diabetes,True,Medium,52,Levothyroxine,2 tablets,Thrice,5 days,124/89,83,99.9,94,Them trouble factor thing.
user44,Pass@3627,karastokes@example.org,Mary Fuller,1990-09-06,2026-03-07,4,Dr. Priya Sharma,Asthma,True,Medium,66,Salbutamol,1 tablets,Twice,5 days,124/86,73,99.7,92,Control face whether our court everyone movie.
user45,Pass@2234,ashley15@example.net,Megan Robbins,1989-07-10,2025-08-10,4,Dr. Kavita Reddy,Diabetes,False,Medium,48,Atorvastatin,1 tablets,Twice,6 days,140/85,70,98.7,98,Dog second vote fund.
user45,Pass@2234,ashley15@example.net,Megan Robbins,1989-07-10,2025-08-22,4,Dr. Neha Verma,Cardiac Issue,False,Medium,42,Metformin,1 tablets,Twice,3 days,106/70,95,97.6,94,Order blood story million.
user45,Pass@2234,ashley15@example.net,Megan Robbins,1989-07-10,2025-10-05,4,Dr. Priya Sharma,Thyroid Disorder,False,High,50,Atorvastatin,1 tablets,Once,6 days,116/81,69,98.8,93,Minute success participant democratic.
user45,Pass@2234,ashley15@example.net,Megan Robbins,1989-07-10,2026-02-28,4,Dr. Neha Verma,Migraine,False,High,47,Atorvastatin,1 tablets,Once,7 days,136/81,74,101.0,93,Side return parent live health trade.
user46,Pass@4854,teresa48@example.com,Cheryl Brewer,1951-08-02,2025-08-17,4,Dr. Kavita Reddy,Thyroid Disorder,True,Low,37,Atorvastatin,1 tablets,Thrice,10 days,117/81,97,100.2,92,Use produce when site feeling you.
user46,Pass@4854,teresa48@example.com,Cheryl Brewer,1951-08-02,2025-10-01,4,Dr. Anil Kumar,Migraine,True,Medium,33,Atorvastatin,2 tablets,Thrice,8 days,114/89,99,100.7,98,Go open since road eye.
user46,Pass@4854,teresa48@example.com,Cheryl Brewer,1951-08-02,2025-11-01,4,Dr. Neha Verma,Migraine,True,High,39,Metformin,2 tablets,Once,9 days,136/60,81,97.2,95,Whole six data theory future including.
user46,Pass@4854,teresa48@example.com,Cheryl Brewer,1951-08-02,2025-11-08,4,Dr. Kavita Reddy,Hypertension,True,Low,50,Amlodipine,2 tablets,Thrice,8 days,134/72,90,99.5,97,Fine hotel either foot mind quite anything poor.
user47,Pass@3631,laurahenderson@example.net,Joshua Hoffman,1970-06-03,2025-09-19,4,Dr. Neha Verma,Cardiac Issue,True,Low,49,Paracetamol,1 tablets,Once,9 days,106/72,82,98.7,100,Senior there though seek.
user47,Pass@3631,laurahenderson@example.net,Joshua Hoffman,1970-06-03,2025-11-17,4,Dr. Kavita Reddy,Asthma,True,Medium,47,Salbutamol,2 tablets,Twice,6 days,140/64,92,97.2,95,Seem perhaps actually decide idea type.
user47,Pass@3631,laurahenderson@example.net,Joshua Hoffman,1970-06-03,2025-12-13,4,Dr. Priya Sharma,Cardiac Issue,True,High,54,Levothyroxine,2 tablets,Twice,3 days,110/69,66,97.9,92,Interest this lay fact must born.
user47,Pass@3631,laurahenderson@example.net,Joshua Hoffman,1970-06-03,2026-03-03,4,Dr. Kavita Reddy,Cardiac Issue,True,Medium,46,Atorvastatin,1 tablets,Twice,5 days,123/85,84,98.0,92,Type fire reason.
user48,Pass@5871,williamharris@example.com,Susan Riley,1984-01-08,2025-08-15,5,Dr. Priya Sharma,Diabetes,True,Medium,59,Amlodipine,2 tablets,Twice,9 days,121/89,78,97.0,93,Friend low their strategy camera before grow lot.
user48,Pass@5871,williamharris@example.com,Susan Riley,1984-01-08,2025-09-16,5,Dr. Priya Sharma,Asthma,True,High,61,Levothyroxine,1 tablets,Thrice,10 days,113/78,97,99.9,97,Water beyond debate.
user48,Pass@5871,williamharris@example.com,Susan Riley,1984-01-08,2025-09-27,5,Dr. Priya Sharma,Diabetes,True,High,57,Salbutamol,2 tablets,Once,4 days,107/80,83,98.2,96,Friend article store young.
user48,Pass@5871,williamharris@example.com,Susan Riley,1984-01-08,2025-12-29,5,Dr. Neha Verma,Asthma,True,High,62,Salbutamol,2 tablets,Once,8 days,137/72,67,100.7,93,Any change it sea add green foreign.
user48,Pass@5871,williamharris@example.com,Susan Riley,1984-01-08,2026-01-23,5,Dr. Kavita Reddy,Asthma,True,Low,77,Metformin,1 tablets,Thrice,5 days,104/66,86,100.3,97,Factor before sometimes my herself against.
user49,Pass@9666,yramirez@example.org,Kim Miranda,1996-02-21,2025-08-25,4,Dr. Kavita Reddy,Asthma,True,Low,50,Paracetamol,1 tablets,Twice,4 days,113/77,66,99.5,98,Mention beyond often there network enter.
user49,Pass@9666,yramirez@example.org,Kim Miranda,1996-02-21,2025-10-09,4,Dr. Kavita Reddy,Diabetes,True,Low,55,Amlodipine,2 tablets,Once,5 days,123/64,81,100.4,97,Per four look choose our dog hard describe.
user49,Pass@9666,yramirez@example.org,Kim Miranda,1996-02-21,2025-12-09,4,Dr. Anil Kumar,Thyroid Disorder,True,Low,65,Metformin,1 tablets,Once,3 days,131/87,73,97.1,93,Table remember character instead sure drive fine.
user49,Pass@9666,yramirez@example.org,Kim Miranda,1996-02-21,2026-01-24,4,Dr. Neha Verma,Diabetes,True,High,62,Atorvastatin,2 tablets,Twice,3 days,134/61,64,97.6,94,End last across position.
user50,Pass@5875,xmiller@example.org,Mary Foley,1987-11-01,2025-09-12,6,Dr. Neha Verma,Hypertension,True,Medium,41,Levothyroxine,2 tablets,Once,4 days,123/62,96,101.0,97,Ten any nearly better food total.
user50,Pass@5875,xmiller@example.org,Mary Foley,1987-11-01,2025-10-20,6,Dr. Anil Kumar,Migraine,True,Medium,31,Atorvastatin,1 tablets,Twice,8 days,134/81,93,98.7,99,Must local put floor film sit.
user50,Pass@5875,xmiller@example.org,Mary Foley,1987-11-01,2025-11-01,6,Dr. Kavita Reddy,Migraine,True,Low,49,Metformin,1 tablets,Thrice,8 days,113/86,65,98.8,99,Customer ever white so.
user50,Pass@5875,xmiller@example.org,Mary Foley,1987-11-01,2025-11-18,6,Dr. Anil Kumar,Asthma,True,High,39,Levothyroxine,1 tablets,Once,5 days,114/85,82,98.4,100,Man federal visit our capital assume into score.
user50,Pass@5875,xmiller@example.org,Mary Foley,1987-11-01,2026-02-25,6,Dr. Kavita Reddy,Hypertension,True,Low,44,Levothyroxine,1 tablets,Twice,10 days,122/81,85,98.0,92,Itself character act.
user50,Pass@5875,xmiller@example.org,Mary Foley,1987-11-01,2026-03-07,6,Dr. Rajesh Singh,Migraine,True,High,44,Atorvastatin,2 tablets,Twice,5 days,121/72,75,97.4,100,Than American option industry control serve why.
user51,Pass@6398,mollyhale@example.com,Samantha Orr,2002-11-10,2025-08-19,5,Dr. Rajesh Singh,Asthma,True,Low,43,Metformin,2 tablets,Once,7 days,114/60,90,98.7,92,Born yes instead address herself college per.
user51,Pass@6398,mollyhale@example.com,Samantha Orr,2002-11-10,2025-11-06,5,Dr. Anil Kumar,Cardiac Issue,True,Low,43,Atorvastatin,2 tablets,Once,6 days,111/71,95,99.4,95,Region defense stage.
user51,Pass@6398,mollyhale@example.com,Samantha Orr,2002-11-10,2025-12-10,5,Dr. Kavita Reddy,Hypertension,True,Medium,61,Atorvastatin,2 tablets,Thrice,7 days,101/62,71,98.3,100,Subject through majority game sister.
user51,Pass@6398,mollyhale@example.com,Samantha Orr,2002-11-10,2025-12-21,5,Dr. Anil Kumar,Hypertension,True,High,54,Salbutamol,2 tablets,Twice,6 days,113/75,82,99.9,92,Exist science care strategy.
user51,Pass@6398,mollyhale@example.com,Samantha Orr,2002-11-10,2026-03-14,5,Dr. Priya Sharma,Asthma,True,Medium,58,Amlodipine,1 tablets,Once,6 days,108/87,66,98.2,99,Man two door sound age.
user52,Pass@7661,lauralawrence@example.org,Matthew Nelson,1975-04-27,2025-09-28,5,Dr. Anil Kumar,Diabetes,False,High,29,Metformin,1 tablets,Thrice,9 days,129/90,76,97.4,93,Car other thank station race add.
user52,Pass@7661,lauralawrence@example.org,Matthew Nelson,1975-04-27,2026-01-01,5,Dr. Anil Kumar,Cardiac Issue,False,Medium,26,Amlodipine,2 tablets,Thrice,9 days,117/75,84,99.6,100,There actually someone police front investment.
user52,Pass@7661,lauralawrence@example.org,Matthew Nelson,1975-04-27,2026-01-13,5,Dr. Neha Verma,Diabetes,False,High,42,Amlodipine,2 tablets,Once,9 days,123/64,79,97.3,92,Section beautiful government field race others garden especially.
user52,Pass@7661,lauralawrence@example.org,Matthew Nelson,1975-04-27,2026-01-24,5,Dr. Kavita Reddy,Hypertension,False,High,45,Levothyroxine,2 tablets,Once,4 days,116/79,87,97.8,94,Senior beat beat open.
user52,Pass@7661,lauralawrence@example.org,Matthew Nelson,1975-04-27,2026-03-26,5,Dr. Priya Sharma,Thyroid Disorder,False,High,45,Levothyroxine,2 tablets,Twice,10 days,122/82,74,97.7,95,Stand throughout data mission.
user53,Pass@7364,michellereese@example.org,Daniel Brown,2004-08-19,2026-01-07,2,Dr. Priya Sharma,Migraine,True,Low,58,Paracetamol,2 tablets,Twice,3 days,138/77,71,97.6,99,Recently statement lay eye fish decade member never.
user53,Pass@7364,michellereese@example.org,Daniel Brown,2004-08-19,2026-04-04,2,Dr. Kavita Reddy,Hypertension,True,Medium,62,Amlodipine,2 tablets,Twice,3 days,133/64,97,100.8,99,Recent research local when factor item.
user54,Pass@1256,nharris@example.com,Brian Orozco,1963-08-27,2025-09-24,5,Dr. Anil Kumar,Diabetes,False,Low,44,Metformin,1 tablets,Twice,3 days,126/83,65,98.0,92,Describe safe fear glass.
user54,Pass@1256,nharris@example.com,Brian Orozco,1963-08-27,2025-12-14,5,Dr. Neha Verma,Hypertension,False,High,36,Atorvastatin,1 tablets,Thrice,5 days,126/61,74,98.5,95,Wish article board sometimes.
user54,Pass@1256,nharris@example.com,Brian Orozco,1963-08-27,2025-12-18,5,Dr. Anil Kumar,Migraine,False,Low,51,Levothyroxine,2 tablets,Thrice,4 days,113/68,62,100.3,94,Turn bag however address.
user54,Pass@1256,nharris@example.com,Brian Orozco,1963-08-27,2026-01-02,5,Dr. Priya Sharma,Migraine,False,Low,53,Salbutamol,1 tablets,Twice,8 days,139/73,60,97.4,92,Fill cause center force huge.
user54,Pass@1256,nharris@example.com,Brian Orozco,1963-08-27,2026-03-12,5,Dr. Anil Kumar,Asthma,False,Low,52,Levothyroxine,1 tablets,Thrice,8 days,109/88,87,98.1,94,White official night thing.
user55,Pass@9772,williamwilliams@example.net,Eric Evans,1996-03-20,2025-09-07,6,Dr. Priya Sharma,Cardiac Issue,False,Low,54,Paracetamol,2 tablets,Once,5 days,137/90,68,97.3,93,Adult care some somebody through audience challenge.
user55,Pass@9772,williamwilliams@example.net,Eric Evans,1996-03-20,2025-09-15,6,Dr. Neha Verma,Hypertension,False,Medium,56,Paracetamol,2 tablets,Once,4 days,109/89,79,98.4,97,Condition level physical not painting write resource her.
user55,Pass@9772,williamwilliams@example.net,Eric Evans,1996-03-20,2025-09-17,6,Dr. Kavita Reddy,Hypertension,False,Low,66,Salbutamol,2 tablets,Thrice,9 days,105/77,68,100.1,100,Far indicate late.
user55,Pass@9772,williamwilliams@example.net,Eric Evans,1996-03-20,2025-12-04,6,Dr. Neha Verma,Thyroid Disorder,False,Low,69,Amlodipine,2 tablets,Thrice,9 days,129/87,74,97.0,100,Ever purpose service camera enjoy.
user55,Pass@9772,williamwilliams@example.net,Eric Evans,1996-03-20,2026-01-10,6,Dr. Neha Verma,Thyroid Disorder,False,Medium,75,Atorvastatin,2 tablets,Thrice,3 days,123/80,96,98.1,92,Door bag time cold student admit.
user55,Pass@9772,williamwilliams@example.net,Eric Evans,1996-03-20,2026-03-14,6,Dr. Anil Kumar,Hypertension,False,Low,81,Atorvastatin,2 tablets,Once,9 days,106/84,81,100.4,94,And everyone bed care other ground.
user56,Pass@8973,sonyarobinson@example.org,William Faulkner,1989-01-13,2025-11-01,2,Dr. Rajesh Singh,Asthma,True,High,35,Salbutamol,1 tablets,Thrice,3 days,136/66,68,98.2,98,Church one authority music friend word.
user56,Pass@8973,sonyarobinson@example.org,William Faulkner,1989-01-13,2026-02-02,2,Dr. Priya Sharma,Cardiac Issue,True,Medium,42,Amlodipine,2 tablets,Thrice,6 days,118/76,61,97.6,93,Recognize statement get sing set past responsibility.
user57,Pass@5751,rrichardson@example.net,Wendy Evans,1952-01-04,2025-10-21,3,Dr. Kavita Reddy,Migraine,True,Low,46,Amlodipine,1 tablets,Twice,3 days,131/73,95,99.3,93,Project run say mind building.
user57,Pass@5751,rrichardson@example.net,Wendy Evans,1952-01-04,2025-11-26,3,Dr. Priya Sharma,Migraine,True,High,53,Paracetamol,2 tablets,Twice,8 days,101/70,95,100.6,97,Good car want anything.
user57,Pass@5751,rrichardson@example.net,Wendy Evans,1952-01-04,2025-12-07,3,Dr. Anil Kumar,Asthma,True,Low,57,Paracetamol,2 tablets,Once,10 days,120/79,66,99.4,95,See check strong many public trip vote point.
user58,Pass@4489,amy74@example.org,Jeffrey Davenport,1953-03-09,2025-10-12,5,Dr. Neha Verma,Asthma,False,Medium,37,Levothyroxine,1 tablets,Thrice,6 days,112/85,62,98.5,98,Who country course hold.
user58,Pass@4489,amy74@example.org,Jeffrey Davenport,1953-03-09,2025-11-12,5,Dr. Neha Verma,Asthma,False,High,42,Metformin,1 tablets,Twice,7 days,105/64,78,98.6,97,Church environmental deep either fact continue.
user58,Pass@4489,amy74@example.org,Jeffrey Davenport,1953-03-09,2025-12-21,5,Dr. Kavita Reddy,Thyroid Disorder,False,Medium,57,Metformin,2 tablets,Thrice,8 days,115/74,89,98.1,95,Measure stuff address significant both.
user58,Pass@4489,amy74@example.org,Jeffrey Davenport,1953-03-09,2026-01-12,5,Dr. Neha Verma,Asthma,False,Medium,56,Atorvastatin,1 tablets,Twice,5 days,124/72,74,100.0,98,Sort west drop address.
user58,Pass@4489,amy74@example.org,Jeffrey Davenport,1953-03-09,2026-01-23,5,Dr. Kavita Reddy,Diabetes,False,High,57,Atorvastatin,1 tablets,Once,10 days,103/60,78,99.1,92,Though here hospital radio sit treatment.
user59,Pass@7382,epalmer@example.net,Mark Hansen,2003-04-23,2025-09-03,2,Dr. Kavita Reddy,Migraine,False,Medium,52,Amlodipine,1 tablets,Once,4 days,117/63,73,98.3,94,Bag success plant include ask never.
user59,Pass@7382,epalmer@example.net,Mark Hansen,2003-04-23,2025-12-07,2,Dr. Rajesh Singh,Hypertension,False,High,42,Amlodipine,2 tablets,Twice,8 days,129/83,99,99.2,93,Left low risk life.
user60,Pass@7041,jaredharris@example.com,Faith Moore,1983-04-09,2025-09-20,6,Dr. Neha Verma,Asthma,True,High,28,Amlodipine,1 tablets,Twice,7 days,114/71,63,100.7,96,Run doctor within page foreign section either.
user60,Pass@7041,jaredharris@example.com,Faith Moore,1983-04-09,2025-12-15,6,Dr. Rajesh Singh,Asthma,True,Low,43,Amlodipine,1 tablets,Once,5 days,111/75,76,99.6,99,Blood long experience bill story music prove.
user60,Pass@7041,jaredharris@example.com,Faith Moore,1983-04-09,2026-01-03,6,Dr. Kavita Reddy,Hypertension,True,High,43,Levothyroxine,1 tablets,Once,7 days,133/71,92,98.1,96,Body result need.
user60,Pass@7041,jaredharris@example.com,Faith Moore,1983-04-09,2026-02-18,6,Dr. Rajesh Singh,Thyroid Disorder,True,High,44,Metformin,1 tablets,Twice,10 days,130/86,82,101.0,92,Early alone improve state information support population.
user60,Pass@7041,jaredharris@example.com,Faith Moore,1983-04-09,2026-03-03,6,Dr. Rajesh Singh,Thyroid Disorder,True,Medium,50,Atorvastatin,1 tablets,Twice,5 days,106/61,77,97.7,100,Voice foot collection heart I difference long feeling.
user60,Pass@7041,jaredharris@example.com,Faith Moore,1983-04-09,2026-03-05,6,Dr. Neha Verma,Hypertension,True,Low,52,Amlodipine,1 tablets,Thrice,3 days,139/69,90,99.5,95,Serve someone word the though number light couple.
user61,Pass@5073,greenerachel@example.com,Pamela Fuller,1974-05-22,2025-09-22,6,Dr. Neha Verma,Cardiac Issue,False,High,32,Metformin,2 tablets,Twice,3 days,127/69,96,100.4,94,Unit candidate she yes sell chance sometimes.
user61,Pass@5073,greenerachel@example.com,Pamela Fuller,1974-05-22,2025-11-12,6,Dr. Neha Verma,Migraine,False,Low,47,Amlodipine,2 tablets,Once,3 days,121/68,71,99.4,97,Ground action report police coach operation.
user61,Pass@5073,greenerachel@example.com,Pamela Fuller,1974-05-22,2026-02-03,6,Dr. Priya Sharma,Diabetes,False,Low,45,Atorvastatin,1 tablets,Once,9 days,135/68,91,100.3,93,Individual statement give same.
user61,Pass@5073,greenerachel@example.com,Pamela Fuller,1974-05-22,2026-02-08,6,Dr. Priya Sharma,Cardiac Issue,False,Medium,43,Atorvastatin,1 tablets,Thrice,4 days,137/87,83,99.5,98,Receive home west same old.
user61,Pass@5073,greenerachel@example.com,Pamela Fuller,1974-05-22,2026-02-13,6,Dr. Kavita Reddy,Cardiac Issue,False,High,43,Paracetamol,1 tablets,Thrice,10 days,133/71,81,97.8,95,Senior piece six if.
user61,Pass@5073,greenerachel@example.com,Pamela Fuller,1974-05-22,2026-02-22,6,Dr. Priya Sharma,Cardiac Issue,False,Low,51,Paracetamol,2 tablets,Thrice,9 days,134/80,96,97.9,95,Drug produce wonder law.
user62,Pass@6926,dbrown@example.org,Kaitlyn Rosales,1980-11-10,2025-10-20,3,Dr. Kavita Reddy,Diabetes,True,Low,36,Metformin,2 tablets,Once,6 days,117/73,82,99.6,97,No change magazine dream fly only floor.
user62,Pass@6926,dbrown@example.org,Kaitlyn Rosales,1980-11-10,2025-10-28,3,Dr. Rajesh Singh,Cardiac Issue,True,Low,44,Salbutamol,1 tablets,Thrice,8 days,108/68,74,100.7,94,Soon think detail feeling season.
user62,Pass@6926,dbrown@example.org,Kaitlyn Rosales,1980-11-10,2026-03-13,3,Dr. Kavita Reddy,Cardiac Issue,True,Low,56,Paracetamol,2 tablets,Twice,3 days,108/66,71,98.9,95,Security then again.
user63,Pass@7235,jennifer27@example.com,Anthony Phelps,1998-02-12,2025-09-17,6,Dr. Neha Verma,Asthma,True,High,41,Metformin,1 tablets,Once,9 days,137/65,100,97.3,99,Me seek of long scene.
user63,Pass@7235,jennifer27@example.com,Anthony Phelps,1998-02-12,2025-12-12,6,Dr. Neha Verma,Migraine,True,High,47,Paracetamol,2 tablets,Twice,6 days,136/85,71,97.2,94,Pretty meet son lawyer physical left.
user63,Pass@7235,jennifer27@example.com,Anthony Phelps,1998-02-12,2026-02-01,6,Dr. Kavita Reddy,Hypertension,True,Low,50,Salbutamol,1 tablets,Thrice,5 days,135/70,91,99.7,94,Else poor style position create network democratic.
user63,Pass@7235,jennifer27@example.com,Anthony Phelps,1998-02-12,2026-02-13,6,Dr. Priya Sharma,Hypertension,True,High,51,Paracetamol,2 tablets,Twice,10 days,115/70,98,100.1,97,Determine Democrat way shoulder inside building air.
user63,Pass@7235,jennifer27@example.com,Anthony Phelps,1998-02-12,2026-03-29,6,Dr. Anil Kumar,Thyroid Disorder,True,Medium,58,Atorvastatin,1 tablets,Thrice,5 days,112/62,79,100.3,96,Bring feeling trouble question century election environment.
user63,Pass@7235,jennifer27@example.com,Anthony Phelps,1998-02-12,2026-03-30,6,Dr. Kavita Reddy,Thyroid Disorder,True,Low,52,Levothyroxine,1 tablets,Thrice,5 days,110/73,80,98.4,94,Report past clearly seem section right.
user64,Pass@3732,regina83@example.org,Brittany Ochoa,1990-12-25,2025-09-15,3,Dr. Rajesh Singh,Asthma,False,Medium,58,Amlodipine,2 tablets,Thrice,7 days,138/78,84,100.3,95,Officer alone everything morning but join.
user64,Pass@3732,regina83@example.org,Brittany Ochoa,1990-12-25,2025-12-21,3,Dr. Priya Sharma,Hypertension,False,Low,50,Levothyroxine,2 tablets,Thrice,3 days,122/89,73,100.1,92,Interview view effort reason.
user64,Pass@3732,regina83@example.org,Brittany Ochoa,1990-12-25,2026-03-08,3,Dr. Anil Kumar,Hypertension,False,High,60,Metformin,2 tablets,Once,6 days,121/78,76,98.0,99,Pretty way whether hope air per price book.
user65,Pass@6482,davidsimmons@example.net,Rachel Rivera,1981-02-16,2025-08-16,3,Dr. Priya Sharma,Diabetes,True,Medium,32,Levothyroxine,2 tablets,Thrice,4 days,121/72,66,100.9,97,From defense citizen machine range newspaper health.
user65,Pass@6482,davidsimmons@example.net,Rachel Rivera,1981-02-16,2025-09-12,3,Dr. Priya Sharma,Asthma,True,Low,42,Atorvastatin,2 tablets,Thrice,7 days,126/75,92,100.0,93,Share however edge beyond.
user65,Pass@6482,davidsimmons@example.net,Rachel Rivera,1981-02-16,2025-10-03,3,Dr. Kavita Reddy,Asthma,True,Medium,49,Amlodipine,2 tablets,Once,3 days,128/80,87,99.9,95,Down action tend.
user66,Pass@3704,beth30@example.net,Aaron Navarro,1975-06-11,2025-08-12,3,Dr. Neha Verma,Hypertension,False,Medium,63,Levothyroxine,2 tablets,Thrice,5 days,130/76,94,99.4,97,Up common open glass leave two production language.
user66,Pass@3704,beth30@example.net,Aaron Navarro,1975-06-11,2026-01-10,3,Dr. Rajesh Singh,Hypertension,False,Medium,66,Levothyroxine,2 tablets,Twice,8 days,106/86,76,100.8,100,Tough than fine.
user66,Pass@3704,beth30@example.net,Aaron Navarro,1975-06-11,2026-04-04,3,Dr. Anil Kumar,Migraine,False,Medium,74,Atorvastatin,1 tablets,Twice,8 days,104/71,95,97.5,97,Hair talk anything girl when eye.
user67,Pass@5108,carlos98@example.org,Tonya Duncan,1957-06-11,2025-09-25,5,Dr. Anil Kumar,Asthma,True,High,42,Salbutamol,1 tablets,Thrice,9 days,114/87,76,99.2,97,Series health right live voice certainly area.
user67,Pass@5108,carlos98@example.org,Tonya Duncan,1957-06-11,2025-10-30,5,Dr. Neha Verma,Diabetes,True,Medium,53,Paracetamol,1 tablets,Once,10 days,100/89,72,98.0,92,Movement thought help enjoy free response.
user67,Pass@5108,carlos98@example.org,Tonya Duncan,1957-06-11,2025-11-08,5,Dr. Rajesh Singh,Thyroid Disorder,True,Medium,48,Salbutamol,2 tablets,Once,4 days,107/70,65,98.1,92,Crime long space risk toward according gun.
user67,Pass@5108,carlos98@example.org,Tonya Duncan,1957-06-11,2025-11-27,5,Dr. Priya Sharma,Thyroid Disorder,True,Medium,52,Amlodipine,2 tablets,Thrice,9 days,132/63,97,97.5,100,Guy develop sister.
user67,Pass@5108,carlos98@example.org,Tonya Duncan,1957-06-11,2026-03-19,5,Dr. Priya Sharma,Thyroid Disorder,True,Low,60,Levothyroxine,1 tablets,Twice,3 days,118/86,78,99.7,92,Like do represent us.
user68,Pass@9425,andreaduran@example.com,Cynthia Briggs,1959-12-11,2025-09-08,4,Dr. Neha Verma,Thyroid Disorder,False,Low,49,Atorvastatin,1 tablets,Thrice,8 days,140/79,90,98.6,96,White believe return prepare.
user68,Pass@9425,andreaduran@example.com,Cynthia Briggs,1959-12-11,2025-09-23,4,Dr. Anil Kumar,Migraine,False,High,39,Salbutamol,2 tablets,Once,8 days,134/86,68,98.5,93,Each meet here soon to.
user68,Pass@9425,andreaduran@example.com,Cynthia Briggs,1959-12-11,2025-11-26,4,Dr. Neha Verma,Cardiac Issue,False,Medium,41,Metformin,2 tablets,Once,10 days,140/74,73,100.3,92,Back within its establish.
user68,Pass@9425,andreaduran@example.com,Cynthia Briggs,1959-12-11,2026-03-14,4,Dr. Rajesh Singh,Thyroid Disorder,False,Medium,46,Atorvastatin,1 tablets,Once,10 days,126/88,82,100.6,100,And base remain mean onto until statement cup.
user69,Pass@7263,coxmatthew@example.org,Michael Barajas,1996-04-04,2025-11-10,3,Dr. Neha Verma,Diabetes,True,Medium,41,Atorvastatin,1 tablets,Thrice,3 days,102/75,69,98.4,95,Brother design official participant wide on rate.
user69,Pass@7263,coxmatthew@example.org,Michael Barajas,1996-04-04,2026-01-19,3,Dr. Priya Sharma,Thyroid Disorder,True,Low,36,Metformin,2 tablets,Twice,6 days,132/78,64,100.0,95,Treatment and board available raise.
user69,Pass@7263,coxmatthew@example.org,Michael Barajas,1996-04-04,2026-04-02,3,Dr. Kavita Reddy,Asthma,True,High,42,Paracetamol,2 tablets,Once,4 days,121/64,100,100.7,100,Institution seat assume resource available.
user70,Pass@2386,georgeeric@example.net,Dr. Melissa Moss,1977-05-16,2025-08-14,3,Dr. Kavita Reddy,Thyroid Disorder,True,Low,59,Paracetamol,1 tablets,Twice,9 days,133/66,79,98.2,98,Teacher society away pick drop parent talk.
user70,Pass@2386,georgeeric@example.net,Dr. Melissa Moss,1977-05-16,2026-03-26,3,Dr. Priya Sharma,Migraine,True,High,52,Metformin,1 tablets,Thrice,3 days,116/72,74,97.5,92,Information could paper American recognize expect either.
user70,Pass@2386,georgeeric@example.net,Dr. Melissa Moss,1977-05-16,2026-04-02,3,Dr. Neha Verma,Thyroid Disorder,True,High,54,Atorvastatin,1 tablets,Once,9 days,113/77,69,97.6,96,Language floor between appear.
user71,Pass@3772,stevemoore@example.com,Andrew Lucas,2005-07-17,2025-09-22,4,Dr. Kavita Reddy,Thyroid Disorder,True,Medium,38,Levothyroxine,2 tablets,Thrice,6 days,116/62,94,97.5,100,Foot team purpose office room.
user71,Pass@3772,stevemoore@example.com,Andrew Lucas,2005-07-17,2025-11-21,4,Dr. Anil Kumar,Migraine,True,Low,39,Metformin,2 tablets,Thrice,10 days,131/76,68,97.8,100,Then financial off deep.
user71,Pass@3772,stevemoore@example.com,Andrew Lucas,2005-07-17,2026-01-07,4,Dr. Priya Sharma,Thyroid Disorder,True,High,49,Levothyroxine,2 tablets,Once,3 days,104/87,72,100.6,97,Attention understand address gun so quality past.
user71,Pass@3772,stevemoore@example.com,Andrew Lucas,2005-07-17,2026-04-05,4,Dr. Anil Kumar,Migraine,True,Low,48,Salbutamol,1 tablets,Thrice,9 days,127/80,83,100.3,95,Town house size open.
user72,Pass@2511,ustevens@example.com,Charles Perkins,1968-05-14,2025-12-28,2,Dr. Kavita Reddy,Asthma,True,Medium,59,Metformin,2 tablets,Thrice,3 days,127/80,62,97.4,95,Read expert very education take.
user72,Pass@2511,ustevens@example.com,Charles Perkins,1968-05-14,2026-02-12,2,Dr. Rajesh Singh,Thyroid Disorder,True,Medium,55,Salbutamol,1 tablets,Once,7 days,133/75,62,97.2,92,Seat particularly book by black.
user73,Pass@2959,ijones@example.org,Allen Rogers,1991-06-22,2025-08-22,4,Dr. Anil Kumar,Diabetes,True,Medium,67,Metformin,1 tablets,Twice,6 days,110/62,82,100.3,95,Yard minute government impact much run final while.
user73,Pass@2959,ijones@example.org,Allen Rogers,1991-06-22,2025-11-27,4,Dr. Neha Verma,Diabetes,True,Medium,72,Levothyroxine,1 tablets,Once,9 days,117/71,74,99.7,99,Ball ok up.
user73,Pass@2959,ijones@example.org,Allen Rogers,1991-06-22,2026-01-18,4,Dr. Kavita Reddy,Hypertension,True,Low,76,Salbutamol,1 tablets,Twice,4 days,129/83,83,99.4,95,Especially fact your list whatever end.
user73,Pass@2959,ijones@example.org,Allen Rogers,1991-06-22,2026-02-19,4,Dr. Rajesh Singh,Thyroid Disorder,True,Medium,76,Amlodipine,1 tablets,Once,8 days,114/79,76,101.0,99,Property character investment however hundred consider support local.
user74,Pass@6357,ruizdanielle@example.com,Cynthia Brandt,1967-04-10,2025-09-28,3,Dr. Anil Kumar,Diabetes,True,Medium,69,Paracetamol,1 tablets,Thrice,4 days,134/79,100,100.5,92,Step style life walk.
user74,Pass@6357,ruizdanielle@example.com,Cynthia Brandt,1967-04-10,2025-10-25,3,Dr. Anil Kumar,Diabetes,True,Medium,66,Amlodipine,2 tablets,Once,3 days,112/66,86,98.1,92,Personal specific next value boy face report.
user74,Pass@6357,ruizdanielle@example.com,Cynthia Brandt,1967-04-10,2026-03-19,3,Dr. Rajesh Singh,Hypertension,True,Low,81,Atorvastatin,1 tablets,Once,3 days,124/62,60,100.6,98,Respond sign enjoy leg.
user75,Pass@8549,kirbyjennifer@example.org,Katherine Cardenas,1950-09-29,2025-08-23,2,Dr. Neha Verma,Migraine,True,Medium,55,Metformin,1 tablets,Once,9 days,129/86,70,99.7,98,Around expect local personal page.
user75,Pass@8549,kirbyjennifer@example.org,Katherine Cardenas,1950-09-29,2026-03-13,2,Dr. Priya Sharma,Diabetes,True,Medium,51,Levothyroxine,2 tablets,Twice,6 days,109/82,71,97.4,92,Blue long future marriage.
user76,Pass@1183,michael61@example.org,Sarah Valdez MD,1964-10-02,2025-11-19,5,Dr. Priya Sharma,Diabetes,False,High,35,Metformin,1 tablets,Twice,10 days,124/63,86,98.5,99,Possible notice avoid sound dog.
user76,Pass@1183,michael61@example.org,Sarah Valdez MD,1964-10-02,2025-12-17,5,Dr. Kavita Reddy,Diabetes,False,High,48,Paracetamol,1 tablets,Thrice,9 days,108/79,89,98.2,96,Drive animal certainly me.
user76,Pass@1183,michael61@example.org,Sarah Valdez MD,1964-10-02,2026-02-11,5,Dr. Anil Kumar,Thyroid Disorder,False,Low,45,Levothyroxine,1 tablets,Once,6 days,134/88,84,98.1,97,White enter thank computer usually opportunity.
user76,Pass@1183,michael61@example.org,Sarah Valdez MD,1964-10-02,2026-02-23,5,Dr. Priya Sharma,Thyroid Disorder,False,Low,56,Paracetamol,1 tablets,Once,3 days,140/79,61,99.7,97,Appear ever oil red night character among.
user76,Pass@1183,michael61@example.org,Sarah Valdez MD,1964-10-02,2026-04-07,5,Dr. Rajesh Singh,Diabetes,False,Low,61,Levothyroxine,2 tablets,Twice,9 days,105/61,66,99.0,100,Stand kid indeed machine miss key financial.
user77,Pass@3610,petersonjack@example.org,Robert Harris,1966-10-15,2025-10-02,3,Dr. Kavita Reddy,Cardiac Issue,True,Low,32,Levothyroxine,1 tablets,Once,10 days,127/80,77,100.7,98,Rate agreement agree teach raise letter.
user77,Pass@3610,petersonjack@example.org,Robert Harris,1966-10-15,2025-10-21,3,Dr. Neha Verma,Thyroid Disorder,True,High,43,Metformin,1 tablets,Once,7 days,123/72,85,100.0,98,Knowledge sort our not police.
user77,Pass@3610,petersonjack@example.org,Robert Harris,1966-10-15,2026-01-02,3,Dr. Rajesh Singh,Cardiac Issue,True,High,46,Levothyroxine,1 tablets,Thrice,6 days,114/86,96,97.3,99,My dog wait growth before know.
user78,Pass@9212,wcollins@example.net,Patricia Hernandez,1975-08-29,2025-08-26,3,Dr. Rajesh Singh,Migraine,False,Medium,38,Atorvastatin,1 tablets,Twice,5 days,126/68,78,97.3,93,Majority avoid simple weight team detail suffer.
user78,Pass@9212,wcollins@example.net,Patricia Hernandez,1975-08-29,2025-11-12,3,Dr. Rajesh Singh,Hypertension,False,Medium,51,Metformin,1 tablets,Twice,3 days,115/87,96,99.0,92,Imagine bar activity individual.
user78,Pass@9212,wcollins@example.net,Patricia Hernandez,1975-08-29,2026-02-05,3,Dr. Neha Verma,Cardiac Issue,False,High,51,Paracetamol,1 tablets,Once,3 days,140/72,84,99.5,99,Executive course possible let week.
user79,Pass@1776,ryangray@example.org,Sean Hansen,1958-11-20,2025-10-17,2,Dr. Rajesh Singh,Thyroid Disorder,False,Low,71,Paracetamol,2 tablets,Thrice,6 days,140/83,96,100.2,94,Guess continue establish student hundred former throw vote.
user79,Pass@1776,ryangray@example.org,Sean Hansen,1958-11-20,2025-11-11,2,Dr. Anil Kumar,Migraine,False,Medium,65,Levothyroxine,1 tablets,Thrice,3 days,106/78,64,100.2,100,Year approach lead open wall.
user80,Pass@4048,alex61@example.com,Matthew Brown,1989-10-04,2025-10-06,4,Dr. Priya Sharma,Migraine,True,Medium,28,Levothyroxine,2 tablets,Thrice,5 days,116/81,82,98.8,96,Wife system tell feel cultural.
user80,Pass@4048,alex61@example.com,Matthew Brown,1989-10-04,2025-10-29,4,Dr. Rajesh Singh,Cardiac Issue,True,High,35,Paracetamol,1 tablets,Twice,7 days,106/63,64,99.8,98,Small pay national sound sister glass.
user80,Pass@4048,alex61@example.com,Matthew Brown,1989-10-04,2026-01-02,4,Dr. Priya Sharma,Thyroid Disorder,True,Low,39,Amlodipine,1 tablets,Once,8 days,102/63,91,98.7,98,You assume together dream people.
user80,Pass@4048,alex61@example.com,Matthew Brown,1989-10-04,2026-03-20,4,Dr. Rajesh Singh,Cardiac Issue,True,High,37,Amlodipine,2 tablets,Twice,8 days,135/65,72,98.3,97,Edge matter truth model save fish you.
user81,Pass@5635,crystal18@example.net,Sara Daniel,1970-07-21,2025-08-29,5,Dr. Kavita Reddy,Migraine,True,Low,39,Paracetamol,2 tablets,Twice,5 days,101/85,78,99.0,92,Seem foreign bad no difference hundred.
user81,Pass@5635,crystal18@example.net,Sara Daniel,1970-07-21,2025-10-02,5,Dr. Priya Sharma,Asthma,True,High,37,Metformin,2 tablets,Twice,4 days,139/79,81,99.7,96,Man ok administration break once of those.
user81,Pass@5635,crystal18@example.net,Sara Daniel,1970-07-21,2025-11-11,5,Dr. Priya Sharma,Diabetes,True,Low,46,Salbutamol,1 tablets,Once,7 days,111/76,60,101.0,97,Teacher station personal some.
user81,Pass@5635,crystal18@example.net,Sara Daniel,1970-07-21,2025-12-11,5,Dr. Priya Sharma,Migraine,True,Medium,56,Amlodipine,2 tablets,Thrice,7 days,110/82,63,97.1,99,Road small say knowledge read my health.
user81,Pass@5635,crystal18@example.net,Sara Daniel,1970-07-21,2026-03-22,5,Dr. Rajesh Singh,Cardiac Issue,True,Medium,57,Paracetamol,1 tablets,Once,9 days,100/86,93,98.3,97,Exist trial raise smile remember receive article.
user82,Pass@7935,soliver@example.net,Shannon Aguirre,1988-06-17,2025-09-15,4,Dr. Priya Sharma,Asthma,True,High,58,Levothyroxine,2 tablets,Twice,5 days,135/74,63,99.8,94,Money remain such claim.
user82,Pass@7935,soliver@example.net,Shannon Aguirre,1988-06-17,2025-09-25,4,Dr. Rajesh Singh,Hypertension,True,Low,69,Metformin,1 tablets,Thrice,6 days,104/82,78,97.4,97,Campaign long trade range.
user82,Pass@7935,soliver@example.net,Shannon Aguirre,1988-06-17,2025-11-27,4,Dr. Anil Kumar,Hypertension,True,High,65,Atorvastatin,1 tablets,Thrice,8 days,103/84,82,97.4,92,Reduce stay growth really what whatever.
user82,Pass@7935,soliver@example.net,Shannon Aguirre,1988-06-17,2025-12-27,4,Dr. Neha Verma,Diabetes,True,High,73,Amlodipine,1 tablets,Twice,4 days,140/60,71,98.2,100,Husband happen move detail product.
user83,Pass@3486,rodriguezsusan@example.org,Lance Bailey,1975-08-22,2025-10-09,2,Dr. Priya Sharma,Asthma,False,Medium,51,Levothyroxine,1 tablets,Thrice,5 days,111/60,62,97.1,92,One drop free.
user83,Pass@3486,rodriguezsusan@example.org,Lance Bailey,1975-08-22,2026-03-30,2,Dr. Kavita Reddy,Hypertension,False,Medium,59,Atorvastatin,1 tablets,Thrice,10 days,135/60,72,98.3,94,During certainly color test happy from body dinner.
user84,Pass@4191,fitzgeraldkelly@example.org,Lisa Lopez,1965-02-21,2025-09-18,4,Dr. Anil Kumar,Thyroid Disorder,True,High,32,Salbutamol,1 tablets,Thrice,6 days,104/84,65,98.4,97,President table think.
user84,Pass@4191,fitzgeraldkelly@example.org,Lisa Lopez,1965-02-21,2025-11-10,4,Dr. Kavita Reddy,Hypertension,True,High,37,Paracetamol,1 tablets,Twice,4 days,134/84,88,100.7,99,Billion product move should skin soldier thing.
user84,Pass@4191,fitzgeraldkelly@example.org,Lisa Lopez,1965-02-21,2025-12-14,4,Dr. Rajesh Singh,Migraine,True,High,43,Paracetamol,2 tablets,Once,10 days,138/68,67,99.7,92,Allow control various else forget truth.
user84,Pass@4191,fitzgeraldkelly@example.org,Lisa Lopez,1965-02-21,2026-04-03,4,Dr. Neha Verma,Migraine,True,High,48,Amlodipine,2 tablets,Once,8 days,135/72,64,99.3,95,Cup news recognize site.
user85,Pass@9140,cking@example.com,Thomas Bradley,1996-01-06,2025-08-15,6,Dr. Neha Verma,Cardiac Issue,True,Low,56,Amlodipine,2 tablets,Thrice,5 days,127/63,75,98.2,95,Well technology organization themselves more event.
user85,Pass@9140,cking@example.com,Thomas Bradley,1996-01-06,2025-09-30,6,Dr. Priya Sharma,Migraine,True,Medium,63,Levothyroxine,1 tablets,Twice,8 days,130/81,88,98.6,98,Respond man force above program much husband.
user85,Pass@9140,cking@example.com,Thomas Bradley,1996-01-06,2025-11-06,6,Dr. Priya Sharma,Thyroid Disorder,True,Medium,61,Amlodipine,1 tablets,Twice,3 days,130/86,88,99.2,97,Movie give weight whom value lot often thought.
user85,Pass@9140,cking@example.com,Thomas Bradley,1996-01-06,2025-11-24,6,Dr. Kavita Reddy,Asthma,True,Low,70,Salbutamol,2 tablets,Twice,3 days,118/74,74,100.8,97,Let under note accept suddenly.
user85,Pass@9140,cking@example.com,Thomas Bradley,1996-01-06,2026-01-09,6,Dr. Priya Sharma,Thyroid Disorder,True,Medium,69,Atorvastatin,2 tablets,Twice,5 days,120/60,78,97.4,97,Woman board role sure.
user85,Pass@9140,cking@example.com,Thomas Bradley,1996-01-06,2026-03-02,6,Dr. Kavita Reddy,Thyroid Disorder,True,Medium,66,Metformin,1 tablets,Twice,5 days,116/74,65,97.6,95,Give protect hear six section recent could.
user86,Pass@3863,nicole78@example.com,Katelyn Williams,1979-01-09,2025-08-27,4,Dr. Anil Kumar,Cardiac Issue,True,Medium,26,Amlodipine,2 tablets,Twice,3 days,126/89,89,97.4,98,Gun same difficult finish.
user86,Pass@3863,nicole78@example.com,Katelyn Williams,1979-01-09,2025-09-29,4,Dr. Priya Sharma,Cardiac Issue,True,High,28,Salbutamol,1 tablets,Thrice,6 days,118/76,61,100.0,96,Difficult car you finish poor enjoy give.
user86,Pass@3863,nicole78@example.com,Katelyn Williams,1979-01-09,2025-10-10,4,Dr. Priya Sharma,Hypertension,True,High,40,Paracetamol,1 tablets,Thrice,3 days,101/67,87,97.5,98,Door population what serve million spend.
user86,Pass@3863,nicole78@example.com,Katelyn Williams,1979-01-09,2025-12-02,4,Dr. Priya Sharma,Cardiac Issue,True,Medium,47,Metformin,2 tablets,Thrice,6 days,119/71,79,97.5,93,Bit we himself trade house doctor.
user87,Pass@3390,michael99@example.org,Amanda Edwards,2006-03-26,2025-08-12,5,Dr. Neha Verma,Cardiac Issue,True,Low,75,Metformin,2 tablets,Twice,3 days,128/81,94,100.5,93,Rest government break six west along wear.
user87,Pass@3390,michael99@example.org,Amanda Edwards,2006-03-26,2025-08-22,5,Dr. Neha Verma,Diabetes,True,Low,79,Paracetamol,1 tablets,Thrice,8 days,119/65,84,99.2,98,Store physical happen remain bed street entire.
user87,Pass@3390,michael99@example.org,Amanda Edwards,2006-03-26,2025-09-19,5,Dr. Anil Kumar,Asthma,True,Medium,79,Metformin,2 tablets,Once,3 days,100/61,65,98.6,98,Or everyone laugh hospital level subject.
user87,Pass@3390,michael99@example.org,Amanda Edwards,2006-03-26,2025-11-18,5,Dr. Anil Kumar,Hypertension,True,Medium,80,Paracetamol,1 tablets,Thrice,8 days,124/83,81,100.4,92,Ever back attorney join successful purpose model.
user87,Pass@3390,michael99@example.org,Amanda Edwards,2006-03-26,2026-03-27,5,Dr. Neha Verma,Hypertension,True,High,85,Metformin,2 tablets,Once,9 days,109/88,70,100.1,96,Against guy member most skin note.
user88,Pass@6577,smitheric@example.org,Corey Wilkins,1971-06-01,2025-08-15,6,Dr. Kavita Reddy,Thyroid Disorder,False,High,44,Salbutamol,2 tablets,Thrice,4 days,120/67,65,99.6,93,And product difference available article daughter laugh move.
user88,Pass@6577,smitheric@example.org,Corey Wilkins,1971-06-01,2026-01-21,6,Dr. Rajesh Singh,Asthma,False,Low,48,Atorvastatin,2 tablets,Twice,10 days,116/84,74,99.8,92,Moment father relationship court article.
user88,Pass@6577,smitheric@example.org,Corey Wilkins,1971-06-01,2026-02-05,6,Dr. Anil Kumar,Thyroid Disorder,False,Medium,43,Levothyroxine,2 tablets,Once,4 days,128/73,89,99.0,93,Yourself image red allow.
user88,Pass@6577,smitheric@example.org,Corey Wilkins,1971-06-01,2026-02-26,6,Dr. Neha Verma,Migraine,False,Medium,47,Amlodipine,1 tablets,Twice,6 days,127/81,66,97.4,94,Toward else behind or method add.
user88,Pass@6577,smitheric@example.org,Corey Wilkins,1971-06-01,2026-03-12,6,Dr. Priya Sharma,Cardiac Issue,False,High,61,Metformin,2 tablets,Thrice,8 days,125/83,68,99.1,98,Page nature grow movement blue pull.
user88,Pass@6577,smitheric@example.org,Corey Wilkins,1971-06-01,2026-03-23,6,Dr. Rajesh Singh,Hypertension,False,High,64,Metformin,2 tablets,Twice,9 days,102/83,69,100.8,97,Energy physical involve many.
user89,Pass@4278,hunter92@example.org,Cynthia Armstrong,1971-04-23,2025-12-15,2,Dr. Neha Verma,Migraine,True,Low,45,Paracetamol,1 tablets,Twice,8 days,127/85,87,97.0,93,Chair yeah example black statement full Republican nor.
user89,Pass@4278,hunter92@example.org,Cynthia Armstrong,1971-04-23,2026-03-06,2,Dr. Priya Sharma,Diabetes,True,Medium,60,Levothyroxine,1 tablets,Twice,3 days,120/78,64,98.7,93,Social food about say sit someone radio.
user90,Pass@5877,francisco36@example.org,Jonathan Morris,1957-02-14,2025-08-20,6,Dr. Kavita Reddy,Diabetes,False,Low,34,Metformin,1 tablets,Twice,10 days,132/70,82,98.2,96,Nearly property three fire deal investment.
user90,Pass@5877,francisco36@example.org,Jonathan Morris,1957-02-14,2025-12-29,6,Dr. Kavita Reddy,Hypertension,False,High,49,Salbutamol,2 tablets,Once,5 days,132/70,95,99.1,96,Agree nice week teacher lot response each save.
user90,Pass@5877,francisco36@example.org,Jonathan Morris,1957-02-14,2026-01-14,6,Dr. Priya Sharma,Thyroid Disorder,False,Medium,47,Atorvastatin,2 tablets,Thrice,10 days,107/75,93,97.2,100,Consumer not start stop.
user90,Pass@5877,francisco36@example.org,Jonathan Morris,1957-02-14,2026-01-30,6,Dr. Anil Kumar,Asthma,False,High,42,Atorvastatin,2 tablets,Twice,10 days,136/87,79,98.2,98,Ground easy such culture.
user90,Pass@5877,francisco36@example.org,Jonathan Morris,1957-02-14,2026-03-06,6,Dr. Neha Verma,Asthma,False,Low,56,Levothyroxine,1 tablets,Thrice,7 days,134/74,80,99.1,94,Day middle front chance maybe street require.
user90,Pass@5877,francisco36@example.org,Jonathan Morris,1957-02-14,2026-03-19,6,Dr. Neha Verma,Diabetes,False,Medium,64,Paracetamol,1 tablets,Thrice,4 days,106/83,79,99.6,94,Skill account production TV prepare good standard.
user91,Pass@1733,trujillojennifer@example.com,Philip Lopez,1990-10-27,2025-11-06,4,Dr. Neha Verma,Diabetes,True,Medium,54,Metformin,1 tablets,Twice,5 days,128/62,61,100.5,97,Manage fall offer unit property subject.
user91,Pass@1733,trujillojennifer@example.com,Philip Lopez,1990-10-27,2026-02-18,4,Dr. Anil Kumar,Thyroid Disorder,True,High,60,Atorvastatin,2 tablets,Once,4 days,129/68,87,98.5,92,Return fund reality this start.
user91,Pass@1733,trujillojennifer@example.com,Philip Lopez,1990-10-27,2026-02-19,4,Dr. Neha Verma,Thyroid Disorder,True,Medium,67,Levothyroxine,1 tablets,Thrice,6 days,136/77,65,99.3,94,Baby operation produce worker stock.
user91,Pass@1733,trujillojennifer@example.com,Philip Lopez,1990-10-27,2026-03-01,4,Dr. Priya Sharma,Asthma,True,High,68,Atorvastatin,1 tablets,Twice,10 days,122/80,98,98.8,92,Require affect thank her not data without source.
user92,Pass@4783,bmiller@example.net,Mary Brady,2000-07-02,2025-11-10,4,Dr. Rajesh Singh,Migraine,False,Low,60,Amlodipine,1 tablets,Once,3 days,111/89,79,99.9,98,Training still act stand under.
user92,Pass@4783,bmiller@example.net,Mary Brady,2000-07-02,2026-01-12,4,Dr. Priya Sharma,Migraine,False,Low,71,Metformin,1 tablets,Twice,4 days,105/64,90,99.5,95,Collection attack behavior purpose board.
user92,Pass@4783,bmiller@example.net,Mary Brady,2000-07-02,2026-02-16,4,Dr. Rajesh Singh,Thyroid Disorder,False,High,68,Levothyroxine,2 tablets,Once,9 days,112/80,73,98.5,94,Less best minute speak treat forward power.
user92,Pass@4783,bmiller@example.net,Mary Brady,2000-07-02,2026-03-23,4,Dr. Neha Verma,Cardiac Issue,False,Medium,81,Levothyroxine,1 tablets,Twice,5 days,129/81,74,97.2,93,Lay how news bill night beyond.
user93,Pass@5584,mistylambert@example.net,Andrew Hawkins,2001-12-22,2025-11-04,2,Dr. Priya Sharma,Hypertension,False,High,53,Levothyroxine,2 tablets,Thrice,10 days,132/88,88,97.3,98,Develop everybody win.
user93,Pass@5584,mistylambert@example.net,Andrew Hawkins,2001-12-22,2025-12-20,2,Dr. Rajesh Singh,Cardiac Issue,False,Medium,61,Salbutamol,1 tablets,Thrice,5 days,130/83,85,97.1,97,Firm building character billion candidate gas hand perform.
user94,Pass@6378,wilkersonjohnathan@example.com,Michelle Walton,1970-10-27,2025-08-22,2,Dr. Anil Kumar,Asthma,True,Medium,49,Metformin,2 tablets,Twice,7 days,126/61,79,99.8,100,Collection ball rather.
user94,Pass@6378,wilkersonjohnathan@example.com,Michelle Walton,1970-10-27,2026-04-06,2,Dr. Rajesh Singh,Migraine,True,Low,50,Amlodipine,2 tablets,Once,3 days,110/80,95,98.1,99,Gas personal camera likely chair test friend.
user95,Pass@1109,mrice@example.com,Morgan Harris,1960-06-07,2025-10-11,3,Dr. Priya Sharma,Thyroid Disorder,False,Medium,67,Levothyroxine,2 tablets,Twice,4 days,102/66,95,99.5,95,Not become give good data build on.
user95,Pass@1109,mrice@example.com,Morgan Harris,1960-06-07,2025-10-12,3,Dr. Anil Kumar,Diabetes,False,Low,74,Salbutamol,1 tablets,Thrice,6 days,132/74,77,99.6,96,Receive green Democrat particular plant.
user95,Pass@1109,mrice@example.com,Morgan Harris,1960-06-07,2026-04-04,3,Dr. Neha Verma,Thyroid Disorder,False,Low,75,Levothyroxine,2 tablets,Thrice,10 days,133/88,93,100.0,92,Mr care voice treatment discover onto pretty.
user96,Pass@1195,john77@example.org,John Johnson,2005-09-02,2026-02-04,5,Dr. Anil Kumar,Hypertension,True,Low,64,Atorvastatin,1 tablets,Once,5 days,137/76,85,99.0,99,Role smile help computer first thought thought.
user96,Pass@1195,john77@example.org,John Johnson,2005-09-02,2026-02-15,5,Dr. Anil Kumar,Thyroid Disorder,True,Low,69,Metformin,1 tablets,Once,8 days,134/65,83,100.3,92,Change certainly wall trouble anything while evening court.
user96,Pass@1195,john77@example.org,John Johnson,2005-09-02,2026-02-21,5,Dr. Priya Sharma,Cardiac Issue,True,High,72,Atorvastatin,1 tablets,Twice,8 days,119/88,73,101.0,95,Behavior movement about store.
user96,Pass@1195,john77@example.org,John Johnson,2005-09-02,2026-03-08,5,Dr. Neha Verma,Cardiac Issue,True,Medium,77,Levothyroxine,1 tablets,Once,5 days,104/76,77,97.0,96,Only hit make just.
user96,Pass@1195,john77@example.org,John Johnson,2005-09-02,2026-03-09,5,Dr. Priya Sharma,Cardiac Issue,True,Low,68,Salbutamol,2 tablets,Thrice,6 days,106/88,64,97.6,96,Our agreement far indeed land state yourself.
user97,Pass@6124,christopherarnold@example.org,Veronica King,1985-01-01,2025-11-12,2,Dr. Rajesh Singh,Cardiac Issue,False,Medium,65,Paracetamol,2 tablets,Thrice,3 days,116/85,89,100.3,96,Anyone listen middle return.
user97,Pass@6124,christopherarnold@example.org,Veronica King,1985-01-01,2026-02-05,2,Dr. Rajesh Singh,Asthma,False,High,65,Amlodipine,2 tablets,Twice,5 days,140/70,74,100.3,92,Line Republican hold good through keep.
user98,Pass@5582,tmiller@example.com,Maria Jordan,1953-10-28,2025-12-08,6,Dr. Rajesh Singh,Hypertension,False,Low,50,Salbutamol,2 tablets,Once,7 days,102/85,61,98.7,94,Agree rather war environmental however up.
user98,Pass@5582,tmiller@example.com,Maria Jordan,1953-10-28,2025-12-22,6,Dr. Rajesh Singh,Diabetes,False,Medium,55,Salbutamol,1 tablets,Once,9 days,131/83,79,100.3,97,Occur interview ground summer soldier product customer same.
user98,Pass@5582,tmiller@example.com,Maria Jordan,1953-10-28,2025-12-31,6,Dr. Priya Sharma,Migraine,False,High,52,Paracetamol,1 tablets,Once,6 days,119/89,78,100.3,100,Concern education research stock order.
user98,Pass@5582,tmiller@example.com,Maria Jordan,1953-10-28,2025-12-31,6,Dr. Rajesh Singh,Cardiac Issue,False,Low,50,Atorvastatin,1 tablets,Thrice,8 days,124/67,90,98.6,100,Stage top its likely argue respond.
user98,Pass@5582,tmiller@example.com,Maria Jordan,1953-10-28,2026-02-15,6,Dr. Priya Sharma,Migraine,False,High,66,Amlodipine,2 tablets,Twice,5 days,105/67,98,100.2,97,Card picture interest understand beautiful according all.
user98,Pass@5582,tmiller@example.com,Maria Jordan,1953-10-28,2026-02-21,6,Dr. Neha Verma,Diabetes,False,Low,61,Salbutamol,2 tablets,Twice,9 days,123/88,82,97.7,100,Give of will.
user99,Pass@9595,millersheila@example.org,Pamela Simon,1966-08-08,2025-10-01,5,Dr. Kavita Reddy,Cardiac Issue,True,High,34,Atorvastatin,1 tablets,Thrice,3 days,114/88,84,99.0,99,Explain performance kind compare it take just main.
user99,Pass@9595,millersheila@example.org,Pamela Simon,1966-08-08,2025-10-10,5,Dr. Neha Verma,Thyroid Disorder,True,High,35,Paracetamol,2 tablets,Once,5 days,134/87,73,99.2,92,Note rest occur teacher ability.
user99,Pass@9595,millersheila@example.org,Pamela Simon,1966-08-08,2025-11-14,5,Dr. Priya Sharma,Cardiac Issue,True,Medium,39,Amlodipine,2 tablets,Thrice,7 days,138/77,97,99.8,93,Far century chair easy.
user99,Pass@9595,millersheila@example.org,Pamela Simon,1966-08-08,2026-01-22,5,Dr. Neha Verma,Hypertension,True,Medium,38,Levothyroxine,1 tablets,Thrice,10 days,116/81,80,98.8,99,Beat bit property open across industry reveal themselves.
user99,Pass@9595,millersheila@example.org,Pamela Simon,1966-08-08,2026-01-25,5,Dr. Neha Verma,Hypertension,True,Medium,42,Amlodipine,1 tablets,Thrice,10 days,102/89,81,97.9,99,Thought thought customer magazine morning.
user100,Pass@1576,qshepherd@example.net,Ronald Salas,1976-10-30,2025-08-15,2,Dr. Rajesh Singh,Cardiac Issue,True,Low,49,Atorvastatin,1 tablets,Once,4 days,120/68,78,98.7,94,Positive book magazine wind throughout everything decade.
user100,Pass@1576,qshepherd@example.net,Ronald Salas,1976-10-30,2026-02-08,2,Dr. Anil Kumar,Asthma,True,Medium,50,Paracetamol,1 tablets,Twice,10 days,111/62,97,97.4,99,Pressure hope current six policy similar simply.
user101,Pass@5980,howekristy@example.org,David Banks,1954-07-05,2025-08-31,6,Dr. Priya Sharma,Migraine,False,High,45,Levothyroxine,1 tablets,Twice,10 days,117/85,92,100.3,97,Challenge field hit quite away peace.
user101,Pass@5980,howekristy@example.org,David Banks,1954-07-05,2025-09-07,6,Dr. Neha Verma,Hypertension,False,High,42,Amlodipine,2 tablets,Once,8 days,132/64,64,97.3,96,Half inside not rate address factor ago.
user101,Pass@5980,howekristy@example.org,David Banks,1954-07-05,2025-09-08,6,Dr. Priya Sharma,Asthma,False,Low,38,Atorvastatin,2 tablets,Thrice,8 days,126/89,95,98.9,94,May audience live social.
user101,Pass@5980,howekristy@example.org,David Banks,1954-07-05,2025-09-23,6,Dr. Priya Sharma,Cardiac Issue,False,High,49,Amlodipine,1 tablets,Thrice,4 days,134/67,62,99.1,95,Home difference style last visit leader street.
user101,Pass@5980,howekristy@example.org,David Banks,1954-07-05,2025-10-17,6,Dr. Kavita Reddy,Diabetes,False,High,47,Paracetamol,1 tablets,Once,10 days,105/90,61,100.8,100,Explain staff yourself human lot poor tonight.
user101,Pass@5980,howekristy@example.org,David Banks,1954-07-05,2025-10-26,6,Dr. Kavita Reddy,Diabetes,False,Low,54,Amlodipine,2 tablets,Thrice,7 days,137/85,91,100.2,100,Member nation friend against capital.
user102,Pass@2138,sarahandrews@example.com,Maria Miller,1993-01-24,2025-09-03,4,Dr. Kavita Reddy,Asthma,False,High,29,Atorvastatin,1 tablets,Once,4 days,103/74,96,100.5,97,Else foreign site.
user102,Pass@2138,sarahandrews@example.com,Maria Miller,1993-01-24,2025-10-05,4,Dr. Neha Verma,Cardiac Issue,False,Medium,47,Salbutamol,1 tablets,Once,9 days,123/74,70,98.1,94,Republican entire still note blue clear make.
user102,Pass@2138,sarahandrews@example.com,Maria Miller,1993-01-24,2026-01-07,4,Dr. Anil Kumar,Hypertension,False,Low,42,Salbutamol,1 tablets,Thrice,3 days,105/61,73,97.1,98,Vote it official property forward station decide.
user102,Pass@2138,sarahandrews@example.com,Maria Miller,1993-01-24,2026-01-21,4,Dr. Anil Kumar,Hypertension,False,Low,46,Amlodipine,1 tablets,Twice,9 days,134/79,70,99.5,96,In easy deep agency get on.
user103,Pass@5225,oramos@example.net,Daniel Gonzales,1979-12-24,2025-08-22,2,Dr. Neha Verma,Asthma,True,High,43,Metformin,1 tablets,Thrice,3 days,114/69,93,98.0,92,Sort item product contain energy represent.
user103,Pass@5225,oramos@example.net,Daniel Gonzales,1979-12-24,2025-11-05,2,Dr. Neha Verma,Diabetes,True,Low,43,Levothyroxine,1 tablets,Thrice,9 days,124/83,80,97.8,95,Democrat kind main system.
user104,Pass@3506,gmoore@example.com,Kevin Thompson,1957-11-05,2025-08-31,5,Dr. Neha Verma,Thyroid Disorder,False,Medium,44,Levothyroxine,1 tablets,Thrice,10 days,121/90,87,97.4,96,Dream kind ahead certain because gun.
user104,Pass@3506,gmoore@example.com,Kevin Thompson,1957-11-05,2025-11-02,5,Dr. Neha Verma,Asthma,False,High,42,Salbutamol,1 tablets,Twice,6 days,124/70,81,97.4,92,Test member hold career citizen lot.
user104,Pass@3506,gmoore@example.com,Kevin Thompson,1957-11-05,2026-01-04,5,Dr. Neha Verma,Asthma,False,High,59,Paracetamol,1 tablets,Once,8 days,134/82,100,98.8,94,Eight magazine lay century contain thousand.
user104,Pass@3506,gmoore@example.com,Kevin Thompson,1957-11-05,2026-01-30,5,Dr. Rajesh Singh,Thyroid Disorder,False,Medium,62,Metformin,1 tablets,Once,10 days,121/89,79,98.1,93,Anyone boy throughout assume since.
user104,Pass@3506,gmoore@example.com,Kevin Thompson,1957-11-05,2026-02-18,5,Dr. Rajesh Singh,Hypertension,False,Medium,58,Metformin,2 tablets,Once,6 days,108/80,82,100.6,96,Industry address state early find how ground education.
user105,Pass@1657,troymartin@example.org,Kayla King,1983-12-02,2025-10-05,5,Dr. Anil Kumar,Hypertension,False,Low,58,Salbutamol,2 tablets,Twice,3 days,111/71,78,98.2,93,Me class sister available.
user105,Pass@1657,troymartin@example.org,Kayla King,1983-12-02,2025-11-26,5,Dr. Rajesh Singh,Thyroid Disorder,False,Medium,52,Metformin,2 tablets,Thrice,4 days,115/70,78,97.9,97,Think bar issue defense certainly activity near.
user105,Pass@1657,troymartin@example.org,Kayla King,1983-12-02,2025-12-29,5,Dr. Anil Kumar,Thyroid Disorder,False,Medium,65,Atorvastatin,1 tablets,Twice,8 days,125/85,81,99.7,94,Democratic might onto loss.
user105,Pass@1657,troymartin@example.org,Kayla King,1983-12-02,2026-01-01,5,Dr. Kavita Reddy,Asthma,False,High,60,Metformin,1 tablets,Once,8 days,130/60,74,98.8,97,Particular goal method certainly.
user105,Pass@1657,troymartin@example.org,Kayla King,1983-12-02,2026-02-24,5,Dr. Kavita Reddy,Migraine,False,Low,75,Levothyroxine,1 tablets,Once,5 days,132/67,84,98.7,100,Beat national story fill.
user106,Pass@8865,christopher38@example.com,Michele Edwards,1960-10-18,2025-10-19,3,Dr. Kavita Reddy,Diabetes,True,High,43,Metformin,2 tablets,Once,6 days,112/80,81,97.2,100,Perform oil often according event.
user106,Pass@8865,christopher38@example.com,Michele Edwards,1960-10-18,2025-12-23,3,Dr. Priya Sharma,Migraine,True,High,54,Paracetamol,1 tablets,Thrice,9 days,125/73,91,97.9,100,College though beautiful nation.
user106,Pass@8865,christopher38@example.com,Michele Edwards,1960-10-18,2026-03-14,3,Dr. Neha Verma,Asthma,True,High,56,Paracetamol,2 tablets,Once,8 days,109/83,71,97.3,95,Effort culture still view either when job no.
user107,Pass@1569,fsmith@example.org,William Merritt,1981-01-21,2025-08-19,5,Dr. Priya Sharma,Asthma,False,Low,42,Atorvastatin,2 tablets,Twice,10 days,130/76,60,98.2,92,Example best nearly.
user107,Pass@1569,fsmith@example.org,William Merritt,1981-01-21,2025-10-02,5,Dr. Neha Verma,Migraine,False,Medium,53,Metformin,1 tablets,Thrice,4 days,125/62,73,97.1,99,More science wall speech where.
user107,Pass@1569,fsmith@example.org,William Merritt,1981-01-21,2025-11-02,5,Dr. Neha Verma,Cardiac Issue,False,Medium,45,Salbutamol,2 tablets,Once,5 days,117/89,82,97.3,95,Question Mr note those.
user107,Pass@1569,fsmith@example.org,William Merritt,1981-01-21,2025-11-17,5,Dr. Anil Kumar,Thyroid Disorder,False,Medium,54,Salbutamol,2 tablets,Once,3 days,105/69,81,98.8,92,Parent light one.
user107,Pass@1569,fsmith@example.org,William Merritt,1981-01-21,2026-02-05,5,Dr. Anil Kumar,Hypertension,False,High,54,Salbutamol,2 tablets,Twice,5 days,111/86,84,98.3,94,Fear music institution shoulder she know.
user108,Pass@2506,calvin08@example.net,Lisa Thompson,1973-03-08,2025-08-17,5,Dr. Kavita Reddy,Hypertension,True,Low,66,Amlodipine,2 tablets,Twice,3 days,112/68,83,99.2,98,No cold situation occur suggest nature finally.
user108,Pass@2506,calvin08@example.net,Lisa Thompson,1973-03-08,2025-08-27,5,Dr. Neha Verma,Cardiac Issue,True,High,58,Levothyroxine,1 tablets,Thrice,9 days,110/84,64,99.7,99,Visit challenge to scientist my realize.
user108,Pass@2506,calvin08@example.net,Lisa Thompson,1973-03-08,2025-12-02,5,Dr. Anil Kumar,Asthma,True,Low,72,Paracetamol,1 tablets,Thrice,6 days,121/61,67,99.9,96,Key claim simply stand marriage.
user108,Pass@2506,calvin08@example.net,Lisa Thompson,1973-03-08,2025-12-24,5,Dr. Priya Sharma,Migraine,True,Medium,75,Amlodipine,1 tablets,Once,10 days,102/60,78,97.7,94,Support score south every unit event already music.
user108,Pass@2506,calvin08@example.net,Lisa Thompson,1973-03-08,2026-01-16,5,Dr. Priya Sharma,Asthma,True,Low,73,Levothyroxine,1 tablets,Thrice,5 days,115/64,61,99.6,94,Hospital thing worry yeah case.
user109,Pass@7250,fmendez@example.com,Stacy White,2004-05-21,2025-08-10,2,Dr. Rajesh Singh,Migraine,True,Medium,59,Salbutamol,2 tablets,Once,8 days,133/70,87,99.0,98,Party all direction finally structure condition space analysis.
user109,Pass@7250,fmendez@example.com,Stacy White,2004-05-21,2026-02-08,2,Dr. Rajesh Singh,Migraine,True,Low,67,Levothyroxine,2 tablets,Twice,4 days,132/74,69,98.3,97,Someone fact provide also senior little music.
user110,Pass@4361,jacksonmarcia@example.com,Jodi Jones,1986-06-22,2025-11-30,2,Dr. Anil Kumar,Asthma,True,Medium,65,Atorvastatin,2 tablets,Twice,10 days,133/84,94,97.8,97,Reduce chance last military.
user110,Pass@4361,jacksonmarcia@example.com,Jodi Jones,1986-06-22,2025-12-11,2,Dr. Anil Kumar,Asthma,True,High,65,Metformin,2 tablets,Twice,9 days,132/62,79,99.6,96,Floor street cell right.
user111,Pass@7777,sarahcampbell@example.org,Jillian Sanchez,1963-01-19,2025-10-17,6,Dr. Kavita Reddy,Diabetes,False,High,33,Paracetamol,2 tablets,Twice,9 days,129/64,98,100.2,100,Thing west yourself according company real star.
user111,Pass@7777,sarahcampbell@example.org,Jillian Sanchez,1963-01-19,2026-02-08,6,Dr. Kavita Reddy,Thyroid Disorder,False,Low,45,Amlodipine,1 tablets,Twice,8 days,108/63,74,100.6,99,Worry positive talk not different check society.
user111,Pass@7777,sarahcampbell@example.org,Jillian Sanchez,1963-01-19,2026-02-16,6,Dr. Neha Verma,Hypertension,False,High,45,Paracetamol,1 tablets,Thrice,10 days,105/63,62,97.1,97,Occur evening better above decade.
user111,Pass@7777,sarahcampbell@example.org,Jillian Sanchez,1963-01-19,2026-03-10,6,Dr. Neha Verma,Migraine,False,Low,48,Levothyroxine,2 tablets,Thrice,5 days,125/66,74,99.5,92,Hundred during debate usually.
user111,Pass@7777,sarahcampbell@example.org,Jillian Sanchez,1963-01-19,2026-03-13,6,Dr. Rajesh Singh,Diabetes,False,High,48,Salbutamol,2 tablets,Twice,6 days,120/88,67,99.1,92,Dark common research kid.
user111,Pass@7777,sarahcampbell@example.org,Jillian Sanchez,1963-01-19,2026-03-30,6,Dr. Priya Sharma,Cardiac Issue,False,High,57,Amlodipine,1 tablets,Twice,7 days,137/63,74,99.6,92,Behind special together start apply.
user112,Pass@1561,robinsonnancy@example.org,Jordan Rocha,1985-08-04,2025-11-04,4,Dr. Kavita Reddy,Diabetes,False,Medium,46,Levothyroxine,1 tablets,Twice,7 days,125/61,78,97.5,93,Reason day price kid part real show.
user112,Pass@1561,robinsonnancy@example.org,Jordan Rocha,1985-08-04,2025-11-18,4,Dr. Kavita Reddy,Thyroid Disorder,False,Low,46,Amlodipine,1 tablets,Thrice,8 days,121/69,92,100.5,97,Write others note.
user112,Pass@1561,robinsonnancy@example.org,Jordan Rocha,1985-08-04,2026-02-06,4,Dr. Anil Kumar,Asthma,False,Medium,60,Atorvastatin,2 tablets,Thrice,7 days,117/66,87,98.8,98,Upon if everybody face evening.
user112,Pass@1561,robinsonnancy@example.org,Jordan Rocha,1985-08-04,2026-03-03,4,Dr. Kavita Reddy,Cardiac Issue,False,Low,57,Paracetamol,1 tablets,Once,8 days,115/85,100,99.6,97,Director prepare assume star up year charge public.
user113,Pass@4029,rogerstyler@example.com,April Tucker MD,1962-11-30,2026-02-04,2,Dr. Kavita Reddy,Asthma,False,Medium,33,Metformin,1 tablets,Once,3 days,119/83,93,99.2,96,Forward growth follow evening eat financial involve development.
user113,Pass@4029,rogerstyler@example.com,April Tucker MD,1962-11-30,2026-03-17,2,Dr. Neha Verma,Thyroid Disorder,False,Low,36,Atorvastatin,2 tablets,Once,3 days,138/68,73,100.7,97,Knowledge tough happy light receive.
user114,Pass@6475,medinathomas@example.com,Nathan Hurst,2002-07-11,2025-08-16,3,Dr. Kavita Reddy,Cardiac Issue,True,Low,37,Levothyroxine,1 tablets,Once,10 days,126/89,76,99.4,98,Whatever but place.
user114,Pass@6475,medinathomas@example.com,Nathan Hurst,2002-07-11,2026-03-05,3,Dr. Anil Kumar,Asthma,True,High,40,Levothyroxine,1 tablets,Once,10 days,134/89,79,100.9,98,Collection civil law number money decade.
user114,Pass@6475,medinathomas@example.com,Nathan Hurst,2002-07-11,2026-03-07,3,Dr. Neha Verma,Asthma,True,Medium,53,Paracetamol,1 tablets,Once,7 days,124/79,64,98.6,94,Store happy card economic.
user115,Pass@1148,dgarcia@example.com,Ryan Howell,1994-11-24,2025-09-08,2,Dr. Priya Sharma,Thyroid Disorder,True,Low,47,Atorvastatin,1 tablets,Twice,6 days,102/69,78,97.5,92,Soldier fill her opportunity floor public.
user115,Pass@1148,dgarcia@example.com,Ryan Howell,1994-11-24,2026-02-04,2,Dr. Rajesh Singh,Hypertension,True,Low,53,Salbutamol,1 tablets,Once,7 days,112/69,60,97.7,94,Those left choice ago spend simple.
user116,Pass@2658,cookdenise@example.com,Sarah Butler,1977-10-29,2025-09-16,5,Dr. Neha Verma,Migraine,True,Low,51,Metformin,1 tablets,Once,10 days,138/66,74,100.7,99,Support stage success responsibility meet.
user116,Pass@2658,cookdenise@example.com,Sarah Butler,1977-10-29,2026-01-01,5,Dr. Priya Sharma,Diabetes,True,Low,60,Amlodipine,2 tablets,Twice,3 days,127/79,72,97.5,100,Include we consider reach discussion.
user116,Pass@2658,cookdenise@example.com,Sarah Butler,1977-10-29,2026-01-08,5,Dr. Rajesh Singh,Diabetes,True,Low,69,Salbutamol,2 tablets,Thrice,7 days,127/86,62,98.5,96,Moment everyone large.
user116,Pass@2658,cookdenise@example.com,Sarah Butler,1977-10-29,2026-03-10,5,Dr. Neha Verma,Thyroid Disorder,True,Medium,60,Metformin,2 tablets,Thrice,10 days,128/87,62,97.7,96,Wall very rest structure when.
user116,Pass@2658,cookdenise@example.com,Sarah Butler,1977-10-29,2026-03-24,5,Dr. Anil Kumar,Migraine,True,Medium,69,Amlodipine,1 tablets,Twice,7 days,100/61,60,99.0,94,Tonight mention owner western value.
user117,Pass@8827,hstark@example.com,Christopher Cruz,1974-03-08,2025-10-12,6,Dr. Neha Verma,Diabetes,False,Low,31,Amlodipine,2 tablets,Once,4 days,137/70,97,100.7,93,Whose its law.
user117,Pass@8827,hstark@example.com,Christopher Cruz,1974-03-08,2025-10-29,6,Dr. Neha Verma,Asthma,False,Medium,40,Levothyroxine,1 tablets,Once,5 days,119/84,75,97.4,100,Return side every management.
user117,Pass@8827,hstark@example.com,Christopher Cruz,1974-03-08,2025-11-04,6,Dr. Anil Kumar,Hypertension,False,High,48,Paracetamol,2 tablets,Thrice,8 days,137/72,60,97.7,97,Tough bed financial simple part lose leg.
user117,Pass@8827,hstark@example.com,Christopher Cruz,1974-03-08,2025-11-12,6,Dr. Priya Sharma,Diabetes,False,High,46,Metformin,2 tablets,Twice,3 days,104/76,66,98.0,94,Property several up mouth recognize.
user117,Pass@8827,hstark@example.com,Christopher Cruz,1974-03-08,2025-12-07,6,Dr. Neha Verma,Asthma,False,Low,52,Amlodipine,1 tablets,Once,9 days,118/65,88,98.6,96,Answer maybe establish line teacher.
user117,Pass@8827,hstark@example.com,Christopher Cruz,1974-03-08,2026-03-21,6,Dr. Anil Kumar,Asthma,False,High,46,Atorvastatin,1 tablets,Twice,10 days,139/67,73,100.5,92,Course color center will approach.
user118,Pass@7716,josephsmith@example.org,Kyle Daniels,1979-03-03,2025-08-22,4,Dr. Anil Kumar,Cardiac Issue,True,Medium,43,Salbutamol,2 tablets,Twice,4 days,110/84,75,100.2,95,Inside food project test factor project next.
user118,Pass@7716,josephsmith@example.org,Kyle Daniels,1979-03-03,2025-10-07,4,Dr. Kavita Reddy,Migraine,True,High,41,Paracetamol,2 tablets,Once,7 days,114/82,87,99.9,94,Read reduce own care leave opportunity might.
user118,Pass@7716,josephsmith@example.org,Kyle Daniels,1979-03-03,2026-03-04,4,Dr. Rajesh Singh,Migraine,True,Low,47,Amlodipine,2 tablets,Twice,9 days,137/90,89,97.6,92,Blood authority rise question market draw.
user118,Pass@7716,josephsmith@example.org,Kyle Daniels,1979-03-03,2026-03-24,4,Dr. Priya Sharma,Cardiac Issue,True,Medium,45,Salbutamol,1 tablets,Once,7 days,117/65,88,97.7,93,Force reach finally energy what plant.
user119,Pass@5912,smithdavid@example.org,Deborah Diaz,1962-10-25,2025-11-16,3,Dr. Anil Kumar,Hypertension,True,Medium,35,Paracetamol,1 tablets,Twice,9 days,124/76,78,100.1,96,Address news boy do.
user119,Pass@5912,smithdavid@example.org,Deborah Diaz,1962-10-25,2026-02-10,3,Dr. Anil Kumar,Thyroid Disorder,True,Low,36,Paracetamol,1 tablets,Twice,10 days,121/75,74,100.8,96,Concern whether Congress.
user119,Pass@5912,smithdavid@example.org,Deborah Diaz,1962-10-25,2026-03-05,3,Dr. Neha Verma,Asthma,True,High,44,Levothyroxine,2 tablets,Thrice,10 days,131/65,67,98.8,99,Might wish recent long hour worry character.
user120,Pass@3490,benjaminpadilla@example.net,Erin Obrien,1988-01-29,2026-01-15,2,Dr. Priya Sharma,Thyroid Disorder,False,Medium,46,Amlodipine,1 tablets,Thrice,10 days,134/79,60,99.0,98,Near commercial weight science body old.
user120,Pass@3490,benjaminpadilla@example.net,Erin Obrien,1988-01-29,2026-03-14,2,Dr. Anil Kumar,Hypertension,False,Low,45,Levothyroxine,2 tablets,Thrice,6 days,118/68,82,100.6,93,Response last worry would get leave page cost.
user121,Pass@4007,hannahjohnson@example.com,Rebecca French,1972-05-06,2025-11-11,3,Dr. Neha Verma,Thyroid Disorder,True,Medium,36,Levothyroxine,2 tablets,Twice,6 days,114/71,86,100.5,97,Indicate vote price adult entire perform indeed case.
user121,Pass@4007,hannahjohnson@example.com,Rebecca French,1972-05-06,2025-12-18,3,Dr. Anil Kumar,Diabetes,True,High,45,Salbutamol,1 tablets,Twice,4 days,120/88,98,100.3,100,Relationship week throughout player.
user121,Pass@4007,hannahjohnson@example.com,Rebecca French,1972-05-06,2026-01-16,3,Dr. Neha Verma,Diabetes,True,High,42,Amlodipine,1 tablets,Thrice,9 days,114/77,79,99.3,94,Address grow party fact mission might write political.
user122,Pass@6213,perry58@example.com,Lisa Wright,1961-12-20,2025-09-11,4,Dr. Anil Kumar,Asthma,False,Medium,52,Metformin,1 tablets,Thrice,4 days,114/64,92,100.5,96,Season red sit pretty receive force customer decision.
user122,Pass@6213,perry58@example.com,Lisa Wright,1961-12-20,2025-10-28,4,Dr. Rajesh Singh,Hypertension,False,Medium,43,Levothyroxine,2 tablets,Once,3 days,126/68,62,99.2,100,Huge scene surface memory human likely control.
user122,Pass@6213,perry58@example.com,Lisa Wright,1961-12-20,2026-03-13,4,Dr. Rajesh Singh,Cardiac Issue,False,Medium,49,Amlodipine,2 tablets,Once,8 days,115/76,100,98.5,94,Dinner mention family yet moment room.
user122,Pass@6213,perry58@example.com,Lisa Wright,1961-12-20,2026-03-28,4,Dr. Rajesh Singh,Asthma,False,High,48,Salbutamol,1 tablets,Thrice,10 days,125/76,69,98.2,99,Especially project carry will clear owner voice give.
user123,Pass@4326,matthewnixon@example.org,Christine Wright,1953-06-20,2025-12-17,3,Dr. Anil Kumar,Hypertension,True,Low,73,Salbutamol,1 tablets,Twice,5 days,135/85,73,97.2,96,Moment stop new present her.
user123,Pass@4326,matthewnixon@example.org,Christine Wright,1953-06-20,2026-02-10,3,Dr. Priya Sharma,Asthma,True,Medium,72,Paracetamol,1 tablets,Thrice,10 days,134/64,74,100.9,99,Soon natural cover air he only.
user123,Pass@4326,matthewnixon@example.org,Christine Wright,1953-06-20,2026-02-18,3,Dr. Anil Kumar,Hypertension,True,Low,77,Paracetamol,2 tablets,Twice,3 days,111/61,81,100.5,98,Expect whether single hand oil miss.
user124,Pass@2864,carterjesse@example.net,Jordan Rodriguez,1987-11-22,2025-08-18,5,Dr. Rajesh Singh,Diabetes,False,Medium,41,Metformin,2 tablets,Thrice,3 days,133/85,74,98.5,93,He must sometimes for.
user124,Pass@2864,carterjesse@example.net,Jordan Rodriguez,1987-11-22,2025-09-08,5,Dr. Kavita Reddy,Thyroid Disorder,False,Low,33,Levothyroxine,2 tablets,Thrice,8 days,105/67,76,99.3,96,Life trial method gun public industry indicate.
user124,Pass@2864,carterjesse@example.net,Jordan Rodriguez,1987-11-22,2025-11-20,5,Dr. Rajesh Singh,Asthma,False,High,35,Salbutamol,2 tablets,Twice,5 days,114/68,77,98.7,94,Save cell attorney wide bill try.
user124,Pass@2864,carterjesse@example.net,Jordan Rodriguez,1987-11-22,2025-12-07,5,Dr. Anil Kumar,Migraine,False,Medium,44,Levothyroxine,2 tablets,Twice,5 days,115/66,89,99.8,97,Whom indicate hour better.
user124,Pass@2864,carterjesse@example.net,Jordan Rodriguez,1987-11-22,2026-01-15,5,Dr. Neha Verma,Diabetes,False,High,47,Levothyroxine,1 tablets,Twice,10 days,108/61,63,99.4,94,Hand answer live approach travel happy media away.
user125,Pass@7491,bianca42@example.net,Christopher Mcdaniel,1950-07-04,2025-09-07,4,Dr. Anil Kumar,Asthma,True,Low,47,Salbutamol,1 tablets,Thrice,8 days,133/74,80,100.9,94,Believe around political Mrs rich hospital.
user125,Pass@7491,bianca42@example.net,Christopher Mcdaniel,1950-07-04,2025-10-03,4,Dr. Neha Verma,Thyroid Disorder,True,Medium,60,Salbutamol,1 tablets,Thrice,7 days,132/64,91,99.0,95,Game break report.
user125,Pass@7491,bianca42@example.net,Christopher Mcdaniel,1950-07-04,2025-10-11,4,Dr. Kavita Reddy,Migraine,True,Low,60,Amlodipine,1 tablets,Thrice,10 days,114/64,66,97.5,94,Person young step myself single throw.
user125,Pass@7491,bianca42@example.net,Christopher Mcdaniel,1950-07-04,2026-01-06,4,Dr. Anil Kumar,Migraine,True,High,53,Atorvastatin,1 tablets,Thrice,4 days,100/74,61,101.0,92,Themselves own wide business.
user126,Pass@8468,johnnymiranda@example.org,Margaret Shannon,1986-11-06,2025-09-21,5,Dr. Rajesh Singh,Migraine,True,High,42,Levothyroxine,1 tablets,Thrice,5 days,128/72,90,98.3,94,Question or large somebody garden poor nature bit.
user126,Pass@8468,johnnymiranda@example.org,Margaret Shannon,1986-11-06,2025-10-18,5,Dr. Priya Sharma,Diabetes,True,Low,47,Metformin,2 tablets,Once,4 days,124/77,61,99.5,98,Follow specific maintain activity.
user126,Pass@8468,johnnymiranda@example.org,Margaret Shannon,1986-11-06,2025-12-17,5,Dr. Kavita Reddy,Asthma,True,Medium,60,Paracetamol,2 tablets,Thrice,10 days,106/67,83,98.7,92,Professor third create guy benefit too.
user126,Pass@8468,johnnymiranda@example.org,Margaret Shannon,1986-11-06,2025-12-23,5,Dr. Kavita Reddy,Cardiac Issue,True,High,51,Levothyroxine,2 tablets,Twice,6 days,137/64,93,100.3,95,That they scientist.
user126,Pass@8468,johnnymiranda@example.org,Margaret Shannon,1986-11-06,2026-03-17,5,Dr. Neha Verma,Thyroid Disorder,True,High,55,Metformin,2 tablets,Twice,7 days,121/90,89,97.3,96,Game child suffer table.
user127,Pass@7501,roger37@example.net,Ricardo Miller,1957-10-26,2025-09-13,2,Dr. Kavita Reddy,Hypertension,False,Low,49,Metformin,2 tablets,Once,10 days,113/62,69,97.7,98,Democrat media listen international picture factor else.
user127,Pass@7501,roger37@example.net,Ricardo Miller,1957-10-26,2025-10-02,2,Dr. Rajesh Singh,Hypertension,False,Medium,57,Atorvastatin,1 tablets,Thrice,8 days,112/71,85,100.7,100,Perform past pressure two.
user128,Pass@1220,jackgoodwin@example.org,Jacob Scott,1954-05-11,2025-08-27,2,Dr. Neha Verma,Asthma,False,High,64,Amlodipine,1 tablets,Once,3 days,107/68,77,100.7,95,Right everyone since worker.
user128,Pass@1220,jackgoodwin@example.org,Jacob Scott,1954-05-11,2025-12-07,2,Dr. Priya Sharma,Hypertension,False,Medium,60,Paracetamol,2 tablets,Once,10 days,100/86,99,98.3,94,Including too child right.
user129,Pass@2043,samanthaherrera@example.com,Tina Cobb,1954-12-14,2025-12-26,4,Dr. Kavita Reddy,Thyroid Disorder,True,High,42,Paracetamol,2 tablets,Thrice,9 days,120/60,71,99.7,94,Somebody all southern partner picture fine answer.
user129,Pass@2043,samanthaherrera@example.com,Tina Cobb,1954-12-14,2025-12-28,4,Dr. Priya Sharma,Diabetes,True,High,47,Paracetamol,2 tablets,Thrice,3 days,130/62,95,98.9,96,Whether film recent foreign heart hear prove.
user129,Pass@2043,samanthaherrera@example.com,Tina Cobb,1954-12-14,2026-01-09,4,Dr. Anil Kumar,Cardiac Issue,True,Medium,52,Levothyroxine,2 tablets,Once,8 days,125/64,75,97.3,93,Stage man although time mean rest.
user129,Pass@2043,samanthaherrera@example.com,Tina Cobb,1954-12-14,2026-03-06,4,Dr. Rajesh Singh,Asthma,True,Medium,55,Salbutamol,2 tablets,Twice,7 days,132/79,93,99.9,93,Media name perhaps arrive.
user130,Pass@7074,deborahanderson@example.net,Ashley Rogers,2003-08-20,2025-10-10,5,Dr. Anil Kumar,Diabetes,False,Medium,42,Metformin,1 tablets,Once,3 days,127/61,94,98.7,97,Fill whom system affect contain three.
user130,Pass@7074,deborahanderson@example.net,Ashley Rogers,2003-08-20,2025-11-25,5,Dr. Anil Kumar,Asthma,False,Medium,33,Levothyroxine,2 tablets,Twice,10 days,106/89,82,98.5,93,Attack language pressure list guy.
user130,Pass@7074,deborahanderson@example.net,Ashley Rogers,2003-08-20,2025-12-15,5,Dr. Neha Verma,Thyroid Disorder,False,Low,33,Paracetamol,2 tablets,Thrice,3 days,131/64,69,100.6,98,Culture which book woman among Mrs region speech.
user130,Pass@7074,deborahanderson@example.net,Ashley Rogers,2003-08-20,2026-03-28,5,Dr. Priya Sharma,Thyroid Disorder,False,Low,49,Paracetamol,1 tablets,Thrice,8 days,140/63,61,97.6,97,Kind best minute particular bag foot seat.
user130,Pass@7074,deborahanderson@example.net,Ashley Rogers,2003-08-20,2026-04-02,5,Dr. Anil Kumar,Asthma,False,High,40,Metformin,1 tablets,Thrice,3 days,130/90,91,98.4,94,Everyone adult base third them.
user131,Pass@4124,loganjacqueline@example.org,James Clark,1962-05-23,2025-11-01,3,Dr. Kavita Reddy,Hypertension,False,Medium,71,Amlodipine,2 tablets,Once,7 days,127/75,95,98.7,96,First debate above study.
user131,Pass@4124,loganjacqueline@example.org,James Clark,1962-05-23,2026-03-08,3,Dr. Anil Kumar,Diabetes,False,Low,63,Salbutamol,2 tablets,Once,8 days,139/66,77,97.8,97,Performance conference any second rather environment prove.
user131,Pass@4124,loganjacqueline@example.org,James Clark,1962-05-23,2026-04-05,3,Dr. Anil Kumar,Migraine,False,High,74,Metformin,1 tablets,Thrice,3 days,100/63,76,100.8,99,Everyone relate reveal American.
user132,Pass@2097,hblack@example.com,Stephanie Black,2004-01-11,2025-10-20,2,Dr. Neha Verma,Hypertension,False,Low,35,Levothyroxine,2 tablets,Thrice,7 days,111/61,96,98.8,98,Again difficult great.
user132,Pass@2097,hblack@example.com,Stephanie Black,2004-01-11,2026-03-28,2,Dr. Neha Verma,Migraine,False,Medium,34,Atorvastatin,2 tablets,Thrice,3 days,123/90,100,100.0,100,Allow book after white admit.
user133,Pass@6143,brownryan@example.org,Micheal Clark,1999-12-31,2025-09-12,6,Dr. Anil Kumar,Asthma,False,Low,69,Amlodipine,1 tablets,Once,10 days,137/89,73,98.1,99,Adult relationship happen focus three way dream.
user133,Pass@6143,brownryan@example.org,Micheal Clark,1999-12-31,2025-12-11,6,Dr. Priya Sharma,Asthma,False,Low,75,Paracetamol,1 tablets,Twice,7 days,132/67,68,99.5,99,Decade natural indicate picture bring could spring miss.
user133,Pass@6143,brownryan@example.org,Micheal Clark,1999-12-31,2025-12-11,6,Dr. Anil Kumar,Cardiac Issue,False,Low,74,Atorvastatin,1 tablets,Twice,9 days,115/90,95,98.1,100,Board black against individual how choice future.
user133,Pass@6143,brownryan@example.org,Micheal Clark,1999-12-31,2025-12-19,6,Dr. Priya Sharma,Diabetes,False,Medium,82,Levothyroxine,2 tablets,Twice,8 days,103/82,98,98.0,99,Onto happy thank couple technology.
user133,Pass@6143,brownryan@example.org,Micheal Clark,1999-12-31,2026-01-30,6,Dr. Neha Verma,Diabetes,False,High,82,Amlodipine,1 tablets,Thrice,5 days,140/65,81,98.4,94,Again police happen hour effort teach wide.
user133,Pass@6143,brownryan@example.org,Micheal Clark,1999-12-31,2026-02-02,6,Dr. Neha Verma,Thyroid Disorder,False,High,80,Metformin,2 tablets,Twice,6 days,131/68,81,99.2,93,Cover face heart he run back.
user134,Pass@2826,frhodes@example.org,Anthony Sanchez,1970-06-02,2025-11-02,5,Dr. Rajesh Singh,Cardiac Issue,True,Medium,44,Paracetamol,2 tablets,Thrice,7 days,104/90,87,98.2,93,Identify south social.
user134,Pass@2826,frhodes@example.org,Anthony Sanchez,1970-06-02,2025-12-21,5,Dr. Priya Sharma,Hypertension,True,High,52,Levothyroxine,1 tablets,Thrice,3 days,110/84,90,98.3,100,Series party current style over report.
user134,Pass@2826,frhodes@example.org,Anthony Sanchez,1970-06-02,2025-12-27,5,Dr. Rajesh Singh,Thyroid Disorder,True,High,60,Levothyroxine,2 tablets,Twice,8 days,128/72,99,100.3,98,Possible artist social action.
user134,Pass@2826,frhodes@example.org,Anthony Sanchez,1970-06-02,2026-02-01,5,Dr. Anil Kumar,Diabetes,True,High,68,Levothyroxine,2 tablets,Thrice,6 days,127/70,78,100.5,99,Cost member less although television.
user134,Pass@2826,frhodes@example.org,Anthony Sanchez,1970-06-02,2026-02-24,5,Dr. Rajesh Singh,Migraine,True,Medium,69,Amlodipine,1 tablets,Twice,7 days,125/68,99,97.9,92,Price computer never likely.
user135,Pass@1847,tthomas@example.net,Glen Smith,1996-10-24,2025-09-05,6,Dr. Rajesh Singh,Migraine,True,High,59,Levothyroxine,1 tablets,Thrice,7 days,114/70,92,97.5,99,Surface modern such nearly.
user135,Pass@1847,tthomas@example.net,Glen Smith,1996-10-24,2025-10-13,6,Dr. Rajesh Singh,Diabetes,True,High,75,Salbutamol,1 tablets,Twice,4 days,126/85,88,100.9,97,Be ago allow matter Mrs.
user135,Pass@1847,tthomas@example.net,Glen Smith,1996-10-24,2025-11-07,6,Dr. Anil Kumar,Hypertension,True,High,72,Levothyroxine,1 tablets,Twice,10 days,127/64,83,98.7,100,Positive short field study cell.
user135,Pass@1847,tthomas@example.net,Glen Smith,1996-10-24,2025-11-11,6,Dr. Rajesh Singh,Migraine,True,Low,73,Salbutamol,1 tablets,Once,4 days,105/73,67,97.7,93,Else ok popular then.
user135,Pass@1847,tthomas@example.net,Glen Smith,1996-10-24,2025-11-27,6,Dr. Priya Sharma,Cardiac Issue,True,Medium,74,Atorvastatin,2 tablets,Thrice,5 days,110/72,91,98.9,92,Responsibility spring matter far.
user135,Pass@1847,tthomas@example.net,Glen Smith,1996-10-24,2025-12-06,6,Dr. Rajesh Singh,Asthma,True,Low,86,Salbutamol,2 tablets,Thrice,10 days,134/90,72,100.2,95,Study out third son party begin machine.
user136,Pass@1431,npham@example.org,Joshua Adkins,2002-11-07,2026-01-04,5,Dr. Kavita Reddy,Diabetes,True,Low,74,Levothyroxine,1 tablets,Twice,4 days,102/61,73,98.7,92,Bank prevent modern level.
user136,Pass@1431,npham@example.org,Joshua Adkins,2002-11-07,2026-01-25,5,Dr. Kavita Reddy,Migraine,True,High,71,Levothyroxine,2 tablets,Twice,6 days,111/72,83,98.7,99,Likely or game.
user136,Pass@1431,npham@example.org,Joshua Adkins,2002-11-07,2026-02-03,5,Dr. Priya Sharma,Migraine,True,High,72,Atorvastatin,1 tablets,Once,8 days,136/80,67,98.5,99,Several reason hand few.
user136,Pass@1431,npham@example.org,Joshua Adkins,2002-11-07,2026-02-04,5,Dr. Rajesh Singh,Asthma,True,Low,86,Amlodipine,1 tablets,Once,10 days,116/67,99,100.6,99,Happen natural involve recognize.
user136,Pass@1431,npham@example.org,Joshua Adkins,2002-11-07,2026-02-11,5,Dr. Neha Verma,Asthma,True,High,84,Atorvastatin,2 tablets,Once,4 days,124/65,90,99.7,96,Compare technology memory model.
user137,Pass@7677,nhayes@example.com,Randall Harvey,1970-01-29,2025-11-13,3,Dr. Kavita Reddy,Migraine,False,Medium,47,Amlodipine,1 tablets,Twice,3 days,132/75,75,97.9,92,Enter response cup company reality.
user137,Pass@7677,nhayes@example.com,Randall Harvey,1970-01-29,2026-01-08,3,Dr. Kavita Reddy,Asthma,False,High,53,Metformin,2 tablets,Once,9 days,106/71,96,100.4,95,Million hot whether decade job finish six.
user137,Pass@7677,nhayes@example.com,Randall Harvey,1970-01-29,2026-01-27,3,Dr. Kavita Reddy,Diabetes,False,Low,56,Atorvastatin,1 tablets,Twice,7 days,132/85,76,97.8,93,Two few majority culture whether gas.
user138,Pass@8016,montgomerybreanna@example.org,Lisa Shannon DVM,2002-11-28,2025-10-13,3,Dr. Neha Verma,Asthma,False,Low,57,Levothyroxine,2 tablets,Thrice,5 days,125/78,71,97.5,92,Event teach picture election lay.
user138,Pass@8016,montgomerybreanna@example.org,Lisa Shannon DVM,2002-11-28,2025-12-17,3,Dr. Kavita Reddy,Diabetes,False,Medium,71,Amlodipine,1 tablets,Once,6 days,114/73,73,97.8,94,Always want line throw worry never teacher.
user138,Pass@8016,montgomerybreanna@example.org,Lisa Shannon DVM,2002-11-28,2025-12-30,3,Dr. Neha Verma,Asthma,False,Low,70,Metformin,1 tablets,Thrice,5 days,102/66,62,100.6,92,Thank town police camera dog us authority rate.
user139,Pass@8217,tomsalinas@example.com,Emily Acosta,1982-12-28,2025-11-07,5,Dr. Anil Kumar,Thyroid Disorder,True,Medium,52,Atorvastatin,2 tablets,Once,9 days,117/71,61,100.9,100,Surface yet claim right maintain allow.
user139,Pass@8217,tomsalinas@example.com,Emily Acosta,1982-12-28,2025-12-18,5,Dr. Anil Kumar,Cardiac Issue,True,Low,49,Paracetamol,1 tablets,Thrice,5 days,137/66,76,97.3,96,Brother opportunity language about believe.
user139,Pass@8217,tomsalinas@example.com,Emily Acosta,1982-12-28,2025-12-25,5,Dr. Priya Sharma,Asthma,True,Medium,50,Levothyroxine,1 tablets,Thrice,8 days,111/85,77,99.9,92,Operation guess light term.
user139,Pass@8217,tomsalinas@example.com,Emily Acosta,1982-12-28,2026-02-10,5,Dr. Neha Verma,Thyroid Disorder,True,Low,54,Metformin,2 tablets,Once,3 days,135/75,72,99.3,98,Owner free recent race agent stuff.
user139,Pass@8217,tomsalinas@example.com,Emily Acosta,1982-12-28,2026-04-05,5,Dr. Anil Kumar,Hypertension,True,High,63,Levothyroxine,1 tablets,Thrice,10 days,116/74,99,98.0,96,Price eight treat seven few.
user140,Pass@9459,anthonyandrade@example.net,Andres Fletcher,1967-04-30,2025-08-10,2,Dr. Anil Kumar,Asthma,False,High,32,Paracetamol,1 tablets,Thrice,7 days,124/83,86,97.8,99,High policy indeed reason sit.
user140,Pass@9459,anthonyandrade@example.net,Andres Fletcher,1967-04-30,2025-10-08,2,Dr. Anil Kumar,Cardiac Issue,False,Low,36,Atorvastatin,2 tablets,Twice,8 days,133/73,67,99.7,93,Life agreement computer daughter.
user141,Pass@5966,bradleyjennifer@example.org,Jamie Reyes,2006-02-19,2025-09-05,5,Dr. Anil Kumar,Migraine,False,High,45,Salbutamol,2 tablets,Twice,5 days,132/83,74,100.8,92,Past president kind late particularly.
user141,Pass@5966,bradleyjennifer@example.org,Jamie Reyes,2006-02-19,2025-09-07,5,Dr. Rajesh Singh,Cardiac Issue,False,Low,50,Metformin,2 tablets,Twice,3 days,140/85,76,100.2,97,Past last hot almost two consider we.
user141,Pass@5966,bradleyjennifer@example.org,Jamie Reyes,2006-02-19,2025-10-06,5,Dr. Anil Kumar,Hypertension,False,High,50,Levothyroxine,2 tablets,Thrice,9 days,140/84,83,97.5,96,Choose pass that social sort success feeling risk.
user141,Pass@5966,bradleyjennifer@example.org,Jamie Reyes,2006-02-19,2025-10-15,5,Dr. Kavita Reddy,Migraine,False,Low,56,Levothyroxine,2 tablets,Thrice,10 days,127/67,97,99.1,99,First necessary include western name.
user141,Pass@5966,bradleyjennifer@example.org,Jamie Reyes,2006-02-19,2026-01-11,5,Dr. Priya Sharma,Hypertension,False,High,60,Amlodipine,2 tablets,Once,10 days,138/80,68,100.8,92,Song require stay according partner lot off.
user142,Pass@3912,megan95@example.com,Robert Kim,1977-10-25,2025-08-18,2,Dr. Rajesh Singh,Thyroid Disorder,True,Medium,56,Levothyroxine,2 tablets,Twice,4 days,113/79,80,98.9,94,Question field wish forward capital place sound.
user142,Pass@3912,megan95@example.com,Robert Kim,1977-10-25,2025-11-21,2,Dr. Kavita Reddy,Asthma,True,Low,58,Levothyroxine,2 tablets,Twice,4 days,138/82,69,98.9,98,Public no commercial start edge camera.
user143,Pass@4239,carterrichard@example.net,Kathleen Clark,1990-04-17,2025-08-23,4,Dr. Kavita Reddy,Cardiac Issue,False,Medium,28,Salbutamol,2 tablets,Twice,5 days,114/90,90,99.7,92,Few situation research drive resource employee specific him.
user143,Pass@4239,carterrichard@example.net,Kathleen Clark,1990-04-17,2025-10-08,4,Dr. Anil Kumar,Asthma,False,High,42,Paracetamol,2 tablets,Thrice,10 days,127/67,65,97.9,97,While sea million.
user143,Pass@4239,carterrichard@example.net,Kathleen Clark,1990-04-17,2025-10-29,4,Dr. Rajesh Singh,Thyroid Disorder,False,Medium,47,Amlodipine,1 tablets,Twice,7 days,134/90,64,100.0,96,Beyond three personal turn compare large put common.
user143,Pass@4239,carterrichard@example.net,Kathleen Clark,1990-04-17,2025-11-17,4,Dr. Priya Sharma,Asthma,False,Medium,49,Metformin,2 tablets,Twice,9 days,101/73,75,99.0,94,End evening score wall begin important argue book.
user144,Pass@2709,andreaweaver@example.net,Nathan Gutierrez,2005-04-30,2025-08-25,6,Dr. Anil Kumar,Asthma,True,Medium,55,Metformin,1 tablets,Twice,3 days,117/65,86,97.7,94,Their daughter third field member.
user144,Pass@2709,andreaweaver@example.net,Nathan Gutierrez,2005-04-30,2025-10-06,6,Dr. Kavita Reddy,Diabetes,True,High,48,Paracetamol,2 tablets,Twice,3 days,118/75,89,100.6,95,Decide pull paper movement.
user144,Pass@2709,andreaweaver@example.net,Nathan Gutierrez,2005-04-30,2025-10-25,6,Dr. Kavita Reddy,Hypertension,True,Low,61,Levothyroxine,2 tablets,Twice,4 days,129/71,76,99.2,99,Long rate would spring.
user144,Pass@2709,andreaweaver@example.net,Nathan Gutierrez,2005-04-30,2025-11-29,6,Dr. Anil Kumar,Asthma,True,Low,57,Amlodipine,2 tablets,Twice,4 days,105/63,79,97.9,93,Realize system too pay require job call standard.
user144,Pass@2709,andreaweaver@example.net,Nathan Gutierrez,2005-04-30,2025-12-08,6,Dr. Priya Sharma,Hypertension,True,High,63,Atorvastatin,1 tablets,Twice,8 days,122/68,80,99.6,98,Cover surface degree black serious.
user144,Pass@2709,andreaweaver@example.net,Nathan Gutierrez,2005-04-30,2026-01-07,6,Dr. Kavita Reddy,Migraine,True,Low,73,Paracetamol,1 tablets,Once,10 days,113/77,86,99.0,92,Box training his meeting military turn.
user145,Pass@3259,tanya54@example.org,Christopher Lee,2005-08-16,2025-09-19,2,Dr. Neha Verma,Migraine,True,Medium,45,Metformin,1 tablets,Once,4 days,103/73,89,99.5,94,That north quite message bar manage.
user145,Pass@3259,tanya54@example.org,Christopher Lee,2005-08-16,2026-01-15,2,Dr. Anil Kumar,Cardiac Issue,True,Low,36,Amlodipine,2 tablets,Thrice,5 days,106/70,60,97.1,95,Television score long join sign nice down.
user146,Pass@9149,markrojas@example.net,Jose Foster,1994-08-31,2025-08-13,4,Dr. Priya Sharma,Migraine,False,High,48,Atorvastatin,1 tablets,Twice,7 days,134/79,76,99.3,94,Why east toward unit word present.
user146,Pass@9149,markrojas@example.net,Jose Foster,1994-08-31,2025-09-07,4,Dr. Kavita Reddy,Diabetes,False,Low,67,Amlodipine,2 tablets,Once,9 days,106/76,85,98.1,98,Time safe appear him.
user146,Pass@9149,markrojas@example.net,Jose Foster,1994-08-31,2025-11-21,4,Dr. Rajesh Singh,Diabetes,False,High,64,Paracetamol,2 tablets,Twice,3 days,101/81,67,99.5,100,Open book pass area well movie third oil.
user146,Pass@9149,markrojas@example.net,Jose Foster,1994-08-31,2025-11-25,4,Dr. Rajesh Singh,Migraine,False,Medium,67,Metformin,1 tablets,Twice,6 days,116/75,74,98.9,99,They unit heavy sort ball.
user147,Pass@2064,bennettbrittney@example.com,Robin Nguyen,2001-01-08,2025-10-07,2,Dr. Priya Sharma,Migraine,True,Low,62,Amlodipine,1 tablets,Thrice,3 days,140/76,86,97.1,92,Country college grow sound.
user147,Pass@2064,bennettbrittney@example.com,Robin Nguyen,2001-01-08,2026-03-23,2,Dr. Kavita Reddy,Thyroid Disorder,True,Low,60,Paracetamol,2 tablets,Once,3 days,119/81,72,98.8,92,Happen name hit prepare herself.
user148,Pass@8977,katherinecarroll@example.org,John Alvarez,1967-01-23,2025-09-14,4,Dr. Anil Kumar,Thyroid Disorder,True,Low,41,Salbutamol,1 tablets,Once,4 days,138/84,78,100.2,99,Answer politics purpose seem.
user148,Pass@8977,katherinecarroll@example.org,John Alvarez,1967-01-23,2026-01-01,4,Dr. Neha Verma,Diabetes,True,Medium,55,Paracetamol,2 tablets,Once,4 days,138/81,84,97.6,93,Get practice even use.
user148,Pass@8977,katherinecarroll@example.org,John Alvarez,1967-01-23,2026-01-10,4,Dr. Rajesh Singh,Migraine,True,High,59,Amlodipine,1 tablets,Once,5 days,102/85,69,98.2,98,Impact newspaper response buy leg idea someone.
user148,Pass@8977,katherinecarroll@example.org,John Alvarez,1967-01-23,2026-04-03,4,Dr. Rajesh Singh,Asthma,True,Low,57,Metformin,2 tablets,Twice,10 days,138/71,86,98.8,98,Hotel produce try state born body indeed.
user149,Pass@6734,kcain@example.com,Amy Gray,1951-02-24,2026-02-10,2,Dr. Rajesh Singh,Asthma,False,High,56,Paracetamol,1 tablets,Twice,3 days,116/64,99,98.4,92,Discover study order only of day visit.
user149,Pass@6734,kcain@example.com,Amy Gray,1951-02-24,2026-03-29,2,Dr. Neha Verma,Diabetes,False,Low,57,Atorvastatin,2 tablets,Once,8 days,137/90,74,98.5,97,Behind pull card international campaign.
user150,Pass@2943,brandon01@example.com,Kathleen Bauer,1992-06-16,2025-12-08,2,Dr. Rajesh Singh,Cardiac Issue,False,Medium,65,Salbutamol,2 tablets,Once,7 days,113/85,62,99.7,98,Require prove always stock American brother throw.
user150,Pass@2943,brandon01@example.com,Kathleen Bauer,1992-06-16,2026-01-26,2,Dr. Kavita Reddy,Diabetes,False,High,67,Amlodipine,2 tablets,Once,9 days,137/84,63,98.5,97,Player what white air.
user151,Pass@9884,rothnathan@example.com,Richard Meadows,1988-02-25,2025-11-08,3,Dr. Rajesh Singh,Asthma,True,High,63,Metformin,2 tablets,Thrice,8 days,129/65,60,97.8,95,Within figure other eat.
user151,Pass@9884,rothnathan@example.com,Richard Meadows,1988-02-25,2025-11-08,3,Dr. Kavita Reddy,Cardiac Issue,True,Medium,63,Atorvastatin,1 tablets,Thrice,3 days,136/84,68,99.4,92,Friend be growth really high threat stage.
user151,Pass@9884,rothnathan@example.com,Richard Meadows,1988-02-25,2026-02-22,3,Dr. Kavita Reddy,Hypertension,True,High,73,Salbutamol,2 tablets,Twice,7 days,126/78,81,97.7,99,Then whatever seem glass travel in.
user152,Pass@4205,stacie92@example.net,William King,1982-08-16,2026-01-21,3,Dr. Priya Sharma,Migraine,True,Medium,47,Metformin,2 tablets,Thrice,6 days,103/84,60,98.0,96,Remain letter room data change clear door.
user152,Pass@4205,stacie92@example.net,William King,1982-08-16,2026-03-01,3,Dr. Neha Verma,Asthma,True,Low,39,Amlodipine,1 tablets,Once,10 days,116/63,91,97.7,96,Serve little list central form.
user152,Pass@4205,stacie92@example.net,William King,1982-08-16,2026-03-13,3,Dr. Priya Sharma,Cardiac Issue,True,Medium,55,Levothyroxine,1 tablets,Thrice,5 days,128/64,74,99.4,95,Address model energy affect.
user153,Pass@6063,vpeterson@example.org,Keith Erickson,1950-07-18,2025-10-21,2,Dr. Kavita Reddy,Cardiac Issue,False,Low,75,Metformin,1 tablets,Once,7 days,122/70,72,97.4,94,Ask none stock operation project home population special.
user153,Pass@6063,vpeterson@example.org,Keith Erickson,1950-07-18,2026-02-28,2,Dr. Anil Kumar,Asthma,False,High,81,Paracetamol,1 tablets,Thrice,8 days,137/84,89,97.2,94,From involve music why.
user154,Pass@2082,darlene12@example.com,Lisa Skinner,1998-04-11,2026-03-22,2,Dr. Neha Verma,Asthma,True,Low,51,Atorvastatin,2 tablets,Once,6 days,107/88,93,99.7,92,Have world at care after full.
user154,Pass@2082,darlene12@example.com,Lisa Skinner,1998-04-11,2026-03-24,2,Dr. Kavita Reddy,Asthma,True,Medium,52,Amlodipine,2 tablets,Twice,5 days,120/67,79,99.8,92,Toward window rest machine imagine science member investment.
user155,Pass@6242,elong@example.org,Christina Pierce,1968-02-21,2025-09-03,4,Dr. Anil Kumar,Thyroid Disorder,False,Medium,70,Amlodipine,2 tablets,Twice,8 days,116/75,66,99.8,92,Their fact him everyone north.
user155,Pass@6242,elong@example.org,Christina Pierce,1968-02-21,2025-09-05,4,Dr. Neha Verma,Hypertension,False,High,65,Atorvastatin,2 tablets,Once,3 days,102/85,92,97.9,98,Mouth test west arm skin.
user155,Pass@6242,elong@example.org,Christina Pierce,1968-02-21,2025-11-24,4,Dr. Neha Verma,Migraine,False,Low,80,Levothyroxine,2 tablets,Thrice,4 days,117/90,84,99.8,94,Including ask service whether expert.
user155,Pass@6242,elong@example.org,Christina Pierce,1968-02-21,2026-01-02,4,Dr. Rajesh Singh,Thyroid Disorder,False,Medium,78,Salbutamol,2 tablets,Twice,7 days,135/78,60,100.5,97,Administration course election service military.
user156,Pass@9913,sarah36@example.org,Yolanda Allen,1986-08-12,2025-09-13,3,Dr. Anil Kumar,Migraine,False,Medium,33,Levothyroxine,1 tablets,Thrice,3 days,139/75,61,98.4,100,Spring big member force.
user156,Pass@9913,sarah36@example.org,Yolanda Allen,1986-08-12,2025-09-17,3,Dr. Priya Sharma,Diabetes,False,Low,39,Salbutamol,1 tablets,Thrice,6 days,133/60,76,97.6,97,Rather short often no arm inside teach.
user156,Pass@9913,sarah36@example.org,Yolanda Allen,1986-08-12,2026-02-03,3,Dr. Rajesh Singh,Hypertension,False,High,42,Amlodipine,2 tablets,Once,3 days,106/80,60,100.2,99,Feel himself may win will.
user157,Pass@6064,michael60@example.net,Savannah Rodriguez,1991-10-16,2025-09-03,6,Dr. Neha Verma,Diabetes,False,High,37,Levothyroxine,1 tablets,Twice,7 days,123/60,90,97.6,93,Guy seek level line.
user157,Pass@6064,michael60@example.net,Savannah Rodriguez,1991-10-16,2025-09-20,6,Dr. Priya Sharma,Diabetes,False,Medium,44,Salbutamol,2 tablets,Twice,9 days,103/60,91,98.0,96,Sure size in study put ok.
user157,Pass@6064,michael60@example.net,Savannah Rodriguez,1991-10-16,2025-10-11,6,Dr. Priya Sharma,Diabetes,False,Medium,57,Atorvastatin,2 tablets,Twice,4 days,102/74,99,99.8,92,Wife star meet late might mean.
user157,Pass@6064,michael60@example.net,Savannah Rodriguez,1991-10-16,2025-10-15,6,Dr. Neha Verma,Diabetes,False,Low,56,Paracetamol,1 tablets,Thrice,7 days,133/68,77,99.3,94,Top real indeed cover.
user157,Pass@6064,michael60@example.net,Savannah Rodriguez,1991-10-16,2026-02-21,6,Dr. Neha Verma,Hypertension,False,Medium,50,Metformin,1 tablets,Twice,9 days,129/87,62,99.8,93,Huge economy try anyone student should could.
user157,Pass@6064,michael60@example.net,Savannah Rodriguez,1991-10-16,2026-03-15,6,Dr. Rajesh Singh,Thyroid Disorder,False,High,64,Metformin,1 tablets,Once,4 days,100/67,75,98.1,99,Visit where person three.
user158,Pass@1056,andrewmarshall@example.net,John Burnett,1978-02-20,2025-12-09,3,Dr. Anil Kumar,Thyroid Disorder,True,Medium,66,Salbutamol,2 tablets,Thrice,7 days,109/72,94,98.4,97,Quickly thought house not Republican raise increase.
user158,Pass@1056,andrewmarshall@example.net,John Burnett,1978-02-20,2026-01-18,3,Dr. Neha Verma,Thyroid Disorder,True,Medium,74,Paracetamol,2 tablets,Once,5 days,108/74,93,97.2,97,Church safe actually school.
user158,Pass@1056,andrewmarshall@example.net,John Burnett,1978-02-20,2026-03-30,3,Dr. Rajesh Singh,Diabetes,True,Low,81,Atorvastatin,2 tablets,Twice,5 days,106/86,73,97.3,100,Everybody break ground write appear unit government.
user159,Pass@4762,benjamindickson@example.net,Yvonne Spencer,1993-06-25,2025-10-29,4,Dr. Kavita Reddy,Asthma,False,Low,49,Metformin,2 tablets,Once,10 days,123/88,86,98.7,92,Hot bed society top gas air kind senior.
user159,Pass@4762,benjamindickson@example.net,Yvonne Spencer,1993-06-25,2025-11-18,4,Dr. Anil Kumar,Diabetes,False,High,40,Metformin,2 tablets,Once,3 days,111/68,88,97.2,94,Natural hundred program can each necessary yard.
user159,Pass@4762,benjamindickson@example.net,Yvonne Spencer,1993-06-25,2025-12-27,4,Dr. Rajesh Singh,Hypertension,False,Medium,44,Salbutamol,2 tablets,Twice,7 days,113/60,67,98.1,97,Throughout benefit have ask with.
user159,Pass@4762,benjamindickson@example.net,Yvonne Spencer,1993-06-25,2026-02-23,4,Dr. Neha Verma,Diabetes,False,Low,46,Levothyroxine,2 tablets,Twice,10 days,109/85,76,100.3,95,Throw sign husband mouth.
user160,Pass@9889,zmcclure@example.com,Joshua Hull,1993-08-08,2025-09-16,2,Dr. Rajesh Singh,Asthma,True,Medium,60,Amlodipine,1 tablets,Thrice,8 days,106/70,62,97.6,100,Fill large bad figure until pass skill.
user160,Pass@9889,zmcclure@example.com,Joshua Hull,1993-08-08,2026-02-26,2,Dr. Priya Sharma,Cardiac Issue,True,Medium,75,Levothyroxine,2 tablets,Twice,7 days,111/62,62,97.7,94,Particularly wait benefit college wife statement within.
user161,Pass@4287,dakota66@example.org,Darren Smith,1987-12-16,2025-10-19,3,Dr. Neha Verma,Cardiac Issue,False,Medium,60,Amlodipine,1 tablets,Once,9 days,138/64,95,99.6,96,Star certainly trouble rate instead.
user161,Pass@4287,dakota66@example.org,Darren Smith,1987-12-16,2026-02-15,3,Dr. Rajesh Singh,Thyroid Disorder,False,Medium,66,Levothyroxine,1 tablets,Once,7 days,102/77,95,100.1,93,Few indeed could benefit good lay.
user161,Pass@4287,dakota66@example.org,Darren Smith,1987-12-16,2026-02-25,3,Dr. Rajesh Singh,Migraine,False,High,76,Amlodipine,2 tablets,Once,9 days,114/62,100,99.7,93,Age about among town whatever too.
user162,Pass@4354,lmurray@example.net,Timothy Boyd,1981-02-21,2025-10-17,4,Dr. Kavita Reddy,Hypertension,False,High,71,Salbutamol,2 tablets,Thrice,4 days,119/70,88,97.8,92,Collection soldier either.
user162,Pass@4354,lmurray@example.net,Timothy Boyd,1981-02-21,2025-11-05,4,Dr. Kavita Reddy,Asthma,False,Medium,66,Metformin,2 tablets,Thrice,9 days,102/79,88,100.5,100,Total for say seat story.
user162,Pass@4354,lmurray@example.net,Timothy Boyd,1981-02-21,2026-01-02,4,Dr. Kavita Reddy,Diabetes,False,Low,71,Paracetamol,1 tablets,Twice,8 days,113/85,81,97.4,92,Watch the lawyer bring heavy.
user162,Pass@4354,lmurray@example.net,Timothy Boyd,1981-02-21,2026-01-15,4,Dr. Rajesh Singh,Hypertension,False,Low,82,Atorvastatin,2 tablets,Thrice,10 days,113/74,73,99.5,92,Over sell themselves shoulder hotel top.
user163,Pass@1268,kcooley@example.com,Justin Vazquez,1979-08-03,2025-08-13,5,Dr. Kavita Reddy,Migraine,True,High,33,Amlodipine,2 tablets,Once,6 days,137/87,83,99.0,99,Consumer then yard concern.
user163,Pass@1268,kcooley@example.com,Justin Vazquez,1979-08-03,2025-08-23,5,Dr. Priya Sharma,Migraine,True,Low,37,Atorvastatin,1 tablets,Twice,4 days,130/89,66,98.4,97,Sign serve hit back recent.
user163,Pass@1268,kcooley@example.com,Justin Vazquez,1979-08-03,2025-09-05,5,Dr. Kavita Reddy,Thyroid Disorder,True,Medium,32,Atorvastatin,1 tablets,Thrice,7 days,113/72,87,97.0,99,Generation pay culture believe fund live weight.
user163,Pass@1268,kcooley@example.com,Justin Vazquez,1979-08-03,2025-10-02,5,Dr. Priya Sharma,Diabetes,True,Medium,40,Amlodipine,1 tablets,Thrice,10 days,119/71,62,97.7,100,Hot staff middle inside heart.
user163,Pass@1268,kcooley@example.com,Justin Vazquez,1979-08-03,2025-11-17,5,Dr. Kavita Reddy,Diabetes,True,High,44,Atorvastatin,1 tablets,Thrice,3 days,129/68,80,98.7,93,Drive against animal theory seven ready value.
user164,Pass@8402,lorrainewarner@example.com,James Collier,1989-09-18,2025-10-25,3,Dr. Priya Sharma,Cardiac Issue,False,High,40,Paracetamol,2 tablets,Twice,4 days,113/90,68,97.6,100,Store dog speak season quality back garden.
user164,Pass@8402,lorrainewarner@example.com,James Collier,1989-09-18,2025-11-06,3,Dr. Anil Kumar,Asthma,False,High,48,Levothyroxine,2 tablets,Twice,6 days,140/68,67,99.0,92,Defense message be fast story fact.
user164,Pass@8402,lorrainewarner@example.com,James Collier,1989-09-18,2026-04-03,3,Dr. Neha Verma,Hypertension,False,Low,40,Levothyroxine,2 tablets,Thrice,10 days,134/61,97,98.6,98,Agreement control region factor.
user165,Pass@8008,danieldavis@example.org,Tiffany Nelson,1985-12-05,2025-09-23,3,Dr. Rajesh Singh,Thyroid Disorder,True,Medium,31,Levothyroxine,2 tablets,Thrice,7 days,127/63,71,99.3,98,Particular stuff late write race car believe.
user165,Pass@8008,danieldavis@example.org,Tiffany Nelson,1985-12-05,2025-11-02,3,Dr. Neha Verma,Hypertension,True,Low,33,Paracetamol,2 tablets,Twice,10 days,138/61,79,98.1,100,Back night military.
user165,Pass@8008,danieldavis@example.org,Tiffany Nelson,1985-12-05,2025-11-16,3,Dr. Anil Kumar,Asthma,True,Medium,42,Paracetamol,2 tablets,Once,10 days,116/64,84,98.9,95,May year employee one.
user166,Pass@1567,lpayne@example.net,Jay Johnson,1969-10-09,2025-08-14,3,Dr. Rajesh Singh,Diabetes,True,High,65,Salbutamol,2 tablets,Thrice,5 days,112/65,82,99.6,100,Out somebody should require able growth late.
user166,Pass@1567,lpayne@example.net,Jay Johnson,1969-10-09,2025-09-10,3,Dr. Rajesh Singh,Hypertension,True,Low,66,Salbutamol,2 tablets,Once,9 days,132/77,73,99.4,96,Structure around behavior down bank within produce.
user166,Pass@1567,lpayne@example.net,Jay Johnson,1969-10-09,2025-11-13,3,Dr. Neha Verma,Thyroid Disorder,True,High,66,Atorvastatin,2 tablets,Thrice,9 days,103/80,70,97.8,92,Require citizen right my never.
user167,Pass@3040,michael76@example.com,Jackson Smith,1959-04-03,2025-08-19,6,Dr. Kavita Reddy,Hypertension,True,High,43,Atorvastatin,1 tablets,Thrice,6 days,129/86,73,100.1,93,Situation entire suddenly fear choose.
user167,Pass@3040,michael76@example.com,Jackson Smith,1959-04-03,2025-08-22,6,Dr. Anil Kumar,Hypertension,True,Medium,52,Paracetamol,2 tablets,Once,5 days,125/64,78,100.9,94,Issue open pull every share never.
user167,Pass@3040,michael76@example.com,Jackson Smith,1959-04-03,2025-09-30,6,Dr. Anil Kumar,Thyroid Disorder,True,Medium,58,Atorvastatin,1 tablets,Twice,6 days,111/79,74,100.5,97,Sit wrong along ahead.
user167,Pass@3040,michael76@example.com,Jackson Smith,1959-04-03,2025-10-26,6,Dr. Rajesh Singh,Thyroid Disorder,True,High,55,Salbutamol,2 tablets,Once,4 days,131/82,79,97.3,98,Star stock nearly out kitchen year care.
user167,Pass@3040,michael76@example.com,Jackson Smith,1959-04-03,2025-11-11,6,Dr. Kavita Reddy,Cardiac Issue,True,Medium,65,Salbutamol,1 tablets,Twice,9 days,128/70,71,100.7,94,Rise determine movement hold.
user167,Pass@3040,michael76@example.com,Jackson Smith,1959-04-03,2026-03-21,6,Dr. Anil Kumar,Cardiac Issue,True,Low,65,Paracetamol,2 tablets,Once,8 days,115/82,86,99.8,99,Short feeling remain few president.
user168,Pass@1271,michaelvance@example.net,Mr. Jesse Fleming,1995-09-27,2025-10-12,5,Dr. Anil Kumar,Hypertension,True,High,50,Amlodipine,2 tablets,Twice,4 days,130/71,93,100.9,98,Report officer who personal suffer first.
user168,Pass@1271,michaelvance@example.net,Mr. Jesse Fleming,1995-09-27,2026-01-18,5,Dr. Anil Kumar,Diabetes,True,High,63,Levothyroxine,2 tablets,Twice,3 days,111/62,75,100.8,94,Majority rate rather mean usually candidate beyond.
user168,Pass@1271,michaelvance@example.net,Mr. Jesse Fleming,1995-09-27,2026-01-19,5,Dr. Anil Kumar,Hypertension,True,Low,64,Salbutamol,1 tablets,Thrice,7 days,140/82,91,99.1,92,Instead then order race.
user168,Pass@1271,michaelvance@example.net,Mr. Jesse Fleming,1995-09-27,2026-01-31,5,Dr. Kavita Reddy,Hypertension,True,Low,54,Atorvastatin,2 tablets,Thrice,6 days,100/79,78,99.7,99,Or receive Republican already morning bed.
user168,Pass@1271,michaelvance@example.net,Mr. Jesse Fleming,1995-09-27,2026-03-29,5,Dr. Anil Kumar,Asthma,True,Medium,71,Amlodipine,2 tablets,Twice,9 days,126/71,97,100.9,92,Themselves what law something particularly statement lot serve.
user169,Pass@4183,debrawilliams@example.net,William Phillips DDS,1972-05-07,2025-09-25,2,Dr. Kavita Reddy,Hypertension,True,Low,49,Paracetamol,1 tablets,Thrice,6 days,129/80,98,97.8,92,Break authority exactly country authority.
user169,Pass@4183,debrawilliams@example.net,William Phillips DDS,1972-05-07,2025-10-21,2,Dr. Neha Verma,Thyroid Disorder,True,Medium,43,Atorvastatin,2 tablets,Once,4 days,129/69,67,100.0,94,Show decide position old.
user170,Pass@8097,ethansanchez@example.com,Nicole Rivera,1987-12-15,2025-08-31,6,Dr. Anil Kumar,Diabetes,True,Medium,29,Atorvastatin,1 tablets,Thrice,6 days,137/60,98,98.9,98,Son table artist tough threat.
user170,Pass@8097,ethansanchez@example.com,Nicole Rivera,1987-12-15,2025-09-14,6,Dr. Anil Kumar,Thyroid Disorder,True,Medium,42,Amlodipine,1 tablets,Thrice,8 days,122/73,86,101.0,96,Local anyone sing against head degree material.
user170,Pass@8097,ethansanchez@example.com,Nicole Rivera,1987-12-15,2025-10-30,6,Dr. Anil Kumar,Migraine,True,Low,32,Atorvastatin,1 tablets,Once,10 days,137/68,72,100.6,95,Order fall name side chance player image.
user170,Pass@8097,ethansanchez@example.com,Nicole Rivera,1987-12-15,2025-11-21,6,Dr. Kavita Reddy,Diabetes,True,Low,47,Amlodipine,2 tablets,Twice,9 days,134/67,81,100.2,98,Each learn college management.
user170,Pass@8097,ethansanchez@example.com,Nicole Rivera,1987-12-15,2025-12-11,6,Dr. Kavita Reddy,Thyroid Disorder,True,Low,50,Amlodipine,2 tablets,Thrice,6 days,138/89,89,97.9,92,Close worker hear course girl model.
user170,Pass@8097,ethansanchez@example.com,Nicole Rivera,1987-12-15,2026-04-04,6,Dr. Neha Verma,Cardiac Issue,True,Medium,49,Levothyroxine,1 tablets,Once,7 days,107/87,94,99.6,97,There soon contain option question beautiful trouble always.
user171,Pass@3811,austinrichardson@example.net,Justin Powell,1971-08-24,2025-12-26,4,Dr. Neha Verma,Thyroid Disorder,False,High,39,Atorvastatin,2 tablets,Twice,7 days,139/63,64,98.4,97,Hour either lot great.
user171,Pass@3811,austinrichardson@example.net,Justin Powell,1971-08-24,2026-01-09,4,Dr. Rajesh Singh,Asthma,False,Low,56,Salbutamol,2 tablets,Twice,6 days,116/85,73,97.7,92,Lead staff sense decide get.
user171,Pass@3811,austinrichardson@example.net,Justin Powell,1971-08-24,2026-03-04,4,Dr. Kavita Reddy,Diabetes,False,Low,51,Metformin,1 tablets,Twice,8 days,139/75,63,99.1,96,Model position page option.
user171,Pass@3811,austinrichardson@example.net,Justin Powell,1971-08-24,2026-03-21,4,Dr. Kavita Reddy,Cardiac Issue,False,Medium,62,Levothyroxine,2 tablets,Twice,7 days,132/64,62,99.6,94,More onto crime them.
user172,Pass@7931,ehopkins@example.net,Catherine Gonzalez,1956-01-28,2025-08-14,5,Dr. Anil Kumar,Asthma,False,Medium,37,Levothyroxine,2 tablets,Thrice,10 days,125/62,65,97.8,96,Actually question be sit.
user172,Pass@7931,ehopkins@example.net,Catherine Gonzalez,1956-01-28,2025-12-07,5,Dr. Priya Sharma,Hypertension,False,Medium,39,Amlodipine,1 tablets,Thrice,3 days,127/75,78,100.2,97,Kind something shake idea represent sure way.
user172,Pass@7931,ehopkins@example.net,Catherine Gonzalez,1956-01-28,2026-01-20,5,Dr. Kavita Reddy,Cardiac Issue,False,High,43,Amlodipine,1 tablets,Once,9 days,106/83,95,98.0,94,Example remain group fall conference stuff man.
user172,Pass@7931,ehopkins@example.net,Catherine Gonzalez,1956-01-28,2026-03-20,5,Dr. Kavita Reddy,Diabetes,False,Medium,52,Paracetamol,2 tablets,Thrice,5 days,137/70,81,98.3,96,Thus yeah action ability determine necessary training.
user172,Pass@7931,ehopkins@example.net,Catherine Gonzalez,1956-01-28,2026-04-04,5,Dr. Rajesh Singh,Asthma,False,Low,52,Atorvastatin,2 tablets,Once,6 days,110/71,60,99.7,92,West forward southern many general husband paper policy.
user173,Pass@4755,bailey25@example.net,Dana Melton,1970-09-13,2025-10-26,4,Dr. Anil Kumar,Cardiac Issue,True,Medium,56,Salbutamol,1 tablets,Once,6 days,110/84,79,100.0,96,Likely PM system mother various message.
user173,Pass@4755,bailey25@example.net,Dana Melton,1970-09-13,2026-02-23,4,Dr. Priya Sharma,Diabetes,True,Low,50,Levothyroxine,2 tablets,Twice,7 days,105/84,83,98.5,95,Center fast continue prevent structure.
user173,Pass@4755,bailey25@example.net,Dana Melton,1970-09-13,2026-03-05,4,Dr. Rajesh Singh,Asthma,True,Low,55,Metformin,2 tablets,Thrice,7 days,136/75,83,100.1,92,After with kind type.
user173,Pass@4755,bailey25@example.net,Dana Melton,1970-09-13,2026-03-09,4,Dr. Priya Sharma,Cardiac Issue,True,Medium,61,Amlodipine,1 tablets,Thrice,8 days,103/78,86,97.4,94,Every sell better event early common.
user174,Pass@5058,qcook@example.com,Alan Mckinney,1985-10-06,2025-08-28,4,Dr. Neha Verma,Migraine,True,Low,36,Metformin,1 tablets,Thrice,6 days,131/82,75,98.8,100,Community realize evening design serve.
user174,Pass@5058,qcook@example.com,Alan Mckinney,1985-10-06,2026-01-23,4,Dr. Priya Sharma,Thyroid Disorder,True,High,42,Metformin,2 tablets,Thrice,6 days,100/86,70,97.4,98,Enjoy military instead eat close toward training.
user174,Pass@5058,qcook@example.com,Alan Mckinney,1985-10-06,2026-03-03,4,Dr. Kavita Reddy,Hypertension,True,High,40,Metformin,2 tablets,Once,10 days,125/85,60,98.3,98,Whose ball note question.
user174,Pass@5058,qcook@example.com,Alan Mckinney,1985-10-06,2026-03-27,4,Dr. Anil Kumar,Cardiac Issue,True,Medium,49,Levothyroxine,1 tablets,Thrice,8 days,133/89,66,98.2,96,Stand sing walk skill.
user175,Pass@4416,hannah63@example.com,Steven Sutton,1962-08-10,2025-08-31,5,Dr. Priya Sharma,Diabetes,True,High,63,Paracetamol,1 tablets,Thrice,9 days,113/78,60,100.5,99,Responsibility event expert century who society.
user175,Pass@4416,hannah63@example.com,Steven Sutton,1962-08-10,2025-09-10,5,Dr. Kavita Reddy,Hypertension,True,Low,73,Salbutamol,2 tablets,Twice,7 days,109/62,66,99.2,100,Contain between decision adult oil country popular.
user175,Pass@4416,hannah63@example.com,Steven Sutton,1962-08-10,2025-11-26,5,Dr. Kavita Reddy,Cardiac Issue,True,High,76,Paracetamol,1 tablets,Twice,5 days,100/65,86,99.5,99,Fire two bill personal direction fact.
user175,Pass@4416,hannah63@example.com,Steven Sutton,1962-08-10,2025-12-28,5,Dr. Kavita Reddy,Diabetes,True,Medium,74,Levothyroxine,2 tablets,Thrice,6 days,120/86,79,99.9,97,Great yes partner fine think upon deep.
user175,Pass@4416,hannah63@example.com,Steven Sutton,1962-08-10,2026-01-29,5,Dr. Rajesh Singh,Asthma,True,Low,86,Atorvastatin,1 tablets,Thrice,10 days,118/78,64,100.1,96,Mother factor measure left.
user176,Pass@1279,myerserin@example.org,Anthony Lawson,2000-10-22,2025-09-02,5,Dr. Kavita Reddy,Diabetes,False,Low,54,Atorvastatin,1 tablets,Twice,6 days,106/74,64,100.5,97,Speak return that clear risk.
user176,Pass@1279,myerserin@example.org,Anthony Lawson,2000-10-22,2025-12-26,5,Dr. Priya Sharma,Cardiac Issue,False,High,63,Amlodipine,1 tablets,Once,6 days,133/81,94,98.0,96,Finally your great really begin sell in.
user176,Pass@1279,myerserin@example.org,Anthony Lawson,2000-10-22,2026-01-06,5,Dr. Rajesh Singh,Thyroid Disorder,False,Medium,55,Levothyroxine,1 tablets,Once,10 days,121/82,100,97.4,99,Head trouble race key eye.
user176,Pass@1279,myerserin@example.org,Anthony Lawson,2000-10-22,2026-03-01,5,Dr. Kavita Reddy,Cardiac Issue,False,Low,62,Amlodipine,2 tablets,Twice,8 days,120/77,86,98.8,95,Manage bed politics own energy.
user176,Pass@1279,myerserin@example.org,Anthony Lawson,2000-10-22,2026-04-01,5,Dr. Anil Kumar,Migraine,False,Medium,58,Atorvastatin,2 tablets,Once,9 days,115/90,94,98.1,99,His large admit top ground right president.
user177,Pass@5568,amandagarcia@example.org,Sandy Miller,1967-10-26,2025-09-02,2,Dr. Anil Kumar,Diabetes,False,Low,34,Levothyroxine,2 tablets,Once,5 days,111/62,94,97.9,95,Bar good put kind lot.
user177,Pass@5568,amandagarcia@example.org,Sandy Miller,1967-10-26,2026-03-14,2,Dr. Rajesh Singh,Asthma,False,Medium,32,Amlodipine,2 tablets,Thrice,7 days,129/62,60,98.3,95,Mother impact owner appear consider night dinner.
user178,Pass@7845,laurathomas@example.org,Bridget Buckley,2000-10-14,2025-10-04,3,Dr. Anil Kumar,Migraine,False,High,62,Atorvastatin,1 tablets,Once,5 days,111/62,100,97.7,93,Mother plant responsibility already.
user178,Pass@7845,laurathomas@example.org,Bridget Buckley,2000-10-14,2025-12-05,3,Dr. Rajesh Singh,Cardiac Issue,False,High,68,Paracetamol,2 tablets,Twice,4 days,109/60,96,100.8,93,Weight because whose direction night.
user178,Pass@7845,laurathomas@example.org,Bridget Buckley,2000-10-14,2025-12-06,3,Dr. Priya Sharma,Diabetes,False,High,72,Salbutamol,1 tablets,Twice,4 days,100/90,61,100.9,100,Inside hotel all article fear person.
user179,Pass@2459,maria90@example.org,Grace Taylor,1956-08-21,2025-08-26,6,Dr. Rajesh Singh,Asthma,False,Low,44,Salbutamol,2 tablets,Once,9 days,138/71,97,100.4,100,Realize focus baby.
user179,Pass@2459,maria90@example.org,Grace Taylor,1956-08-21,2025-12-07,6,Dr. Neha Verma,Cardiac Issue,False,High,49,Levothyroxine,2 tablets,Once,5 days,122/81,80,97.6,92,Feel senior star offer fly half power.
user179,Pass@2459,maria90@example.org,Grace Taylor,1956-08-21,2026-01-10,6,Dr. Priya Sharma,Asthma,False,Low,50,Paracetamol,2 tablets,Twice,6 days,109/76,79,98.7,98,Help start feel newspaper pick yard.
user179,Pass@2459,maria90@example.org,Grace Taylor,1956-08-21,2026-01-11,6,Dr. Kavita Reddy,Cardiac Issue,False,Medium,60,Paracetamol,1 tablets,Thrice,6 days,133/67,93,97.9,98,This lot action thus investment outside.
user179,Pass@2459,maria90@example.org,Grace Taylor,1956-08-21,2026-02-14,6,Dr. Priya Sharma,Hypertension,False,Medium,60,Paracetamol,1 tablets,Twice,6 days,121/74,60,99.5,98,Find reflect not speak region sport very.
user179,Pass@2459,maria90@example.org,Grace Taylor,1956-08-21,2026-02-16,6,Dr. Anil Kumar,Hypertension,False,High,61,Atorvastatin,1 tablets,Once,3 days,108/78,65,98.1,94,Character beyond second one.
user180,Pass@9825,ohayes@example.org,Michael Hicks,1996-02-20,2025-09-14,6,Dr. Rajesh Singh,Asthma,True,Medium,33,Amlodipine,2 tablets,Twice,6 days,103/77,86,97.1,100,Quality fear event before.
user180,Pass@9825,ohayes@example.org,Michael Hicks,1996-02-20,2025-12-03,6,Dr. Rajesh Singh,Diabetes,True,Low,38,Atorvastatin,2 tablets,Once,7 days,130/69,96,98.9,98,Board stop civil half mission.
user180,Pass@9825,ohayes@example.org,Michael Hicks,1996-02-20,2025-12-21,6,Dr. Priya Sharma,Migraine,True,Medium,44,Amlodipine,2 tablets,Twice,6 days,114/64,75,99.6,94,Mind wonder notice song word ever.
user180,Pass@9825,ohayes@example.org,Michael Hicks,1996-02-20,2026-01-28,6,Dr. Neha Verma,Asthma,True,High,45,Metformin,1 tablets,Thrice,7 days,129/63,98,99.8,92,Reach arm hair receive out ahead near.
user180,Pass@9825,ohayes@example.org,Michael Hicks,1996-02-20,2026-02-09,6,Dr. Priya Sharma,Migraine,True,Medium,43,Salbutamol,1 tablets,Thrice,5 days,125/61,94,98.1,95,Commercial involve commercial on community production.
user180,Pass@9825,ohayes@example.org,Michael Hicks,1996-02-20,2026-02-12,6,Dr. Neha Verma,Hypertension,True,High,53,Amlodipine,2 tablets,Thrice,7 days,126/87,60,99.5,95,Successful quality leg still one suggest wrong.
user181,Pass@4870,shari76@example.com,Peter Robinson,1966-08-05,2025-12-03,3,Dr. Anil Kumar,Migraine,False,Medium,67,Paracetamol,1 tablets,Once,8 days,130/78,83,97.4,95,Memory community detail.
user181,Pass@4870,shari76@example.com,Peter Robinson,1966-08-05,2026-02-28,3,Dr. Anil Kumar,Thyroid Disorder,False,High,56,Atorvastatin,1 tablets,Thrice,4 days,120/78,66,99.2,100,Write notice possible each meet democratic me.
user181,Pass@4870,shari76@example.com,Peter Robinson,1966-08-05,2026-03-20,3,Dr. Kavita Reddy,Diabetes,False,High,63,Paracetamol,2 tablets,Once,8 days,117/63,96,98.1,95,Attorney should nice nature.
user182,Pass@2645,debrajones@example.org,Daniel Klein,1970-04-19,2025-11-01,3,Dr. Kavita Reddy,Diabetes,True,Medium,62,Levothyroxine,1 tablets,Once,9 days,131/69,95,98.3,95,Federal ball most too heavy.
user182,Pass@2645,debrajones@example.org,Daniel Klein,1970-04-19,2025-12-23,3,Dr. Rajesh Singh,Migraine,True,Medium,58,Salbutamol,2 tablets,Once,8 days,134/84,95,100.0,98,Forget create support term.
user182,Pass@2645,debrajones@example.org,Daniel Klein,1970-04-19,2026-02-03,3,Dr. Rajesh Singh,Asthma,True,High,55,Levothyroxine,1 tablets,Thrice,7 days,103/64,94,97.3,92,Student available strong determine institution organization address.
user183,Pass@4177,lori69@example.org,Mark Krueger,2003-09-08,2025-08-31,6,Dr. Anil Kumar,Diabetes,False,Medium,36,Salbutamol,1 tablets,Twice,7 days,125/74,84,97.7,96,Until sometimes set lay direction.
user183,Pass@4177,lori69@example.org,Mark Krueger,2003-09-08,2025-09-15,6,Dr. Rajesh Singh,Thyroid Disorder,False,Medium,27,Amlodipine,1 tablets,Twice,7 days,134/83,69,97.7,98,Subject another sit group do wait.
user183,Pass@4177,lori69@example.org,Mark Krueger,2003-09-08,2025-10-01,6,Dr. Anil Kumar,Thyroid Disorder,False,High,40,Levothyroxine,2 tablets,Once,8 days,116/76,93,98.8,96,Simply everything third land glass population.
user183,Pass@4177,lori69@example.org,Mark Krueger,2003-09-08,2025-10-10,6,Dr. Anil Kumar,Asthma,False,Medium,41,Atorvastatin,2 tablets,Thrice,5 days,134/89,96,97.3,95,Home best better heart which both Republican.
user183,Pass@4177,lori69@example.org,Mark Krueger,2003-09-08,2026-02-16,6,Dr. Rajesh Singh,Asthma,False,High,42,Salbutamol,2 tablets,Twice,3 days,115/72,78,98.4,95,Responsibility interest want cell ready building develop.
user183,Pass@4177,lori69@example.org,Mark Krueger,2003-09-08,2026-04-05,6,Dr. Rajesh Singh,Asthma,False,Low,44,Amlodipine,1 tablets,Thrice,3 days,130/76,72,98.7,94,Include arrive meet.
user184,Pass@5832,shepherdcharles@example.com,Rachel Turner,1996-07-16,2025-12-13,2,Dr. Priya Sharma,Asthma,True,Low,72,Metformin,1 tablets,Once,8 days,139/85,65,100.7,95,Operation court situation black feel continue.
user184,Pass@5832,shepherdcharles@example.com,Rachel Turner,1996-07-16,2026-02-14,2,Dr. Anil Kumar,Cardiac Issue,True,Medium,75,Atorvastatin,1 tablets,Once,6 days,101/82,61,99.5,97,Success lead one person where.
user185,Pass@2215,margaret90@example.net,Elizabeth Mcintyre,1957-04-26,2025-11-15,4,Dr. Priya Sharma,Hypertension,True,Medium,39,Levothyroxine,1 tablets,Thrice,8 days,104/72,92,97.1,99,Help meet government structure certain history.
user185,Pass@2215,margaret90@example.net,Elizabeth Mcintyre,1957-04-26,2025-12-04,4,Dr. Kavita Reddy,Thyroid Disorder,True,Medium,33,Atorvastatin,1 tablets,Thrice,8 days,133/68,90,98.7,96,Town truth floor water sport unit maybe.
user185,Pass@2215,margaret90@example.net,Elizabeth Mcintyre,1957-04-26,2026-01-24,4,Dr. Neha Verma,Cardiac Issue,True,Medium,40,Metformin,1 tablets,Once,9 days,108/85,74,100.1,97,Interesting institution your yes mean.
user185,Pass@2215,margaret90@example.net,Elizabeth Mcintyre,1957-04-26,2026-02-16,4,Dr. Priya Sharma,Diabetes,True,High,47,Salbutamol,1 tablets,Twice,9 days,118/69,74,98.8,93,Whether fire pay I eye peace paper.
user186,Pass@7455,kathleen59@example.net,Ashley Hansen,1990-01-02,2025-09-14,6,Dr. Priya Sharma,Diabetes,True,Medium,58,Metformin,2 tablets,Once,10 days,120/84,86,100.9,98,Role politics nice product increase sometimes.
user186,Pass@7455,kathleen59@example.net,Ashley Hansen,1990-01-02,2025-11-25,6,Dr. Priya Sharma,Thyroid Disorder,True,High,50,Metformin,1 tablets,Twice,4 days,134/63,82,98.6,95,Director phone where benefit significant which yard.
user186,Pass@7455,kathleen59@example.net,Ashley Hansen,1990-01-02,2025-12-08,6,Dr. Neha Verma,Thyroid Disorder,True,High,63,Amlodipine,2 tablets,Thrice,4 days,129/62,72,100.4,92,In baby table name experience.
user186,Pass@7455,kathleen59@example.net,Ashley Hansen,1990-01-02,2026-01-18,6,Dr. Rajesh Singh,Asthma,True,High,64,Levothyroxine,1 tablets,Twice,9 days,137/77,92,99.5,93,These we six end.
user186,Pass@7455,kathleen59@example.net,Ashley Hansen,1990-01-02,2026-02-08,6,Dr. Priya Sharma,Diabetes,True,High,60,Levothyroxine,1 tablets,Once,8 days,107/90,78,100.6,94,Consider share couple woman.
user186,Pass@7455,kathleen59@example.net,Ashley Hansen,1990-01-02,2026-04-06,6,Dr. Priya Sharma,Diabetes,True,Low,66,Amlodipine,2 tablets,Twice,6 days,126/73,97,100.7,92,Take memory fish evening both front process.
user187,Pass@2810,kathrynryan@example.net,Jamie Dickson,1968-03-08,2025-11-19,3,Dr. Neha Verma,Hypertension,False,Medium,57,Atorvastatin,1 tablets,Thrice,4 days,130/67,88,99.9,95,Apply opportunity American.
user187,Pass@2810,kathrynryan@example.net,Jamie Dickson,1968-03-08,2025-12-05,3,Dr. Anil Kumar,Cardiac Issue,False,High,74,Levothyroxine,2 tablets,Thrice,10 days,133/85,95,99.1,93,True thought style today.
user187,Pass@2810,kathrynryan@example.net,Jamie Dickson,1968-03-08,2025-12-14,3,Dr. Priya Sharma,Thyroid Disorder,False,High,74,Atorvastatin,2 tablets,Twice,8 days,105/89,70,99.5,99,Go particularly production beat huge second step.
user188,Pass@6712,kirkamanda@example.org,Renee Warner,1968-03-13,2025-11-07,3,Dr. Anil Kumar,Diabetes,False,High,44,Metformin,2 tablets,Thrice,5 days,129/62,75,97.8,96,Size fish question do.
user188,Pass@6712,kirkamanda@example.org,Renee Warner,1968-03-13,2026-01-14,3,Dr. Priya Sharma,Diabetes,False,Medium,43,Atorvastatin,2 tablets,Twice,6 days,127/75,98,97.6,96,Republican away event whose drop story catch.
user188,Pass@6712,kirkamanda@example.org,Renee Warner,1968-03-13,2026-01-19,3,Dr. Neha Verma,Thyroid Disorder,False,Medium,49,Levothyroxine,2 tablets,Once,3 days,136/76,60,98.8,98,Worry indicate language organization why individual hold.
user189,Pass@5873,anthony34@example.net,Alex Johnston,1953-06-13,2025-08-31,5,Dr. Anil Kumar,Asthma,False,Low,51,Salbutamol,2 tablets,Twice,8 days,131/79,65,97.4,99,Why take organization trial head quickly account.
user189,Pass@5873,anthony34@example.net,Alex Johnston,1953-06-13,2025-11-14,5,Dr. Kavita Reddy,Hypertension,False,Low,60,Atorvastatin,2 tablets,Thrice,5 days,109/88,98,100.7,97,We pull example different someone key trip population.
user189,Pass@5873,anthony34@example.net,Alex Johnston,1953-06-13,2025-11-14,5,Dr. Neha Verma,Migraine,False,High,49,Amlodipine,1 tablets,Once,9 days,117/77,96,97.5,98,East tough growth start.
user189,Pass@5873,anthony34@example.net,Alex Johnston,1953-06-13,2025-11-28,5,Dr. Kavita Reddy,Asthma,False,Low,67,Levothyroxine,1 tablets,Once,9 days,137/88,69,100.7,92,Must imagine perform protect stand.
user189,Pass@5873,anthony34@example.net,Alex Johnston,1953-06-13,2025-12-30,5,Dr. Priya Sharma,Thyroid Disorder,False,High,61,Atorvastatin,2 tablets,Twice,8 days,121/87,88,100.7,95,Campaign control available political high.
user190,Pass@9182,abishop@example.net,Jessica Huff,2000-12-06,2025-08-10,5,Dr. Neha Verma,Diabetes,False,Medium,48,Levothyroxine,1 tablets,Twice,9 days,107/75,95,97.4,92,Must national ask worry rate analysis him worry.
user190,Pass@9182,abishop@example.net,Jessica Huff,2000-12-06,2026-01-03,5,Dr. Neha Verma,Hypertension,False,Low,51,Amlodipine,2 tablets,Thrice,10 days,133/89,83,100.5,94,Who campaign yeah special situation.
user190,Pass@9182,abishop@example.net,Jessica Huff,2000-12-06,2026-01-15,5,Dr. Rajesh Singh,Diabetes,False,High,60,Metformin,1 tablets,Once,10 days,139/80,81,100.8,93,Mission think cultural like.
user190,Pass@9182,abishop@example.net,Jessica Huff,2000-12-06,2026-01-23,5,Dr. Kavita Reddy,Migraine,False,Medium,57,Amlodipine,2 tablets,Thrice,4 days,107/89,69,98.5,99,Leader sing store tax respond hospital white.
user190,Pass@9182,abishop@example.net,Jessica Huff,2000-12-06,2026-01-28,5,Dr. Rajesh Singh,Thyroid Disorder,False,High,68,Metformin,2 tablets,Once,7 days,107/60,75,100.4,98,Organization accept economic include one discover despite.
user191,Pass@8861,hevans@example.com,Steven Bridges,1984-03-15,2025-08-15,3,Dr. Anil Kumar,Diabetes,False,High,50,Amlodipine,2 tablets,Twice,9 days,121/61,69,100.7,100,Approach member everyone about summer economy.
user191,Pass@8861,hevans@example.com,Steven Bridges,1984-03-15,2025-09-22,3,Dr. Anil Kumar,Hypertension,False,Medium,49,Paracetamol,2 tablets,Twice,10 days,106/77,93,99.1,97,True and likely part.
user191,Pass@8861,hevans@example.com,Steven Bridges,1984-03-15,2025-10-19,3,Dr. Neha Verma,Thyroid Disorder,False,Medium,66,Amlodipine,2 tablets,Thrice,9 days,140/71,100,97.5,95,Worker tree lot sister.
user192,Pass@5071,daviskelly@example.com,Robert Howard,1979-07-29,2025-09-08,4,Dr. Anil Kumar,Migraine,False,High,50,Paracetamol,1 tablets,Twice,8 days,126/60,61,97.9,100,Many us law from himself.
user192,Pass@5071,daviskelly@example.com,Robert Howard,1979-07-29,2025-10-12,4,Dr. Priya Sharma,Migraine,False,Medium,53,Salbutamol,2 tablets,Twice,3 days,139/90,80,99.9,93,Environment present fire effort animal.
user192,Pass@5071,daviskelly@example.com,Robert Howard,1979-07-29,2025-12-28,4,Dr. Neha Verma,Diabetes,False,Medium,47,Amlodipine,1 tablets,Twice,6 days,126/85,65,97.5,94,Camera baby shoulder measure.
user192,Pass@5071,daviskelly@example.com,Robert Howard,1979-07-29,2026-01-05,4,Dr. Rajesh Singh,Thyroid Disorder,False,High,56,Levothyroxine,1 tablets,Twice,6 days,115/70,86,97.8,100,Win eight fire she card way media.
user193,Pass@2549,john74@example.net,Erin Hernandez,1968-12-22,2025-08-18,2,Dr. Kavita Reddy,Cardiac Issue,False,Medium,46,Levothyroxine,2 tablets,Twice,10 days,115/79,65,98.1,99,Cell news student current mouth away.
user193,Pass@2549,john74@example.net,Erin Hernandez,1968-12-22,2025-10-21,2,Dr. Priya Sharma,Diabetes,False,Medium,49,Atorvastatin,1 tablets,Once,3 days,128/79,67,98.3,93,Specific up chance prevent.
user194,Pass@8590,haley94@example.com,Anthony Daniels,1985-04-16,2025-10-03,5,Dr. Kavita Reddy,Diabetes,True,Low,55,Atorvastatin,1 tablets,Twice,9 days,108/80,71,97.1,100,Hope mission officer agreement easy throw ball quite.
user194,Pass@8590,haley94@example.com,Anthony Daniels,1985-04-16,2025-11-24,5,Dr. Priya Sharma,Thyroid Disorder,True,Medium,52,Paracetamol,2 tablets,Once,6 days,125/86,86,97.2,97,Certain sense leave.
user194,Pass@8590,haley94@example.com,Anthony Daniels,1985-04-16,2026-01-01,5,Dr. Priya Sharma,Asthma,True,High,55,Metformin,2 tablets,Twice,4 days,102/71,81,99.8,96,Dinner garden about why what not magazine.
user194,Pass@8590,haley94@example.com,Anthony Daniels,1985-04-16,2026-02-03,5,Dr. Kavita Reddy,Thyroid Disorder,True,Low,57,Metformin,2 tablets,Thrice,4 days,104/72,93,97.0,96,Kid measure organization difficult who off among.
user194,Pass@8590,haley94@example.com,Anthony Daniels,1985-04-16,2026-03-13,5,Dr. Kavita Reddy,Hypertension,True,High,65,Atorvastatin,2 tablets,Twice,5 days,140/82,60,99.1,92,Its outside debate play article.
user195,Pass@4224,cathy39@example.org,Kathryn Schultz DDS,1977-07-20,2025-09-18,6,Dr. Kavita Reddy,Hypertension,True,Low,37,Salbutamol,2 tablets,Once,7 days,107/82,60,99.3,93,Statement television list yet specific air end.
user195,Pass@4224,cathy39@example.org,Kathryn Schultz DDS,1977-07-20,2025-09-28,6,Dr. Anil Kumar,Thyroid Disorder,True,Medium,49,Salbutamol,1 tablets,Once,10 days,124/69,79,98.8,99,Green control against feel age list site model.
user195,Pass@4224,cathy39@example.org,Kathryn Schultz DDS,1977-07-20,2025-11-18,6,Dr. Priya Sharma,Hypertension,True,Low,50,Atorvastatin,1 tablets,Twice,7 days,125/81,66,100.1,95,Something industry Mr return research.
user195,Pass@4224,cathy39@example.org,Kathryn Schultz DDS,1977-07-20,2025-11-20,6,Dr. Neha Verma,Cardiac Issue,True,High,51,Metformin,2 tablets,Once,9 days,130/70,92,100.9,95,School color civil mean position to.
user195,Pass@4224,cathy39@example.org,Kathryn Schultz DDS,1977-07-20,2026-01-10,6,Dr. Kavita Reddy,Asthma,True,Low,59,Atorvastatin,2 tablets,Once,9 days,122/69,88,99.3,100,Stage there itself spring memory role big third.
user195,Pass@4224,cathy39@example.org,Kathryn Schultz DDS,1977-07-20,2026-01-26,6,Dr. Anil Kumar,Hypertension,True,High,50,Paracetamol,1 tablets,Twice,6 days,139/65,65,99.5,94,Raise agreement production spend.
user196,Pass@9400,xjones@example.com,Manuel King,1978-05-18,2025-10-11,2,Dr. Anil Kumar,Diabetes,True,High,56,Amlodipine,1 tablets,Thrice,9 days,105/71,93,98.2,98,Movie born number successful rather when.
user196,Pass@9400,xjones@example.com,Manuel King,1978-05-18,2025-11-25,2,Dr. Kavita Reddy,Migraine,True,Medium,55,Amlodipine,2 tablets,Once,5 days,134/72,92,97.8,96,Arm especially society.
user197,Pass@3118,jonathan36@example.org,Eric Hutchinson,1967-04-23,2025-09-20,3,Dr. Priya Sharma,Thyroid Disorder,False,Low,47,Metformin,2 tablets,Once,3 days,105/81,100,100.9,93,Industry billion stock bit practice cause cover particularly.
user197,Pass@3118,jonathan36@example.org,Eric Hutchinson,1967-04-23,2026-01-28,3,Dr. Anil Kumar,Cardiac Issue,False,High,51,Atorvastatin,1 tablets,Thrice,9 days,123/61,72,98.2,93,Speech pattern skin attack.
user197,Pass@3118,jonathan36@example.org,Eric Hutchinson,1967-04-23,2026-03-24,3,Dr. Rajesh Singh,Diabetes,False,Medium,51,Salbutamol,1 tablets,Thrice,5 days,103/79,70,97.8,94,Myself it good start bar market.
user198,Pass@7975,william57@example.com,Molly Vasquez,1984-09-18,2026-02-11,2,Dr. Neha Verma,Cardiac Issue,True,Low,44,Levothyroxine,2 tablets,Thrice,7 days,133/71,78,98.7,96,Against wait realize certainly remember possible.
user198,Pass@7975,william57@example.com,Molly Vasquez,1984-09-18,2026-03-01,2,Dr. Rajesh Singh,Cardiac Issue,True,Low,33,Atorvastatin,1 tablets,Twice,10 days,116/63,61,100.9,100,Sign significant world computer.
user199,Pass@4434,whitejames@example.net,Frank Brooks,1991-09-28,2025-08-25,3,Dr. Neha Verma,Migraine,True,Low,40,Levothyroxine,2 tablets,Twice,7 days,115/84,92,99.0,92,Expect impact might forget speak then meeting.
user199,Pass@4434,whitejames@example.net,Frank Brooks,1991-09-28,2025-11-19,3,Dr. Rajesh Singh,Asthma,True,Medium,51,Amlodipine,2 tablets,Twice,10 days,106/70,86,98.0,100,National side entire decision choice.
user199,Pass@4434,whitejames@example.net,Frank Brooks,1991-09-28,2026-03-03,3,Dr. Anil Kumar,Thyroid Disorder,True,Medium,50,Paracetamol,1 tablets,Once,10 days,107/75,72,98.7,100,Radio author word pretty.
user200,Pass@1536,mary20@example.com,Monica Brown,1985-03-25,2026-02-15,2,Dr. Rajesh Singh,Hypertension,True,Medium,59,Salbutamol,2 tablets,Thrice,10 days,117/63,97,100.3,97,Computer head media head stand section along.
user200,Pass@1536,mary20@example.com,Monica Brown,1985-03-25,2026-03-01,2,Dr. Kavita Reddy,Migraine,True,Medium,60,Atorvastatin,1 tablets,Twice,3 days,119/77,79,98.8,93,Word within fund stuff measure.
